batch,cell_id,role,cv_fold,cycle_life,charging_policy,source_file,early_records,empty_early_records,input_max_cycle,mean_QD,std_QD,mean_IR,valid_IR_records,mean_Tavg,mean_Tmax,mean_chargetime,median_chargetime,delta_Q_mean,delta_Q_min,delta_Q_var,log10_delta_Q_var,delta_status,C1,switch_SOC,C2,has_newstructure,early_drop_per100,model_eligible,label_status,label_eligible,audit_reason,qd_initial_median,qd_fraction_change,ir_change,ir_fraction_change,tavg_change,temperature_spread,first_window_ir_count,last_window_ir_count,change_feature_max_cycle,delta_Q_iqr,log10_delta_Q_iqr,dq_000,dq_001,dq_002,dq_003,dq_004,dq_005,dq_006,dq_007,dq_008,dq_009,dq_010,dq_011,dq_012,dq_013,dq_014,dq_015,dq_016,dq_017,dq_018,dq_019,dq_020,dq_021,dq_022,dq_023,dq_024,dq_025,dq_026,dq_027,dq_028,dq_029,dq_030,dq_031,dq_032,dq_033,dq_034,dq_035,dq_036,dq_037,dq_038,dq_039,dq_040,dq_041,dq_042,dq_043,dq_044,dq_045,dq_046,dq_047,dq_048,dq_049,dq_050,dq_051,dq_052,dq_053,dq_054,dq_055,dq_056,dq_057,dq_058,dq_059,dq_060,dq_061,dq_062,dq_063,dq_064,dq_065,dq_066,dq_067,dq_068,dq_069,dq_070,dq_071,dq_072,dq_073,dq_074,dq_075,dq_076,dq_077,dq_078,dq_079,dq_080,dq_081,dq_082,dq_083,dq_084,dq_085,dq_086,dq_087,dq_088,dq_089,dq_090,dq_091,dq_092,dq_093,dq_094,dq_095,dq_096,dq_097,dq_098,dq_099
Batch1,11,development,1.0,788.0,5.4C(50%)-3C,2017-05-12_batchdata_updated_struct_errorcorrect.mat,99,1,100.0,1.060083885858586,0.0014342920160654,0.0162007278265306,98,32.75932260623101,36.23175358585859,11.684114427609464,11.652381666667257,-0.0083782051025299,-0.0236915130336226,7.130228856858242e-05,-4.146896530502188,ok,5.4,50.0,3.0,False,-0.0004718680522376,True,stop_boundary_asprovided,True,Raw label equals observed max+1 and endpoint is within 0.005 Ah above threshold; exact crossing unobserved.,1.0594341,0.0005407603927416,0.0001440525,0.0089305926447354,-0.0077517938772402,3.45242743250445,10,11,100.0,0.01624099329191237,-1.7893874130255916,-3.5276708983686476e-06,1.212840315369923e-05,-4.569679916052445e-06,-8.88287456147043e-06,-1.7756254447660056e-05,-1.9720758424802975e-05,-2.628367341936085e-05,-2.996854530873134e-05,-3.557658282290956e-05,-5.414910620457625e-05,-5.439738412426828e-05,-8.88642715323627e-05,-7.80142669351766e-05,-0.00011504732188528065,-0.00011156019951008914,-0.00017536497334341358,-0.00021155577844975126,-0.0003846458457715668,-0.0005535613678747317,-0.001069251445934151,-0.0020320257428762464,-0.006655861278880723,-0.01375795716276293,-0.017456748159630386,-0.01801626060369793,-0.018395415030546036,-0.019485762952386187,-0.021056440098023432,-0.022092186233969024,-0.022183837776119986,-0.022403955308249013,-0.02251670985677101,-0.02236680823384607,-0.022946302904425675,-0.023439426040886113,-0.023494807190509004,-0.023388744217303414,-0.023203654369608917,-0.022654463744171127,-0.02265158223850272,-0.022236622405773843,-0.021561927336304354,-0.02102134796763888,-0.02026365247806594,-0.019478966936942954,-0.01868207759854823,-0.017973788337022456,-0.016937152111467513,-0.016304715596042962,-0.0154619657434526,-0.014688128641376696,-0.01394061194625451,-0.013308276858636114,-0.012628614846226571,-0.011979370324535665,-0.011403551689003422,-0.010850178451202952,-0.010244533838157821,-0.009893314328736524,-0.009374740076856236,-0.008866341767106434,-0.008323076039581823,-0.007949344207363485,-0.007457464180006923,-0.007139080677833087,-0.006736814552603221,-0.0064380340063374675,-0.006062528145540869,-0.005746800693574361,-0.005387624069630226,-0.005119267363392854,-0.0048586415671949545,-0.004575081407284021,-0.004291887101112168,-0.00401215958178347,-0.0038265233486196593,-0.0038198523176586896,-0.003440621112447806,-0.0032132485770663965,-0.0030041256794877125,-0.0027654402604393447,-0.0026682413205474376,-0.002589083082732424,-0.002098407300264782,-0.001972807543994426,-0.00177306844531544,-0.001597584135147656,-0.0013693974267157127,-0.0011447683700693823,-0.0009434943840136434,-0.0007563916152040218,-0.0006195405898554718,-0.0004569603256858734,-0.0001594162889158035,-4.326105882146436e-05,0.00014562563213393886,0.0003053973526736531,0.00032418584344573453,0.00047070528147452606,0.0005818342431713752
Batch1,14,development,2.0,880.0,5.4C(60%)-3C,2017-05-12_batchdata_updated_struct_errorcorrect.mat,99,1,100.0,1.0761029171717171,0.001227002833192,0.0169750018383838,99,33.07746279993842,36.63094507070707,14.925935387205389,10.763341666666626,-0.0119462182234678,-0.0282939556930506,8.993529426869348e-05,-4.046069839990279,ok,5.4,60.0,3.0,False,-0.0013099592291774,True,stop_boundary_asprovided,True,Raw label equals observed max+1 and endpoint is within 0.005 Ah above threshold; exact crossing unobserved.,1.0752021,0.0010094846354931,0.000125098,0.007395917790133,-0.057790484813232,3.550395557021737,11,11,100.0,0.017749356230771438,-1.7508173941860028,-2.5345001824900225e-05,-1.554211108804925e-05,-9.660010901774369e-06,-3.3642056801169305e-05,-2.7415708189711336e-05,-3.9746500915564245e-05,-3.6713689042383764e-05,-5.2324680177656246e-05,-5.599146463969307e-05,-7.060313142232075e-05,-8.13624084279813e-05,-7.855965923554697e-05,-7.808461489050914e-05,-0.00013633276092960347,-0.0001731371721454076,-0.0001598728109921295,-0.0002336607677527157,-0.00036103933134016414,-0.000600307909283275,-0.0010097616655877426,-0.0018948126599193094,-0.004828280166889215,-0.012244189379067391,-0.01798531066695319,-0.019285201498034588,-0.020215639765162774,-0.021108491510218153,-0.022826794693616814,-0.023352238803123093,-0.023207675382690418,-0.02383229870713799,-0.023909253957167698,-0.02440382263430174,-0.024933764036321082,-0.025728902517292207,-0.02636804097080614,-0.027059081587349376,-0.02751918086594407,-0.02794701561473767,-0.028154178273916863,-0.028092623770860303,-0.027894873509925144,-0.027613681024405312,-0.026923753223206615,-0.026286711802195106,-0.025467779804363766,-0.02466584606646094,-0.023979953229391282,-0.023111225284048964,-0.022197699220771194,-0.02133471883419802,-0.02051253431658595,-0.019825653473739102,-0.019027894543880652,-0.018344416192041413,-0.017693368901173567,-0.017027106520119295,-0.016530469685047233,-0.01589977619394589,-0.015215943833629897,-0.014719282686015411,-0.014242763660213154,-0.013684671112308866,-0.013277209382506205,-0.012753091905994385,-0.012362080749107607,-0.01198239129769818,-0.011730052050343387,-0.011302034668738248,-0.01092117010855409,-0.010568862230427634,-0.01026145305754289,-0.009973092109367032,-0.0096770978612859,-0.009336186424701909,-0.009159335342081798,-0.008833367646556844,-0.008679641277750116,-0.008377046719888703,-0.008051060749157513,-0.0077194402747307045,-0.007545548498226751,-0.007197450397294691,-0.0067581240065164305,-0.006497130977385357,-0.006207300776733593,-0.005857590024197279,-0.00556115394346568,-0.005279652803676704,-0.004921046693822095,-0.004553080899480255,-0.004282540685094149,-0.004032211080965631,-0.0037494730996243675,-0.0035619544648464174,-0.0032021730337969956,-0.0030878518720756087,-0.002836385391639329,-0.002723121154550201,-0.0025379028630776457
Batch1,15,development,3.0,719.0,5.4C(60%)-3C,2017-05-12_batchdata_updated_struct_errorcorrect.mat,99,1,100.0,1.0676568858585858,0.001400799907925,0.0168399864343434,99,33.147720104395674,37.05618863636363,14.92770846801342,10.76351999999994,-0.0110130893131804,-0.028944554696785,9.595130743781206e-05,-4.017949103167607,ok,5.4,60.0,3.0,False,-0.0013269057971015,True,stop_boundary_asprovided,True,Raw label equals observed max+1 and endpoint is within 0.005 Ah above threshold; exact crossing unobserved.,1.0666022,0.0011756960561304,0.0002147779999999,0.0128484335539026,0.0866806654839749,3.930631373382574,11,11,100.0,0.018840998077237586,-1.7248960947514418,-0.00018869907558586622,-0.00013308520952614474,-0.00014994930615490053,-0.00014416547075929952,-0.00014342643777140202,-0.00016410461636209503,-0.00015704347748020592,-0.00018552969507984723,-0.00019313506255961036,-0.00019407057939813555,-0.00022107039066758365,-0.00023363320258933985,-0.00025680173056728296,-0.00028398755968228606,-0.00027872659853460033,-0.00036274748417620267,-0.0003942971573512796,-0.0005410460845290954,-0.000735947908470775,-0.0011571087283695006,-0.00216427454803729,-0.005364414491873401,-0.013734071043011303,-0.019011962094759444,-0.021077620241601425,-0.020422979733367153,-0.020824329605432124,-0.02257798137237832,-0.023619848375037056,-0.02385184855457223,-0.02405904864058872,-0.02475831639571313,-0.02518531520895495,-0.025330865542134595,-0.026494461596430763,-0.027578623569924243,-0.028086825337101717,-0.028694518535669178,-0.02880545156491532,-0.02873420640561941,-0.02835328038589835,-0.027992068339249165,-0.027319020865266275,-0.026484117762890724,-0.025527715858259636,-0.02476706696174935,-0.023703401972914984,-0.022608122368121486,-0.021701896881758276,-0.020716214685319367,-0.019627115934166883,-0.01892725362211445,-0.018068429859211532,-0.017271431212892097,-0.016568977115732242,-0.01573546980215612,-0.015131656347325384,-0.014375039883721685,-0.013859135887970941,-0.013140535451316326,-0.01267605767343749,-0.011986247928550409,-0.011603601841726041,-0.011060553611593305,-0.010549105970340422,-0.010224828849335177,-0.009818933909267358,-0.009357207885629881,-0.008913218346700225,-0.008596362775199262,-0.008249888035071873,-0.007902473151754519,-0.007514214371832306,-0.007315449490468584,-0.007005811485203406,-0.006604797503364068,-0.006430832175296164,-0.006175268020249813,-0.005991499999848049,-0.005696968683710724,-0.0054550831535067346,-0.004986313631454742,-0.004894339060169672,-0.004521950113257844,-0.004350390827199568,-0.004048507255898226,-0.00373382043843673,-0.0034135759865303594,-0.00321104141699724,-0.002936824564776508,-0.0026601515403434917,-0.0024285990425136905,-0.002258697174839064,-0.0019406994164770097,-0.0017430877713582316,-0.0016187212974521081,-0.0013471540517198122,-0.0011823937604884538,-0.0010701902809568953,-0.0009448339527269312
Batch1,16,development,3.0,862.0,5.4C(60%)-3.6C,2017-05-12_batchdata_updated_struct_errorcorrect.mat,99,1,100.0,1.0864695565656566,0.001203283189577,0.0166975241428571,98,32.41716254671688,35.85141423232323,10.12547436026938,10.09699833333337,-0.0124038061637924,-0.0276066748423711,7.954013514589506e-05,-4.099413675443745,ok,5.4,60.0,3.6,False,-0.0010787977384932,True,stop_boundary_asprovided,True,Raw label equals observed max+1 and endpoint is within 0.005 Ah above threshold; exact crossing unobserved.,1.0856069,0.0007585618698629,0.0001557374999999,0.0093545713663169,0.1036509218648049,3.463240815227522,10,11,100.0,0.01527241486448705,-1.8160922871477645,-0.00017286325130918433,-9.851986502294673e-05,-0.00010842569332859334,-0.0001159894634786419,-0.00012057534226179415,-0.000124855005516313,-0.0001370219254597715,-0.00013794736557241286,-0.00014647654044226037,-0.0001509158817112428,-0.00016040652147211992,-0.0001831816791779328,-0.0001770218970138463,-0.0002161012283084067,-0.0002522803821000206,-0.00027792617771018636,-0.00034648285452399535,-0.00042838591840529266,-0.0006699394913917828,-0.0010402354730402602,-0.0017111989290856389,-0.004445998343298688,-0.010963597144529089,-0.014952162999433666,-0.0171806737728889,-0.01816246307151481,-0.01870250766427395,-0.019801137267860702,-0.020509491168773097,-0.02106119212793056,-0.021729846638308903,-0.021242830862052142,-0.02183405077507783,-0.02266497619442165,-0.02408340347355309,-0.02500344096817586,-0.026082038416934794,-0.02699376236001949,-0.027219234994878327,-0.027396691038182652,-0.027606674842371115,-0.027387551216752626,-0.02725874342590784,-0.026623976146873507,-0.026216866524851445,-0.025545493394218854,-0.025113625102899828,-0.024240026333932296,-0.023471910541507213,-0.022920717109859545,-0.02204341030621959,-0.021390675863031783,-0.020620330575444212,-0.020060308128881932,-0.019350330859201792,-0.018818920489609425,-0.018255089054370455,-0.01769079564135634,-0.017021486038739653,-0.016443814192804274,-0.01604175063180535,-0.01540763629545383,-0.015052919990025115,-0.014600320878908724,-0.01426613229355933,-0.013796181439453603,-0.013606114141596848,-0.013087029489775581,-0.012816852096541709,-0.012497246710669874,-0.012185933353981104,-0.011802579830118676,-0.011495951729341147,-0.011309134026635581,-0.011179158710765247,-0.010885659073427645,-0.010467208317927135,-0.010311714806180872,-0.01002731438147908,-0.009723905562025736,-0.009613298602635822,-0.009190961909489426,-0.008878996036867592,-0.00847359544314874,-0.008127346489316789,-0.007859541593338237,-0.007601878380498306,-0.007265982344595967,-0.007004484834731706,-0.0067000496050482194,-0.006428719473196898,-0.006237465512340279,-0.005963783257093791,-0.005613439206504367,-0.005503885404256614,-0.005148295357048749,-0.005048963293105446,-0.004821190299386213,-0.004642287638771725,-0.004475491111722851
Batch1,17,development,3.0,857.0,5.4C(60%)-3.6C,2017-05-12_batchdata_updated_struct_errorcorrect.mat,99,1,100.0,1.0771062363636363,0.0010541182453571,0.0166762275353535,99,32.088753858534446,35.43276257575758,10.13811205387206,10.103795000000051,-0.0133431157573995,-0.0310679671089385,0.0001071125969275,-3.970159451162403,ok,5.4,60.0,3.6,False,-0.0004198623984715,True,stop_boundary_asprovided,True,Raw label equals observed max+1 and endpoint is within 0.005 Ah above threshold; exact crossing unobserved.,1.076528,0.0005099728014507,0.000165636,0.0099644953640876,0.1376884130836977,3.3277543302583865,11,11,100.0,0.018602813721127237,-1.7304213627100131,-4.394488551540609e-05,-2.9267299391098152e-05,-1.5841950119365806e-05,-2.2981495204406387e-05,-1.6227261784517192e-05,-2.543892280658486e-05,-3.4445064657089713e-05,-3.7881363002621044e-05,-5.5819191920962116e-05,-5.7639505225050985e-05,-6.937716447559094e-05,-8.209262186017856e-05,-0.00012624781687086035,-0.0001404816647798176,-0.00016350336495290704,-0.00020409873559998,-0.0002765110914707304,-0.0003989700138959558,-0.0005877257796118099,-0.000972520230329614,-0.0018147588899259381,-0.004451065242431482,-0.012010118806469003,-0.017998010023750066,-0.02091445826536531,-0.022786317371242315,-0.022882076411567642,-0.023796496694366454,-0.024921663101918345,-0.02565601606118828,-0.025941638110558718,-0.026140721652409438,-0.02664907423919738,-0.027497108469316633,-0.02830080400816093,-0.029566508573713457,-0.030209341976221715,-0.03079577994097893,-0.03099369689886544,-0.03106170537918318,-0.03084903093025082,-0.03040232628412165,-0.030166361776190698,-0.029507848786866298,-0.028868951299143464,-0.028104809042553414,-0.027296959478967375,-0.026442271398091965,-0.025634101191262748,-0.02479261693144641,-0.02372000607630398,-0.02289329503275539,-0.02213358800081222,-0.02127493893655852,-0.020559911092202787,-0.019648705575421754,-0.0191308230489029,-0.018497260324564335,-0.01765566378821193,-0.017114733746817823,-0.01651110995028504,-0.01594840467758396,-0.015480811301062047,-0.014917450972775859,-0.014460402199927058,-0.013958887481189786,-0.013446966947762373,-0.013237493139639733,-0.012759846265711916,-0.012380252015845361,-0.012113068096055946,-0.011692658149510038,-0.01126472287694047,-0.01112545209788407,-0.01083041666244311,-0.010509942322458388,-0.010181846274141426,-0.009895360563237032,-0.009623793689685467,-0.009324379108503145,-0.008980353845687628,-0.00875562689688869,-0.008399623419428792,-0.007954575516025963,-0.007689658342368677,-0.007229763918716436,-0.006958041818545535,-0.006634065870450234,-0.006311197549163872,-0.005968940727838268,-0.005824340229690028,-0.005525286972400734,-0.005171696205964027,-0.0048776062313571344,-0.004639989948995504,-0.00452219792387587,-0.0043275491002148225,-0.004062581024497858,-0.0039051264987133294,-0.003769687040458658
Batch1,18,development,3.0,691.0,5.4C(70%)-3C,2017-05-12_batchdata_updated_struct_errorcorrect.mat,99,1,100.0,1.086443382828283,0.1825211816014715,0.0180047544141414,99,31.831057275618026,35.415118353535355,9.925956313131316,9.957751666666688,-0.0207023868033387,-0.0441332154082728,0.0002238305979209,-3.650080545153841,ok,5.4,70.0,3.0,False,0.006284574136009,True,stop_boundary_asprovided,True,Raw label equals observed max+1 and endpoint is within 0.005 Ah above threshold; exact crossing unobserved.,1.0698264,-0.0046579519817419,-0.00396805,-0.1995385527964915,1.0295345259515436,3.660829321718485,11,11,100.0,0.025720076815540005,-1.5897277386826782,-3.779029412399277e-05,-1.1728232262020686e-05,-2.0789921180868625e-05,-2.0930082262660284e-05,-3.403893972896187e-05,-3.1400949714744785e-05,-3.1266111395862866e-05,-2.8925765099203134e-05,-5.315723916750857e-05,-4.3354445807596356e-05,-7.147458368091109e-05,-8.466453976556983e-05,-8.935082427269543e-05,-0.00014005195975742152,-0.0001618822877357904,-0.00019185134148590015,-0.00030940306671335335,-0.00040492914545550013,-0.0006634296827589502,-0.0011034691722627415,-0.0023036429841776507,-0.0056317759468503675,-0.01583067065440713,-0.026071099255773944,-0.030651823695527103,-0.032364216817788116,-0.03366762823160091,-0.034877521315698046,-0.03649188585450036,-0.037357168151957554,-0.03820973776918757,-0.03865978759309552,-0.03882430073332244,-0.039611230439603795,-0.040545613754144116,-0.04159011580063632,-0.04259695985700751,-0.043443411617996364,-0.043854805329365476,-0.044114654327873315,-0.04406390527654569,-0.04406129052705765,-0.043564147992167346,-0.04312272466704514,-0.042484385995981255,-0.04170232230584503,-0.04066641690863426,-0.03984948452523662,-0.038855064518192206,-0.03774358178802495,-0.036459873408240195,-0.03548841801003544,-0.03444614761871889,-0.033431454228295854,-0.032467181850004856,-0.03144381589953704,-0.03069729012013722,-0.02969793922113062,-0.02887912829947381,-0.028127231364132976,-0.02736942924419894,-0.026491166400816946,-0.025814705446528974,-0.02518466852273904,-0.02446695631049911,-0.023962597454786128,-0.023298037818730633,-0.022733069567361763,-0.022311426065174667,-0.021691274323112353,-0.021231475867935945,-0.02085867981128997,-0.02025283186149429,-0.019844231004637836,-0.019272722892708094,-0.018660175357722686,-0.01811587795044889,-0.017268392151611467,-0.01651369752822407,-0.015686709962455803,-0.014921099165905671,-0.014114545054579875,-0.013523015868821542,-0.012872008075268004,-0.012319608790878567,-0.011843526931587522,-0.011491910265134297,-0.01108271229450497,-0.010718185010175407,-0.010467178086584594,-0.010327898141612613,-0.009946406828754917,-0.009810154033464746,-0.009587825481699452,-0.009361749925400842,-0.009201583822387116,-0.009004098733881305,-0.008853435005260035,-0.008802101989078714,-0.008717841863585152
Batch1,19,development,5.0,788.0,5.4C(70%)-3C,2017-05-12_batchdata_updated_struct_errorcorrect.mat,99,1,100.0,1.0883684717171715,0.0007718216160143,0.016324869080808,99,33.044085397077396,36.83902758585858,9.930255336700304,9.957913333333272,-0.0201062748217697,-0.0458926934265084,0.0002399347614457,-3.6199068274368353,ok,5.4,70.0,3.0,False,0.0020675113075324,True,stop_boundary_asprovided,True,Raw label equals observed max+1 and endpoint is within 0.005 Ah above threshold; exact crossing unobserved.,1.0889834,-0.0016344601763443,0.0001155699999999,0.0071015434688873,0.0899664503110457,3.7905915782568087,11,11,100.0,0.02687742726091924,-1.5706123048094454,-1.5103677165186698e-06,1.4883683989650305e-05,3.929690735808133e-07,-8.981182996423056e-06,-1.6610349211593906e-05,-2.3448794746937663e-05,-2.896408255413912e-05,-4.63752307803063e-05,-7.240563420575323e-05,-8.635223580327842e-05,-0.00010460754440054423,-0.00012904650569365433,-0.00018346875174146508,-0.0002391905665854975,-0.0002935093425553287,-0.00037204190413465607,-0.0005194270902092631,-0.0006909198333282483,-0.001114783311609687,-0.0018195943114238944,-0.0035602801356671987,-0.00881536456420226,-0.021917702161859898,-0.03245808542654299,-0.03669622932345712,-0.03909603125558414,-0.04003108648485593,-0.04138180858599405,-0.0424623480160925,-0.04343094776159684,-0.04398422637056165,-0.04413099935446663,-0.04442910041123771,-0.044606603710823145,-0.04529474020152657,-0.04589269342650848,-0.04570147140426739,-0.045366960351667984,-0.04489787515272514,-0.044422382328983545,-0.0434139959126596,-0.042554422411853254,-0.04166354902108571,-0.04064600920536443,-0.039500458507843894,-0.038440808353670586,-0.03717425895563098,-0.036123504751218616,-0.03495508758758337,-0.033861062615343385,-0.03280377862610784,-0.0315877026864102,-0.03073890610717467,-0.029600342822162506,-0.02873316776022916,-0.02778964098310155,-0.026965706098688536,-0.0261119594763628,-0.025283165451746914,-0.024566907520686687,-0.023796335070604302,-0.023011496128888753,-0.022297681141869585,-0.02171943541305077,-0.021106968915272084,-0.020675281293576875,-0.020111379433321863,-0.019561847724008485,-0.01900275224806136,-0.018634362720831632,-0.01812847214612545,-0.01776449152507431,-0.01721162059986492,-0.016963217860937796,-0.01643994544233407,-0.015983345347705402,-0.015564577211882646,-0.014970323303373334,-0.014510798076790232,-0.013754831569823045,-0.013185212050281114,-0.01258012896244498,-0.01210580470948086,-0.011323540077311733,-0.010943252900996958,-0.01049056764926104,-0.010116078892194569,-0.009667034430292043,-0.00947163805778617,-0.009001578395538612,-0.008930908819052341,-0.0085228817476517,-0.008372403639523407,-0.008065046779057505,-0.007933640008480847,-0.00774795257834926,-0.007541832838493523,-0.007397329315327328,-0.007231009535684896,-0.007128244580230314
Batch1,20,development,5.0,534.0,5.4C(80%)-5.4C,2017-05-12_batchdata_updated_struct_errorcorrect.mat,99,1,100.0,1.0698410858585858,0.0041844104195436,0.0152103660918367,98,32.15292201754506,34.92834715151515,9.027207626262616,9.006340000000394,-0.0327959830071476,-0.0635804268966032,0.0004293016817129,-3.367237410245857,ok,5.4,80.0,5.4,False,0.015266872193025,True,stop_boundary_asprovided,True,Raw label equals observed max+1 and endpoint is within 0.005 Ah above threshold; exact crossing unobserved.,1.0741806,-0.010897422649413,-0.000195357,-0.0127269481761083,-0.1377150344910873,2.782970970287863,10,11,100.0,0.02992010792310531,-1.524036844286033,3.624536925720686e-06,1.6610205652761712e-05,4.073369986071023e-06,-1.732717379336157e-05,-2.352833341850752e-05,-3.615605777181324e-05,-6.31757925096542e-05,-7.556132596967706e-05,-9.69493796953132e-05,-0.0001380225619360704,-0.00017371149562021328,-0.00022167678620193393,-0.00026420944066932357,-0.0003464008707138085,-0.00040265793223098235,-0.0005840527482263887,-0.0007888467016811535,-0.0010522275007557383,-0.0016348650991998767,-0.002981377393508386,-0.00572843564537915,-0.015722416801379355,-0.03732373102951722,-0.05062235360758319,-0.053843681496772655,-0.05328310329696345,-0.053363788540860824,-0.05536717562918292,-0.05807160892459384,-0.05930675787092865,-0.059687838746744215,-0.0605838361184563,-0.061194664751475614,-0.062372166046137045,-0.06296523328088,-0.06345707005467771,-0.06345393651406084,-0.06325887028618726,-0.0628483280172274,-0.0619896867416696,-0.061236817363157336,-0.060292186787206825,-0.05930719422266484,-0.05817018222431036,-0.056831990036905866,-0.05567625544215282,-0.05432969283947586,-0.05307109974138291,-0.05196708244852477,-0.05066311958625014,-0.04944359502441631,-0.048455587888548424,-0.04718760631382446,-0.046162708098234195,-0.0453203964404878,-0.044333182246327985,-0.043502232686095765,-0.0425425439244832,-0.04180017541002068,-0.04099598366311774,-0.04036707578900245,-0.03946596288193194,-0.038764450939860806,-0.03815478741162437,-0.03749673192228187,-0.03701624559175021,-0.03643690636474384,-0.03583467937809526,-0.035307338332427385,-0.03494153996093652,-0.034437331740926336,-0.03408750016747386,-0.03344083350073079,-0.03305571574453525,-0.03253072260480172,-0.03204893107603257,-0.031577604035516904,-0.030951431555023445,-0.03037087160554508,-0.029591320232808638,-0.028922701492899883,-0.028045137467458403,-0.027273140515488903,-0.02657778184493642,-0.026021954693371763,-0.025528898009174572,-0.02499653187818729,-0.024483544233856458,-0.024027736673732036,-0.023634210809587053,-0.023260598056881854,-0.023036717441077714,-0.022754885296126126,-0.022372532324451244,-0.022143327554421166,-0.022081774747716443,-0.0218537568907593,-0.02156023956696962,-0.02139287541559476,-0.021207678239683947
Batch1,21,development,1.0,559.0,5.4C(80%)-5.4C,2017-05-12_batchdata_updated_struct_errorcorrect.mat,99,1,100.0,1.082226497979798,0.0026137864433469,0.0150902362346938,98,33.13697371135653,36.94892544444444,8.987271380471347,8.985736666666586,-0.0306575771127106,-0.0647202627657549,0.0004463360322465,-3.3503380515995875,ok,5.4,80.0,5.4,False,0.0094119185379829,True,stop_boundary_asprovided,True,Raw label equals observed max+1 and endpoint is within 0.005 Ah above threshold; exact crossing unobserved.,1.08462,-0.0065039368626798,4.479199999999836e-05,0.0029676576858006,-0.2306608351622969,3.7403520160680586,10,11,100.0,0.032195277536283345,-1.492207826762046,-3.982253029375564e-05,-4.395351239876292e-05,-6.0207642157158125e-05,-6.704329621352021e-05,-8.745797913074804e-05,-0.00010165054395202622,-0.0001283683346411336,-0.00015504309021739096,-0.00018148432783354675,-0.00022398431471131863,-0.0002742658347092792,-0.0003194613013366241,-0.0003846266462516918,-0.00048463192259076346,-0.0005107519032435445,-0.0007172924667906803,-0.0009533264289911178,-0.001340229294152992,-0.002052886532875539,-0.0035335332735827035,-0.0075440488544530546,-0.02115747972104276,-0.043962865475571156,-0.05471876129060918,-0.05749421343764011,-0.05762204876553295,-0.0580239425805803,-0.060132840424866996,-0.06266445748936966,-0.06374651313934476,-0.06388390975188529,-0.06402429823084121,-0.06443970718766534,-0.0645479736943404,-0.06465474916105607,-0.06433903130026841,-0.06372214810789367,-0.06279252291644632,-0.061872054437324464,-0.060534251652905824,-0.05940603980415793,-0.058092029850789983,-0.05669939033821414,-0.055253305978852585,-0.05385336078362779,-0.052326790646067156,-0.050865484496091184,-0.049486260411320426,-0.04817780921301418,-0.046891316966844676,-0.04555071558184809,-0.04434918945170552,-0.04306787210225993,-0.04202146952903785,-0.04090224892355554,-0.039836145285234714,-0.03893700179443771,-0.03797951482810946,-0.037190593782360004,-0.03618544629840348,-0.03555591537531089,-0.03452913881381092,-0.033958602996333465,-0.033118344134341005,-0.03249783367728698,-0.031819121358211966,-0.031356374936287956,-0.030800934625536014,-0.030216735635738123,-0.029761339865298275,-0.029280541492708867,-0.02883960006482389,-0.028210843721943046,-0.02773947851448111,-0.027212647308423543,-0.026799001259886435,-0.026238053951276097,-0.02542465538760008,-0.024839610389873146,-0.024074746371991473,-0.02336025241301254,-0.0226594517193488,-0.022087914016984955,-0.021401900127217655,-0.020980463428033058,-0.02035150044460865,-0.019957899665349332,-0.01954912341732329,-0.019199720321138924,-0.018899882938244295,-0.018571280746258356,-0.018214266261938006,-0.017904559161370015,-0.017760835212394355,-0.017413015658666264,-0.017205933120989947,-0.017166707975196704,-0.0167953650165098,-0.016719242619992913,-0.016681425655579618
Batch1,23,development,1.0,1014.0,6C(30%)-3.6C,2017-05-12_batchdata_updated_struct_errorcorrect.mat,99,1,100.0,1.0824610575757576,0.0006413256985738,0.0168240025858585,99,31.99077454717494,34.8727843939394,11.458691784511789,11.430255000000004,-0.0133406205123602,-0.0299535169317572,9.103457241110652e-05,-4.0407936433278895,ok,6.0,30.0,3.6,False,0.0015515482560913,True,stop_boundary_asprovided,True,Raw label equals observed max+1 and endpoint is within 0.005 Ah above threshold; exact crossing unobserved.,1.0829387,-0.0010556460859696,0.000146369,0.008725893414603,0.1510109371471699,2.874088723696275,11,11,100.0,0.01646882886911974,-1.7833372832687877,-0.00015139689317518912,-0.00010835712811175506,-0.00011438034165713731,-0.00011701577581836955,-0.00013492390607049978,-0.00012199616253150808,-0.00014905871779026568,-0.00015469003489024594,-0.00016526965758088385,-0.0001765282644579395,-0.00022016315325116154,-0.00021959635989964987,-0.00027729446398225104,-0.0002982202722985987,-0.0003420480027610841,-0.00040702779190301616,-0.0004824286449539132,-0.0006175232179494901,-0.0008559816403239835,-0.0013897596320765968,-0.0023593018045030487,-0.005750301062811866,-0.013807330518846278,-0.019121527051460835,-0.02077783702565239,-0.02193910340393629,-0.02284214971065457,-0.023193628208092565,-0.024645369319746924,-0.024828164919920126,-0.024772218798998047,-0.024640196893044197,-0.024527121635534832,-0.025058925445089586,-0.025999343846659806,-0.026919104855553266,-0.028174973036523943,-0.02912389091961609,-0.02921624722710392,-0.029863282058157914,-0.029568614647095592,-0.029407741419644418,-0.02877826644701198,-0.028158827280173826,-0.027595122401628647,-0.02664095941025968,-0.025739309871787297,-0.025120489708209903,-0.024176942442965532,-0.023430322491923117,-0.022651322519825268,-0.021698746008108616,-0.021069468400317426,-0.02046737483277683,-0.01971316269748491,-0.01906195328737459,-0.018403911887154623,-0.01796402215117987,-0.017368039563473214,-0.016768492136139734,-0.016184993100098133,-0.015639563883701024,-0.015299028186237074,-0.014826610582930666,-0.014308851512926157,-0.014013248919622079,-0.013678162586144849,-0.013473738360579413,-0.012994864741167955,-0.012760383887609805,-0.012470752473896729,-0.012135887676444801,-0.011799805848000444,-0.011577064481660848,-0.011389075117083092,-0.011096464037157139,-0.010807654230612584,-0.010670101684676192,-0.010428116776932894,-0.010242433293454756,-0.010028103917085973,-0.009807503836636755,-0.00952495745430526,-0.009276400983741606,-0.00895225142551448,-0.008625053733544163,-0.00834688459404398,-0.008163492500157243,-0.007825947062839234,-0.0076288590197906014,-0.007418752784235538,-0.00699651775178145,-0.006852486860398743,-0.006682973642356815,-0.006276703282017904,-0.006147221043222739,-0.005848584340415464,-0.005662585992039837,-0.0054579561178471625,-0.005262941158213463
Batch1,24,development,5.0,1017.0,6C(40%)-3C,2017-05-12_batchdata_updated_struct_errorcorrect.mat,99,1,100.0,1.0780331868686868,0.000717218855769,0.0165874488888888,99,33.378063951824195,36.866496545454545,12.128487205387223,12.098313333333742,-0.0138735070132826,-0.0318421340978982,0.0001151694986635,-3.938662523656534,ok,6.0,40.0,3.0,False,0.0007016630832934,True,stop_boundary_asprovided,True,Raw label equals observed max+1 and endpoint is within 0.005 Ah above threshold; exact crossing unobserved.,1.0781142,-0.0003674007818465,0.0001648609999999,0.0099791864464026,0.0982107789413504,3.482748301921191,11,11,100.0,0.01939899144412724,-1.7122208485046264,-0.0001981521833420903,-0.00015315898043992678,-0.00015471874364923803,-0.00017161329182839276,-0.00016999310047252593,-0.00019188725888153423,-0.00021145857928093646,-0.00022738382098754775,-0.00025465733115270436,-0.00026817242762383706,-0.000287474362023722,-0.000339426673542826,-0.0003583829018199494,-0.00041322301780372106,-0.00047002545417578444,-0.0005810008403448474,-0.0006873877636400655,-0.0009666614236155009,-0.0013830279895874938,-0.00220074685306388,-0.004219654798216559,-0.010129561159618286,-0.02141009636684335,-0.026082689726200065,-0.02829756070971673,-0.027928109847300986,-0.027928064603048253,-0.02915392163182573,-0.030124313237301692,-0.030139338494236667,-0.02935141563115351,-0.02964646360372447,-0.029748879340742662,-0.029919598199123487,-0.03119526218786073,-0.03155437141582218,-0.031723802985579086,-0.03163541200495101,-0.03138148161758192,-0.031008181569551097,-0.03055791195437152,-0.029941316269612273,-0.029413079626816496,-0.028394511085353735,-0.027493722746536275,-0.026631322999549623,-0.025585687213222852,-0.02464821724559285,-0.023828079875706343,-0.02296103903641411,-0.022007283046965975,-0.021236870887300974,-0.020489365292332584,-0.0197152592589227,-0.019038746727993328,-0.018310232547381178,-0.017759824645282363,-0.01712090417765233,-0.01661570270866841,-0.01594294281695996,-0.015451499138587899,-0.014869956063644496,-0.014424282134371413,-0.013922513388087143,-0.013459558126798665,-0.013202416406461248,-0.012834710397837679,-0.012498731775305583,-0.012077202911125573,-0.011706672679042684,-0.011466762045878154,-0.011205015472378621,-0.010779627306830353,-0.010604087906540771,-0.010288820861992232,-0.010172384092620002,-0.009748986768405299,-0.00967702900685552,-0.009346975895710097,-0.00904468172080386,-0.00876351803785469,-0.008591803615450422,-0.008374139297915306,-0.008021853400723922,-0.007705673044536621,-0.007470097644482809,-0.0071962401204361814,-0.007035300660864552,-0.006633742373594265,-0.006505417305223693,-0.006204042946474697,-0.005873454035916659,-0.005677383644705047,-0.005510557361986468,-0.005224902742694049,-0.004989283030624847,-0.00473777113132412,-0.004657100710688367,-0.004393870864698002,-0.004206889755083543
Batch1,25,development,2.0,854.0,6C(40%)-3C,2017-05-12_batchdata_updated_struct_errorcorrect.mat,99,1,100.0,1.078847887878788,0.00073110500813,0.0165961417979798,99,33.848557073949294,37.990239878787875,12.13749808080808,12.09737499999998,-0.0124061930528873,-0.0294411728905654,9.378020536805894e-05,-4.027888820540259,ok,6.0,40.0,3.0,False,0.001135727106227,True,stop_boundary_asprovided,True,Raw label equals observed max+1 and endpoint is within 0.005 Ah above threshold; exact crossing unobserved.,1.0789477,-0.0006351559023667,0.0001480579999999,0.008951717149487,0.078097730630219,4.110380789233538,11,11,100.0,0.01768246555946701,-1.752457179129751,-0.00014688711298985793,-9.82594134391011e-05,-0.0001224273706635009,-0.00012879483473481306,-0.00013382422263776526,-0.0001570289576538536,-0.0001863364168683667,-0.00018245332179032524,-0.0001867325615241902,-0.00021673067778123657,-0.00024101685065795742,-0.0002687201452690278,-0.0002987500491059801,-0.0003327325783548142,-0.0003909757117513731,-0.0004957879891451349,-0.00043580083913036943,-0.0008954627361343996,-0.0011375039024652568,-0.0017603889829362132,-0.003740676127155701,-0.0090827875636353,-0.01849846609111802,-0.022445334626478602,-0.02402411498993756,-0.023049628783883613,-0.024267493343018753,-0.024899172106082834,-0.024257388309373074,-0.025392168689910455,-0.025477070267589275,-0.025961572237642505,-0.02624493481722534,-0.027384002619661563,-0.0281905417174918,-0.02893037761750694,-0.028926733397764193,-0.02941429756818692,-0.02942729007877931,-0.02912205748964969,-0.02870394569438084,-0.027999146600992897,-0.027288713303618484,-0.026423911940529954,-0.025697005616694413,-0.024656762342260663,-0.02375263582044984,-0.022771894839015205,-0.022041047031434502,-0.021083769594921864,-0.020348153660099344,-0.01943436446649449,-0.018673445999297877,-0.018021463100175605,-0.017317982147799782,-0.016742140489662605,-0.015928096032322037,-0.015421416241975683,-0.014995400193964947,-0.014463189349865013,-0.01400498408043549,-0.01336181357804489,-0.01292619821733898,-0.012474892452873254,-0.012105080843587857,-0.011750788036932525,-0.011407809476941422,-0.010928691829784398,-0.010745037352668962,-0.010338331480245433,-0.010052774109266416,-0.00986108541106212,-0.009514631509134563,-0.009237563154516293,-0.008997094005508632,-0.008740625375474265,-0.008603229334317009,-0.008392364270078279,-0.008306335807340304,-0.008089444159278258,-0.007604249274251851,-0.0074559405194409845,-0.0072264167014675085,-0.007055272049449224,-0.006871672349893165,-0.006566488547880223,-0.006372936529545292,-0.006123586932127667,-0.00586389712620683,-0.00561103684610198,-0.005532835555314364,-0.005196399910660565,-0.005034857666609938,-0.004771444557505555,-0.004581236190689841,-0.004576074386358542,-0.004353541237876346,-0.00422831052459216,-0.003938492947793915,-0.0036279930043812136
Batch1,26,holdout,,870.0,6C(40%)-3.6C,2017-05-12_batchdata_updated_struct_errorcorrect.mat,99,1,100.0,1.090574287878788,0.0008664365793143,0.0162854918383838,99,33.15641406115227,36.41381293939394,10.800664208754249,10.765060000000329,-0.0178501571256248,-0.0383544536324539,0.0001602433454256,-3.795219996785343,ok,6.0,40.0,3.6,False,0.0023458016403882,True,stop_boundary_asprovided,True,Raw label equals observed max+1 and endpoint is within 0.005 Ah above threshold; exact crossing unobserved.,1.0913129,-0.0015911110369903,0.000156576,0.0096509892948207,0.1636987841260762,3.2732995766423656,11,11,100.0,0.02230842590749889,-1.6515310726478039,-0.000214482038863695,-0.00016089171696029184,-0.00015160037927500837,-0.00017410820912491332,-0.00018348980349753457,-0.00020050279721311082,-0.00020643084038179417,-0.00023152030769085438,-0.0002496377347474942,-0.00027877245612152254,-0.0002966372253606119,-0.00033542159249802354,-0.00037452172865811567,-0.0004165694358060426,-0.0004784641052606193,-0.0005675700882242646,-0.0006712476867753968,-0.0009795648360076507,-0.0013074510468171138,-0.002161418950209104,-0.004304786655777312,-0.011109238439089605,-0.023418674450403437,-0.029137854072426667,-0.03139364934302441,-0.03205543470824379,-0.03260640421102878,-0.03409905482610265,-0.03459506396020384,-0.034970569307429034,-0.034503953926553144,-0.0350657722087494,-0.03533877655491968,-0.03608633735541111,-0.036791155769022144,-0.03768781140595823,-0.03823484536240662,-0.03826408400965031,-0.03833715039768526,-0.03787952997690314,-0.037256948416614644,-0.03677112505059654,-0.0360940528187319,-0.03512553423729703,-0.03435354280855163,-0.033378721477808626,-0.03242856704238517,-0.03149053387663869,-0.03056949983269197,-0.02962381242386014,-0.028774272294391112,-0.027605652095888056,-0.026974751511904094,-0.026098659011403846,-0.025450476130834288,-0.024723882735827818,-0.02398767589495221,-0.02323715996379261,-0.02265070174950745,-0.022024850872796042,-0.021420771352144152,-0.02066364010395061,-0.02011016123893783,-0.01981229066293544,-0.019143468928972007,-0.01875880843390454,-0.018280935161521183,-0.017759162328357503,-0.017300356493031188,-0.017062693385551775,-0.016679523123563467,-0.016318785715251583,-0.016026309571989472,-0.015590733565797432,-0.015338484490513782,-0.015058211316369974,-0.014694138581766492,-0.014394655765645359,-0.014105306798310346,-0.013629202611934454,-0.013275398999262,-0.012967181134561745,-0.012568414073023115,-0.012041990717465811,-0.01165430976001569,-0.011199536815323707,-0.01079938598390262,-0.010468462593914207,-0.010156417109006277,-0.009615546959514276,-0.009414340802933019,-0.009030771677848382,-0.008889382284426262,-0.00852955372761599,-0.008226945266536001,-0.008048215478168474,-0.00785907004166675,-0.007708309100068256,-0.007423751239566068,-0.007151987312159047
Batch1,27,holdout,,842.0,6C(40%)-3.6C,2017-05-12_batchdata_updated_struct_errorcorrect.mat,99,1,100.0,1.0820360393939392,0.000754620571751,0.0160989066666666,99,33.89497000372245,37.51131004040404,10.803712340067367,10.763831666666675,-0.0155141871466561,-0.0358321196463462,0.0001400544137433,-3.8537032000559392,ok,6.0,40.0,3.6,False,0.0020203343685299,True,stop_boundary_asprovided,True,Raw label equals observed max+1 and endpoint is within 0.005 Ah above threshold; exact crossing unobserved.,1.0825608,-0.0012966477263909,0.0001762699999999,0.0110003469786645,0.1690976502066234,3.5831915940958865,11,11,100.0,0.020758824470686943,-1.6827972433259264,0.0001835965536658858,0.00010283071024529249,8.893810665127819e-05,9.819684112615239e-05,8.126492276880337e-05,7.434066912351332e-05,5.635932386770844e-05,4.3734735523085714e-05,1.7599382950921928e-05,4.086697505332505e-06,-2.0996599990150133e-05,-6.852420863910115e-05,-9.612268742790857e-05,-0.00016336573577160202,-0.0002300303852396917,-0.0003136644677611128,-0.0005058559174801712,-0.0007221739220371788,-0.0011428585607207754,-0.002065944178196527,-0.004440450404887157,-0.012675043536094138,-0.024654852712015868,-0.029613712550577154,-0.030754068217335284,-0.031425812183506985,-0.031242187036448876,-0.03221165735749243,-0.03247814321245024,-0.032481639249890115,-0.032360035851225044,-0.032864379190220894,-0.03317093843506669,-0.03393108938863576,-0.03483657547193486,-0.03564510746283589,-0.03581561325939542,-0.03565633850251426,-0.0352253156605834,-0.03461270126116278,-0.03370793924976001,-0.033002110327646106,-0.031942607605705,-0.03106840801253974,-0.02987134314158013,-0.02901823660816416,-0.02789608305810931,-0.026977484375504512,-0.02600084648298251,-0.02509761869009286,-0.02423978582828179,-0.023411008022772073,-0.02260760791368477,-0.02185283583641917,-0.021074556808510447,-0.020397046982766787,-0.01979741786519451,-0.019150756869743102,-0.018605438194396307,-0.017995601572552644,-0.017466745438742715,-0.016931306764137455,-0.01650050597816266,-0.01588612258790878,-0.015453948144714902,-0.01503671768876802,-0.014693038493362343,-0.014273066382898048,-0.01384491443770397,-0.013605291721971113,-0.013194509445559666,-0.012922935153647508,-0.012592113604836142,-0.012369585967309416,-0.01201071837797052,-0.011720794776191257,-0.011551072303669807,-0.011298950669062391,-0.01101058277738165,-0.010656763208277908,-0.01035992574098299,-0.010152141724294905,-0.009836212139842981,-0.00949445500960211,-0.009155769327540364,-0.00887833276598915,-0.008469944584252875,-0.008251177289349876,-0.007990417528170202,-0.007654865160288349,-0.007343572874934479,-0.007108719253986706,-0.0069260872431460285,-0.0066039815908720545,-0.006370272625872531,-0.0060710902015193025,-0.005940727129258194,-0.0057062371062568396,-0.005514639650836095,-0.005440517874463424
Batch1,28,development,1.0,860.0,6C(50%)-3C,2017-05-12_batchdata_updated_struct_errorcorrect.mat,99,1,100.0,1.0806956292929293,0.0005808473697885,0.0166800375454545,99,33.773800525042,37.491157878787874,11.138253585858592,11.178876666666474,-0.0166981227551627,-0.0372134803197419,0.0001429842469732,-3.844711807496199,ok,6.0,50.0,3.0,False,0.00151900621118,True,stop_boundary_asprovided,True,Raw label equals observed max+1 and endpoint is within 0.005 Ah above threshold; exact crossing unobserved.,1.0810313,-0.0010603763276789,0.0001916339999999,0.0115448101037962,0.2028211858334572,3.7044459547100104,11,11,100.0,0.021334173088007863,-1.6709241857212345,-8.380384514080974e-06,-3.148278184570089e-05,-5.713595759927807e-05,-5.022681209740723e-05,-5.868215480719745e-05,-8.157682622611778e-05,-9.374371402663456e-05,-0.00010718490090695599,-0.0001343073486886016,-0.00014895899778592184,-0.0001940777150421383,-0.00021286617248944886,-0.00026076992649995065,-0.00030780019501380415,-0.00041749336817301433,-0.0005004399094799203,-0.00065181351975813,-0.0008214012558547985,-0.0012201504561125988,-0.002069979349043037,-0.004019036120532442,-0.009681482820243795,-0.022732956680103306,-0.027501503978504815,-0.028943291279494188,-0.029473159064304755,-0.02873869222222525,-0.029389281598460326,-0.031204412319890795,-0.030458289221854118,-0.030673805308584767,-0.03123660426909991,-0.03157131790253909,-0.0325399104130617,-0.03426033755415048,-0.03581961696392888,-0.03667765998911321,-0.037132681192310724,-0.03704202093234399,-0.03706200358153089,-0.03652023521251968,-0.03566834766415472,-0.0349144667438861,-0.034143069910583246,-0.03319850893593601,-0.032089800836520355,-0.031129928866109213,-0.02999302340542942,-0.02907443429964207,-0.028173486035462658,-0.027316070642787516,-0.026350145822666704,-0.025440004148122863,-0.024703541330638457,-0.02402491755310132,-0.023043380921073275,-0.022397663914907273,-0.02179464168391876,-0.0211701256089758,-0.020508787831525543,-0.019988639670067032,-0.01936484193184662,-0.01883913675490212,-0.018411886385963028,-0.01795517798356938,-0.017456440916633342,-0.016976108711221682,-0.01651774048890453,-0.01612440996413267,-0.015795781533769038,-0.015499512141138982,-0.015149549781506622,-0.014819043760797346,-0.01467550971496756,-0.014217641313455376,-0.013899779497397402,-0.013580805093794446,-0.013250772402255917,-0.01289521778742131,-0.01263006569186631,-0.012310262377551062,-0.011780479976940317,-0.011694489459930457,-0.011165649538894984,-0.010836356770300704,-0.010385429618045894,-0.010054023141478297,-0.009731285954718505,-0.009369377519527822,-0.009014007967236948,-0.008734803559159454,-0.008560089833098639,-0.00824015333682282,-0.00798240338503331,-0.0077302553189291245,-0.007429039141471083,-0.0072609037723749825,-0.007107289298484254,-0.006899033675978883,-0.006957486714214145
Batch1,29,development,2.0,917.0,6C(50%)-3C,2017-05-12_batchdata_updated_struct_errorcorrect.mat,99,1,100.0,1.0827828212121215,0.0006456219175832,0.0165455236262626,99,32.70415601771739,35.39940990909091,11.151875336700314,11.179469999999856,-0.0166005234269311,-0.0368684498819182,0.0001451170011316,-3.8382817049630766,ok,6.0,50.0,3.0,False,0.0014495911769387,True,stop_boundary_asprovided,True,Raw label equals observed max+1 and endpoint is within 0.005 Ah above threshold; exact crossing unobserved.,1.0830729,-0.0009592152107212,0.0001774899999999,0.0107745832019821,0.1811088227481079,2.6809683937777535,11,11,100.0,0.021866687191927137,-1.6602170076914178,0.00014622642198592996,6.897476364774391e-05,5.1678652229552636e-05,5.032538300755334e-05,4.0894642468058224e-05,3.2665669714501385e-05,4.70077166855442e-06,-1.326024317666128e-05,-2.8661754202104553e-05,-4.7556134461668176e-05,-7.817279304562618e-05,-0.00010932048366626805,-0.00014797274801899366,-0.00019360752796398518,-0.0002806776297595969,-0.0003432244436494744,-0.0004913248346627222,-0.0006723964910976162,-0.0012246050054816812,-0.0018481541206389202,-0.003924770041333528,-0.010165910255377567,-0.021342714627531872,-0.028200094264947406,-0.03014338200771377,-0.03021942640861247,-0.029606117685595734,-0.03055811947672049,-0.030731867231282517,-0.03128051450117786,-0.03159700816986444,-0.031192376019258505,-0.03147363385691326,-0.03277002681404273,-0.03389482810224398,-0.03530256987729863,-0.036288561975659106,-0.03656608536309913,-0.03673196236600973,-0.036548793149486225,-0.036199965843751514,-0.03554986426515616,-0.03475199092284986,-0.03393362985309323,-0.033109610140054535,-0.03201647426239773,-0.030930120959127394,-0.029999538054784614,-0.028991688942965665,-0.028223655295814276,-0.02703155975853211,-0.026113810477128796,-0.025562387724608726,-0.024737202921608636,-0.023857756245191375,-0.02310140323060894,-0.022459014917175057,-0.021866512937636307,-0.0211837182147947,-0.02061477890039387,-0.019986046741045094,-0.019433309777320273,-0.018955850387193385,-0.01829586442997555,-0.017793235016549058,-0.017497181521742844,-0.016964332980134333,-0.016568967316503702,-0.016288858724345268,-0.015834480733501355,-0.015454749451798033,-0.01505553886751887,-0.01467039513940227,-0.014436431048576948,-0.01420058149512915,-0.013808177104503327,-0.013487519916475232,-0.013208544924193655,-0.01289148446741506,-0.012567062638135118,-0.012122585352700721,-0.011803798922639386,-0.011442766091543044,-0.011013434438347014,-0.010515613279585834,-0.010019600346224511,-0.009724338003639588,-0.00939589241843164,-0.008889607027221968,-0.008625899413827076,-0.008278299528602595,-0.00810227830752952,-0.00762928609219693,-0.007453543773872973,-0.007162710540938866,-0.007134600591568008,-0.006777016609686326,-0.006470953615680841,-0.006322504284657526,-0.0065265997775638684
Batch1,30,holdout,,709.0,6C(50%)-3.6C,2017-05-12_batchdata_updated_struct_errorcorrect.mat,99,1,100.0,1.0828237171717172,0.0008262149778357,0.0160094262525252,99,33.54008830692456,36.797617333333335,10.124524292929316,10.09681166666669,-0.0177191221668012,-0.0408153850243965,0.0001800117202166,-3.744699217898308,ok,6.0,50.0,3.6,False,0.0026672968625574,True,stop_boundary_asprovided,True,Raw label equals observed max+1 and endpoint is within 0.005 Ah above threshold; exact crossing unobserved.,1.0835986,-0.0018387805226031,0.00018135,0.0113806337196222,0.1814995055765749,3.236510525688054,11,11,100.0,0.023210518795587942,-1.6343151521962571,-6.533165367142064e-05,-5.366713410671393e-05,-6.011389788900987e-05,-6.826493542775713e-05,-7.848931541338676e-05,-8.24816475007476e-05,-0.00010268821790812132,-0.00011474048668787349,-0.0001398932385917092,-0.00015784413291606084,-0.00018377126137973047,-0.00019607189933997307,-0.0002609869819865159,-0.00031117412701882514,-0.0003654502787527672,-0.0004677402184429143,-0.0006148823900524354,-0.0008489076606057362,-0.0012816411738592118,-0.002204570027741791,-0.004760382313384499,-0.01310131353798194,-0.02445461690361536,-0.03039872068933877,-0.0326620939853281,-0.03272452650107899,-0.03387844583545918,-0.035597553371853,-0.03659856824021701,-0.03692489239346386,-0.037316016912538386,-0.037726622084478634,-0.03818622369713098,-0.03925324374978956,-0.040013999271936385,-0.04057602048559683,-0.04059575981693331,-0.04050431659183362,-0.0402424578785705,-0.039624683048033904,-0.03870697716522853,-0.037959754996360284,-0.036876714306976144,-0.03579367708852477,-0.03455052568996386,-0.033504244499551916,-0.03237550643878928,-0.03134633188617153,-0.03022930071864338,-0.029110033173877836,-0.028076323198593767,-0.02712127067342296,-0.026202438096659675,-0.025354784528468732,-0.024430877381014682,-0.023756432562353158,-0.023038976228947572,-0.022323218531640654,-0.02162201423193766,-0.02089002029031084,-0.020307503058074383,-0.019580983823799247,-0.019039522503481177,-0.018443099023304876,-0.018041399726037355,-0.01752714492721341,-0.016955939503229267,-0.01664960061859566,-0.0162183625761656,-0.01586088096539706,-0.0153730689970899,-0.01498968974561321,-0.014593818471492881,-0.014333357719778839,-0.013976709047337055,-0.013734459629067164,-0.013265425997659008,-0.012987165285303748,-0.012756548268640033,-0.012299790460336135,-0.011950883423842651,-0.011610041897869072,-0.011179402779775582,-0.010678832530657267,-0.010346557635643627,-0.010016664856311808,-0.00964139280430798,-0.009289547931384812,-0.008983878371537024,-0.008571019345590125,-0.008361073325713786,-0.008069053986180963,-0.007773724594055009,-0.007566403021626922,-0.007325196748431351,-0.007079500454309606,-0.006830684983972102,-0.006615802301936924,-0.0064643581986387755,-0.006137661525569271
Batch1,31,development,5.0,876.0,6C(50%)-3.6C,2017-05-12_batchdata_updated_struct_errorcorrect.mat,99,1,100.0,1.097068405050505,0.0009821231393733,0.0168655661414141,99,30.375396745150564,30.709141161616163,10.126957558922545,10.096814999999818,-0.0179835888032468,-0.0394782064842472,0.0001668273978984,-3.777732624088043,ok,6.0,50.0,3.6,False,0.0034705624303236,True,stop_boundary_asprovided,True,Raw label equals observed max+1 and endpoint is within 0.005 Ah above threshold; exact crossing unobserved.,1.098269,-0.0024580498948799,0.0001433809999999,0.0085286858486008,0.0456816828738304,0.3322415839622614,11,11,100.0,0.022255200649817605,-1.652568485824696,0.00024625150422956854,0.00014251332990016747,0.00012683705408471753,0.00012177993623935398,0.00012245700446536696,0.00010990800451241337,9.869577556700579e-05,8.084228482999143e-05,6.733107630004821e-05,4.627346243544876e-05,3.1845722335070194e-05,-1.3252595740359877e-05,-4.1143463961727106e-05,-8.777208926910585e-05,-0.00012611207820282556,-0.0002554562005837556,-0.0003168470829415862,-0.0005507516530915135,-0.0008769011752726187,-0.0015423294760939163,-0.0031582088456307417,-0.008328919141599722,-0.020566247884123076,-0.028687402443183102,-0.031059319417065634,-0.0319256276986819,-0.03178378244296759,-0.033166557451235756,-0.033861541059173716,-0.03426798455216984,-0.03417274162405903,-0.034516680439978575,-0.03512249765262265,-0.03585204020222055,-0.03694254474491254,-0.03838184294071956,-0.038710164795709656,-0.03941171409659816,-0.039432896440660725,-0.03901734410384816,-0.038783798841586226,-0.03805570657893631,-0.03721058995326776,-0.036304912222341,-0.03525778406730973,-0.034206275758805194,-0.03314875299641151,-0.03220999234794231,-0.03123874572378771,-0.030154398674191674,-0.02933157507194939,-0.028281017474154124,-0.027454497381993903,-0.026678640479067317,-0.025871393896844896,-0.02498150276045652,-0.024375255055207656,-0.023614546574111106,-0.02297938776558195,-0.022377299719452903,-0.021638785255530424,-0.021196393657848533,-0.020506628062913146,-0.01995321738321798,-0.019521304443660625,-0.018923046006847244,-0.01857859035845455,-0.018135235029524077,-0.017690601899099212,-0.017311833545410105,-0.01701732375335241,-0.016545522490837516,-0.016312263678185168,-0.015864202952677653,-0.01561547921830142,-0.015341322925362055,-0.014948152506089274,-0.01460155455768164,-0.014353217060016465,-0.013937645550596178,-0.013560725085899561,-0.01323027729743842,-0.012788366653895489,-0.01230550752932369,-0.011853183606680862,-0.011495247981098577,-0.01109502493273773,-0.010761910890670245,-0.010428883181480053,-0.010108483187817319,-0.009813258096422084,-0.009473582809627734,-0.009106504276999106,-0.008848817027087286,-0.008548180140154571,-0.008334005349517115,-0.00822467063552934,-0.008013251859608994,-0.007847451333202082,-0.007872560304815757
Batch1,32,development,2.0,731.0,6C(60%)-3C,2017-05-12_batchdata_updated_struct_errorcorrect.mat,99,1,100.0,1.0806714494949494,0.0007058238630044,0.0161670642525252,99,33.08050304573434,36.23561784848484,10.129902676767715,10.096439999999951,-0.0207302738370073,-0.0455662852625746,0.000225702569302,-3.6464634970703615,ok,6.0,60.0,3.0,False,0.0021461451664286,True,stop_boundary_asprovided,True,Raw label equals observed max+1 and endpoint is within 0.005 Ah above threshold; exact crossing unobserved.,1.0812578,-0.0015493067425733,0.0001754729999999,0.0109023746229713,0.1129333667924257,3.1139264276673657,11,11,100.0,0.026401359170217825,-1.5783737146100485,-9.228022679017928e-05,-7.19575132656575e-05,-5.036148221289929e-05,-7.930502910835743e-05,-8.621911552137481e-05,-0.00010354875946456759,-0.00011814545923968843,-0.00014686904574308596,-0.000158794586242658,-0.00018504349415852158,-0.0002278984666884143,-0.00028375259867574956,-0.00032616088803969975,-0.00039624012643572036,-0.00047801385397209725,-0.0005312496478349915,-0.000762551412227197,-0.0010501031950231852,-0.0014454687184404375,-0.002448471297027549,-0.004797103069579381,-0.012021419466153718,-0.027154260887847198,-0.034520215316385855,-0.037060379804034926,-0.03749519283624053,-0.03781205215516087,-0.03954492771356666,-0.03981007174911366,-0.040789361514457556,-0.04056194793612844,-0.04051832995087612,-0.041448077410449646,-0.042671384156695025,-0.0437100780410874,-0.04483481229917252,-0.045417294611903025,-0.04556628526257467,-0.045185664579157625,-0.04493029018925654,-0.044023691458796366,-0.04341004876902166,-0.042503108422896396,-0.04150598872233957,-0.04023248511050759,-0.03901150972012324,-0.037950327774155634,-0.03662500178760608,-0.035657769098607406,-0.03452432554211504,-0.03336748656287347,-0.03234772792058527,-0.031346534457466824,-0.030408569234170457,-0.029443115432029154,-0.028721329946332252,-0.027861479953394275,-0.027065836049348313,-0.026278625512138554,-0.025469426982334342,-0.024771313248625138,-0.024058642639602112,-0.023505484918164843,-0.0228249775733953,-0.022272913144945727,-0.021636315575468412,-0.02113916076912381,-0.020619115197919813,-0.02023949240779488,-0.019931038710613302,-0.01942447223676602,-0.018973421193974493,-0.01849374071060761,-0.01815229733881818,-0.01777837395251214,-0.017396479233191764,-0.016825871855347563,-0.016310020383733637,-0.0158850725163191,-0.01532119075683358,-0.014657335857527265,-0.014180839253089328,-0.013594216394065883,-0.013059635146692061,-0.01266505087445724,-0.012165077802241742,-0.011757026461770126,-0.011305565645716387,-0.01102707936438474,-0.010709470303792434,-0.010380267239388452,-0.010240265733432174,-0.009844700691548747,-0.009521158886995451,-0.00926759952986611,-0.009174959713172726,-0.008991553275284003,-0.008780654933057574,-0.008616564991439812,-0.008212425903406428
Batch1,33,development,3.0,757.0,6C(60%)-3C,2017-05-12_batchdata_updated_struct_errorcorrect.mat,99,1,100.0,1.0954916464646465,0.0009462319167455,0.0164837756565656,99,33.67169761442224,37.731304424242424,10.129993047138068,10.096583333333305,-0.021651569301358,-0.0449017812116827,0.0002152496244542,-3.6670575975866417,ok,6.0,60.0,3.0,False,0.0031864898072946,True,stop_boundary_asprovided,True,Raw label equals observed max+1 and endpoint is within 0.005 Ah above threshold; exact crossing unobserved.,1.0964888,-0.0022913138738853,0.000126245,0.007676513911063,0.2174617556954245,3.986653177777797,11,11,100.0,0.02363121485730696,-1.6265139511453444,-5.7265044119050726e-05,-5.4961786789039835e-05,-6.09516486367957e-05,-7.373484697559523e-05,-7.348307275364279e-05,-8.981636463342843e-05,-9.203288490034021e-05,-0.00010783811452733235,-0.00012610882832408965,-0.00013645185142013242,-0.00015867232662021384,-0.00017923901516326505,-0.00021362531133544034,-0.00026464885799781963,-0.0003135471938159589,-0.00044802578177213087,-0.00048164420829869756,-0.0006315669974941394,-0.000985295700527581,-0.001648537874209488,-0.0031817116994477326,-0.007928830729923106,-0.020328126283024606,-0.027921089217639028,-0.031128634363869645,-0.033105305665074525,-0.03326438831241191,-0.034200586422092005,-0.035940798996811574,-0.03668271635897247,-0.03730898506022862,-0.037646856125925554,-0.03830446054281289,-0.039975837911530365,-0.04156674592834109,-0.04293309292934022,-0.04410228084130441,-0.044487499757178806,-0.04488513854717202,-0.044799157900414,-0.044600566208101045,-0.044055566112222055,-0.04352014676435134,-0.042763743493266615,-0.041996417743784153,-0.0412810825295743,-0.04026736313057422,-0.03926886644608074,-0.038456016525031056,-0.03735935666080514,-0.03669135322574513,-0.03560640761763856,-0.0345463110194848,-0.03365923745238186,-0.03285271426411307,-0.0317791329566417,-0.031288659103337446,-0.030472918735671373,-0.029614479277385586,-0.02902575683196229,-0.028256723369966874,-0.027545365048405213,-0.02694672535451481,-0.026368049084065648,-0.025754565929055007,-0.025145480827061473,-0.024659293310985708,-0.024176250651137154,-0.023529329870060733,-0.023243012896549287,-0.022726990284213322,-0.022304686240060656,-0.0218698142598841,-0.021403285348266854,-0.021008491980335275,-0.020547021742083338,-0.020099849318706342,-0.01952430296266483,-0.018848025354928577,-0.018192336552043997,-0.01750949133161317,-0.016851676209090227,-0.016201992427798295,-0.015557568697006863,-0.015024227969630433,-0.014460549455775906,-0.014026274339890676,-0.013721323215507786,-0.013289531519084186,-0.012888695382260673,-0.012565767753226487,-0.01229265290296877,-0.012085452814793118,-0.011727006913516691,-0.011504649745601947,-0.011213584008501032,-0.011015773563697762,-0.010855407042196896,-0.010791083507021959,-0.01051554186767234
Batch1,34,development,2.0,742.0,7C(30%)-3.6C,2017-05-12_batchdata_updated_struct_errorcorrect.mat,99,1,100.0,1.0800699888888887,0.0007272870882621,0.016855197080808,99,32.66455167507311,36.08252629292929,11.035507962962974,11.001284999999916,-0.0160803594303168,-0.0372181417488076,0.0001417045655742,-3.848616157008837,ok,7.0,30.0,3.6,False,0.0010684652014658,True,stop_boundary_asprovided,True,Raw label equals observed max+1 and endpoint is within 0.005 Ah above threshold; exact crossing unobserved.,1.080246,-0.0005683890521234,0.000145446,0.0086597613317239,0.2461743877392308,3.4193271882571707,11,11,100.0,0.018723177054606716,-1.72762045580018,0.00013834274344112118,7.188470003360956e-05,7.924853013612236e-05,6.17744553472405e-05,5.077991608606826e-05,5.742777841536372e-05,4.437826846030333e-05,3.7809454017848684e-05,1.4136679135473649e-05,1.0047361124841843e-05,-1.7144592753016996e-06,-3.715893513203585e-05,-5.5766212362307055e-05,-8.592722027007949e-05,-0.00012197179271864096,-0.00018158396342401843,-0.00023009898047089347,-0.0004142527985324662,-0.0005776296195678515,-0.0010104205002118422,-0.0016551408922942865,-0.004136075422011665,-0.010311452072221214,-0.016880497706417946,-0.018710832244861975,-0.020705135787099593,-0.021052162450920675,-0.022120986316715052,-0.022975148478730834,-0.023623249490851594,-0.023800266924150715,-0.02395272291237005,-0.024437491419646018,-0.025558797536429978,-0.027209179389775517,-0.02952237036168681,-0.03166020294186733,-0.03378020801061132,-0.0353764805938096,-0.0364935394707413,-0.03703894815263642,-0.03712455208915488,-0.037210308059537955,-0.03681339079770174,-0.03622278316664784,-0.03543552935855554,-0.03476118468074385,-0.03385723894278447,-0.0328946043507653,-0.03193147262722229,-0.030848750051534313,-0.029952157284281467,-0.02910070026279521,-0.028198877852757875,-0.02734649685712509,-0.026426641118083793,-0.02581304794913475,-0.024954416024951964,-0.024226179561606997,-0.023459950527824347,-0.022810757627934608,-0.022216614937472956,-0.021484708434181155,-0.020902508050614443,-0.020370923017052123,-0.019797270280760504,-0.0192605775150676,-0.01870383470371828,-0.01810013092284013,-0.017848530484517955,-0.017521754671051992,-0.01685758108712765,-0.016572917380852425,-0.01610363554130423,-0.015681008676444508,-0.015223320597543166,-0.014639906834086558,-0.014154531119739078,-0.013506064105900606,-0.012888907654574622,-0.0121702490691864,-0.011559010404726289,-0.010972153484364311,-0.010257894675700152,-0.009743209857761448,-0.00931564604893187,-0.008902205958336573,-0.008399625954630618,-0.008074718391825275,-0.007690857567460796,-0.007457114220101424,-0.007168117731647383,-0.006836897779905815,-0.006646427956927159,-0.006469327286892312,-0.0061029468120255,-0.006023139919137943,-0.005786891940930294,-0.005562064726287508,-0.005515265812322756
Batch1,35,holdout,,703.0,7C(30%)-3.6C,2017-05-12_batchdata_updated_struct_errorcorrect.mat,99,1,100.0,1.0745076737373735,0.0007027143826541,0.0169670922929292,99,32.09733437854189,34.87752171717172,11.036444074074083,11.001281666666667,-0.018223341654084,-0.0391520343350484,0.0001688084508574,-3.77260581559603,ok,7.0,30.0,3.6,False,0.0006331257365825,True,stop_boundary_asprovided,True,Raw label equals observed max+1 and endpoint is within 0.005 Ah above threshold; exact crossing unobserved.,1.074385,-0.0002453496651573,0.0001917549999999,0.0113518724062682,0.1980785495268122,2.760547926296546,11,11,100.0,0.02388064312467028,-1.6219539814901356,-4.359306027487583e-05,-4.093686967945607e-05,-3.1477080233289004e-05,-5.474619248317994e-05,-6.646211591617747e-05,-8.470382619737938e-05,-9.369361083429216e-05,-0.00011265323311273343,-0.00013427885326512679,-0.00015395856596018762,-0.00018670500331770257,-0.00021139458009959092,-0.0002613451979357438,-0.0003219536044129258,-0.0003883711516030359,-0.0004634471230559687,-0.0006138768312910249,-0.0008277634789826474,-0.0011952119130369601,-0.001853376573146187,-0.0035059097805299894,-0.008356004654658973,-0.02098735038408403,-0.030836546784111546,-0.03366743742256312,-0.03356442584702313,-0.03240722800809931,-0.03352684310923393,-0.03390642112288422,-0.03463942553046662,-0.034288158506529554,-0.03439578346379424,-0.03492380984517396,-0.03550419136861527,-0.03658095996675159,-0.03765113134766096,-0.03843208276391874,-0.039066004265812526,-0.03913968868916451,-0.03894076645518829,-0.03870584936869459,-0.038203410252623415,-0.03748251949202608,-0.03668764930676838,-0.03581948257390766,-0.03489785079811325,-0.033954801188823436,-0.03307465181789615,-0.03205645675885305,-0.0309231345206622,-0.029916685341178972,-0.029034050779415455,-0.028122101589031723,-0.02726060369221761,-0.026496381516686096,-0.025646059936300425,-0.02492577301892762,-0.024180485582951494,-0.02345103606110821,-0.022701531012344178,-0.022019127741077282,-0.021514935598287988,-0.02101219048970293,-0.0203653888180777,-0.019890089311195736,-0.019342410903270713,-0.018895320679761074,-0.018405009952190188,-0.018022496828545842,-0.017695558717878423,-0.017195653610474038,-0.01687494415455415,-0.01644139059334515,-0.016104650789978248,-0.015762085139711113,-0.015530682348270153,-0.01527804939394617,-0.014903894488755398,-0.01445975066977856,-0.014122466390135813,-0.013625708692481586,-0.013265007063220757,-0.012892848997768436,-0.012369448798006166,-0.012019652492647692,-0.011648098965004072,-0.011100446441421497,-0.010737938675027259,-0.01026303003153295,-0.009989842941475535,-0.009518237035462729,-0.009310235670826339,-0.008962094138436516,-0.008757098515565609,-0.008410518998577698,-0.008203832035377445,-0.007964038887581903,-0.00777788213678221,-0.007521257199196274,-0.00718795171106712
Batch1,36,development,4.0,704.0,7C(40%)-3C,2017-05-12_batchdata_updated_struct_errorcorrect.mat,99,1,100.0,1.0812765595959597,0.0007104421735963,0.0164377462626262,99,32.04688205693082,33.970878757575754,11.554803670033683,11.52468333333333,-0.0210423508580267,-0.0446214059612219,0.0002140418309783,-3.669501342595944,ok,7.0,40.0,3.0,False,0.0017389129638474,True,stop_boundary_asprovided,True,Raw label equals observed max+1 and endpoint is within 0.005 Ah above threshold; exact crossing unobserved.,1.0817475,-0.0012100790618882,0.0002142509999999,0.0131099293498954,0.1595592151897982,1.9272550647810365,11,11,100.0,0.026014193318805445,-1.5847896367148309,-1.3523853786503152e-05,-3.3902491865292516e-05,-4.1552954736728245e-05,-6.317410457686847e-05,-6.969859299157792e-05,-8.315727288691873e-05,-0.00011016997299063188,-0.00011196618950585309,-0.00016098420769033658,-0.0001808892376259875,-0.00021344364228914267,-0.0002538398771136114,-0.0003041782036762048,-0.0003900904994057052,-0.00046013049836293035,-0.0005752720668733349,-0.0007294344910451986,-0.0010162252460909245,-0.001460821474175488,-0.0025413501025480095,-0.004671082762628925,-0.012608041918619778,-0.027155266769736924,-0.03479240991580637,-0.0365346214953266,-0.036747885016661486,-0.03587110498763468,-0.03661914880932082,-0.037257958611370934,-0.03749760701734328,-0.037749171464073195,-0.038091286164712246,-0.038886611096744184,-0.040279418558821445,-0.04178537935379023,-0.04320014910601422,-0.04394856566616401,-0.044361464944704276,-0.044621405961221994,-0.04424940364375707,-0.04399247080441282,-0.043348695333859766,-0.04253858974625613,-0.04165698814865182,-0.04058028456618179,-0.039584145561592954,-0.03848377235707223,-0.03741548814346274,-0.03639878023173537,-0.03537698926460253,-0.03418886639917362,-0.03338631068989628,-0.03230902879706077,-0.03159695252919015,-0.030551703825111298,-0.029871030437504498,-0.029061059824359692,-0.028380514733195472,-0.027570220740541718,-0.026859943987736168,-0.02621362646696168,-0.02562607491203872,-0.024847631692853867,-0.02425652768383202,-0.023723721300425993,-0.023301041157783198,-0.022659565870439824,-0.022203444929336902,-0.02172735067162801,-0.02136670214480496,-0.020927066036922737,-0.02046908642333256,-0.020073376985431324,-0.019660702937964958,-0.01938695017916303,-0.01883158733468493,-0.018424852495575683,-0.017881384524610855,-0.01718611075824561,-0.016656536771080033,-0.016065200319618222,-0.015392327041656939,-0.014733888025135311,-0.014017037555843714,-0.013475884240833791,-0.012921724028130743,-0.012393244039217377,-0.012144816167678707,-0.011779206134043374,-0.011506456582685454,-0.011126750478823721,-0.010738645134741764,-0.010610374055041616,-0.010332405232331698,-0.010037257898650731,-0.009822072882617938,-0.009668786241392224,-0.009381269430329686,-0.009254396520012476,-0.009246866634258222
Batch1,37,development,5.0,648.0,7C(40%)-3C,2017-05-12_batchdata_updated_struct_errorcorrect.mat,99,1,100.0,1.0780300424242424,0.0007605825290446,0.016546422020202,99,32.95969887229894,36.05156987878787,11.561455202020229,11.524764999999997,-0.0194368246349165,-0.0445447849576301,0.000211865921671,-3.673938893314921,ok,7.0,40.0,3.0,False,0.0020345725433982,True,stop_boundary_asprovided,True,Raw label equals observed max+1 and endpoint is within 0.005 Ah above threshold; exact crossing unobserved.,1.0785298,-0.0013794704606215,0.00020266,0.0123146011757873,0.2124787724017096,3.0478822130395073,11,11,100.0,0.02630451089172965,-1.5799697690995802,-0.0002716072246025465,-0.000179102900403693,-0.00019595787633074177,-0.00019224507643685323,-0.00020862542362288464,-0.0002145183874366751,-0.00023712224380835348,-0.0002433098103490302,-0.0002567106748291464,-0.00029078607674427534,-0.0003022672131844529,-0.0003446817062535291,-0.0003857071446081769,-0.00043246268265919804,-0.0004826166073874684,-0.0006119912455513112,-0.0007321022196757551,-0.0009687768009568852,-0.0013772803652163483,-0.0022116026979690367,-0.00422418767245019,-0.010596388589371591,-0.024885217646902977,-0.03326109677690925,-0.03474566372822119,-0.034621205570518676,-0.034929250252603905,-0.03685457497805733,-0.03807131582846213,-0.03849106445179895,-0.038445580043600214,-0.03915727448627848,-0.04011173284014047,-0.04106805036770811,-0.04261938167223267,-0.04388886577740647,-0.044413118276458774,-0.044496524305089324,-0.04425913594934028,-0.04367817012727582,-0.04306086555689448,-0.042168826477491206,-0.04116744077193857,-0.040055061713775375,-0.03872699694997617,-0.03750521882632907,-0.036349502842130677,-0.035125449223916805,-0.03386434316643194,-0.03270561552224205,-0.0316781380550516,-0.03047677863410636,-0.029590651313565086,-0.02861256976194171,-0.027736820230565895,-0.026835021496220746,-0.02615696272651502,-0.02527767835336836,-0.02447691436387789,-0.02379092449507536,-0.023231747386112556,-0.022355846325491813,-0.021771002382114046,-0.021046059527394245,-0.020566800550243514,-0.020004245958649802,-0.019533919752646067,-0.018993257381880957,-0.018538723824207848,-0.018122324023116088,-0.017707907786723487,-0.01733955471419457,-0.016752094310057863,-0.016560408256145243,-0.01614501490686826,-0.01572756981456247,-0.015336832654666788,-0.01489743976690483,-0.014481637888678511,-0.01394162568891577,-0.013406105099974752,-0.012872496279052958,-0.01227355953553988,-0.011828200775997333,-0.0113183092575051,-0.010756328029090545,-0.01035572023601894,-0.009859317770231302,-0.009515737110059153,-0.009120680419089977,-0.008741554747680569,-0.008518401126158981,-0.008247771857512243,-0.007996296480831333,-0.00781742126845053,-0.0074333883322621475,-0.007177275385134907,-0.007134845952095459,-0.006790701540881239,-0.006756777279800286
Batch1,38,development,4.0,617.0,7C(40%)-3.6C,2017-05-12_batchdata_updated_struct_errorcorrect.mat,99,1,100.0,1.075801506060606,0.0006463898758454,0.0162120569696969,99,33.69474656343401,37.29856363636363,10.23158840067342,10.193719999999969,-0.0267641938349674,-0.0564155969469958,0.0003689366724831,-3.4330481735466756,ok,7.0,40.0,3.6,False,0.0018679196528111,True,stop_boundary_asprovided,True,Raw label equals observed max+1 and endpoint is within 0.005 Ah above threshold; exact crossing unobserved.,1.0763566,-0.0012616636531052,0.0002251059999999,0.0139646762043296,0.3261127839492488,3.622655392956382,11,11,100.0,0.033123925333969045,-1.4798582029901746,8.841680665308462e-05,3.851574352507485e-05,2.02463816714191e-05,1.5428838725424672e-05,1.6463475327167798e-05,-2.8167338952976313e-05,-3.1383317142786703e-05,-2.843494602356323e-05,-0.0001028085971738358,-0.0001204685111075212,-9.270483940291164e-05,-0.00020450453695898627,-0.00021298211210233307,-0.00017657165511725421,-0.0003969142596186564,-0.00042569315040072095,-0.0006915239101644502,-0.0009448211007191329,-0.0015326517488329638,-0.0020299310179204763,-0.00483095530567397,-0.012592036173133238,-0.02723002500529577,-0.042408796130508436,-0.047183374229786246,-0.04907712134295655,-0.050680080559999896,-0.05062001244067005,-0.05198681099645375,-0.05321613875447806,-0.05378627373422562,-0.05343618524263816,-0.05415816331694567,-0.05365506299929057,-0.05468864575529564,-0.05540953576668972,-0.05552451013070603,-0.05598648447733001,-0.055623722298020706,-0.05443829199083183,-0.05462515514584099,-0.053981693508128425,-0.05241750949876822,-0.051969168295288526,-0.05072522501900423,-0.049235600964889326,-0.04829734043737832,-0.04716004129018603,-0.045943173015482563,-0.04496883779951433,-0.0432485722516176,-0.0424306339809164,-0.04170645913983273,-0.040388551893804414,-0.039439730738230705,-0.03821360469922963,-0.03717304524623277,-0.03641669486156218,-0.035302980897629954,-0.034875711623499006,-0.03377450407375204,-0.03307958838351155,-0.032269112282509615,-0.031527294613536316,-0.03088796717773601,-0.029965399959237082,-0.029390350592862546,-0.02881340678101374,-0.028171632085221,-0.02788849627930068,-0.026980278818569348,-0.02650901480288037,-0.02595187909852603,-0.025294200178241022,-0.024869242752300513,-0.023658115894182874,-0.022515046584211662,-0.021091546246869264,-0.0199484082771344,-0.018986436105894455,-0.01843681018721588,-0.017163194375138913,-0.016667412420589,-0.015980397223901655,-0.015566604190923483,-0.014754227644198536,-0.014810527382658645,-0.014382623548322426,-0.013986052530598148,-0.013771310000586068,-0.01334852898386707,-0.013149056097315315,-0.01298706035334729,-0.012852214294224673,-0.012554846594347024,-0.012263963064157668,-0.012223437413752647,-0.012010764854234912,-0.012035989058807761,-0.01211406041493035
Batch1,39,development,1.0,625.0,7C(40%)-3.6C,2017-05-12_batchdata_updated_struct_errorcorrect.mat,99,1,100.0,1.085658998989899,0.0006974026916973,0.0166911045555555,99,33.50643317156701,37.40386024242424,10.242025976430943,10.274616666666892,-0.024440041487006,-0.0531439540918114,0.0003129437479421,-3.5045337204530713,ok,7.0,40.0,3.6,False,0.0013583021181714,True,stop_boundary_asprovided,True,Raw label equals observed max+1 and endpoint is within 0.005 Ah above threshold; exact crossing unobserved.,1.0858474,-0.000834739761775,0.000237239,0.0143065382313151,0.2395899299503625,3.872805313543573,11,11,100.0,0.030126124294564904,-1.521056736423238,-7.957779774585532e-05,-6.95480285253777e-05,-6.955790532299158e-05,-7.234953199682906e-05,-0.00012757841655799225,-0.00011833179927337682,-0.00010951450713457718,-0.00016427171095877765,-0.00015939111409207958,-0.00022829309565648194,-0.0002536462898076316,-0.0003156781509254525,-0.0003453825261386049,-0.0004624744759462989,-0.0005546404303269185,-0.0005806851020516979,-0.0008067332937252633,-0.0010213336112938412,-0.0016569669321943765,-0.002483213461816902,-0.005262593254137027,-0.01380377452778632,-0.03182924095133993,-0.04473258383322007,-0.04761969367879998,-0.04685487438148844,-0.04739413094865319,-0.04726573986826377,-0.04855961978126555,-0.04995161349458843,-0.04904435891835757,-0.04886265514058974,-0.05000188055659738,-0.05119533805106857,-0.05203578600512482,-0.0522537663560817,-0.05304757229873125,-0.05273239677949981,-0.0525266865387376,-0.05186518055264755,-0.05059662628548334,-0.04958496739638507,-0.048641052287979436,-0.04755208022894808,-0.0462668575720403,-0.044741223854198986,-0.043286142055470544,-0.04244418880477896,-0.040828334060978966,-0.039784948236037176,-0.03859463786256834,-0.037010655972860795,-0.0364369040016419,-0.03520231972499299,-0.034123560909047335,-0.03310711851231307,-0.03269471764319132,-0.031185173594977078,-0.030645918970198194,-0.030067317799308046,-0.029095208123436578,-0.02824840214923574,-0.02710513608017151,-0.02695845128456531,-0.02637990693380221,-0.025442020681387012,-0.02517179510289691,-0.024583537246568143,-0.024330230106765383,-0.023537547791295355,-0.022993841433279538,-0.02261726629699079,-0.022135774214203208,-0.021504297872598332,-0.021098102291821297,-0.020454787811564623,-0.019897649999550238,-0.01925185014789954,-0.01865620720809691,-0.01816426936445148,-0.01745557920259988,-0.016586832516230388,-0.016089830383466897,-0.015648330238739128,-0.014915788935622398,-0.01426743458547497,-0.014027732198618637,-0.0136267013394058,-0.013134235928997207,-0.012661441438587273,-0.01249889687531569,-0.012150766165660132,-0.012075177387462999,-0.011544697517933855,-0.011285019662874207,-0.011166232233354778,-0.010897440032088701,-0.010592082360241228,-0.010420531964183022,-0.009724308754854638
Batch1,40,holdout,,966.0,8C(15%)-3.6C,2017-05-12_batchdata_updated_struct_errorcorrect.mat,99,1,100.0,1.0869299777777777,0.0007304158641508,0.0166792732121212,99,33.45968416375564,37.756139949494944,12.087224326599337,12.054698333333365,-0.0126288078477035,-0.0290957088162858,8.806174658415387e-05,-4.0552127051547355,ok,8.0,15.0,3.6,False,0.0018427732122944,True,stop_boundary_asprovided,True,Raw label equals observed max+1 and endpoint is within 0.005 Ah above threshold; exact crossing unobserved.,1.087337,-0.0013063107389889,0.0001969019999999,0.0118651329526164,0.109350186898979,4.286153406363681,11,11,100.0,0.016394090674334866,-1.7853126671965514,-2.3065052212380968e-05,-2.0606197649060258e-05,-1.641307430339561e-05,-1.4771507551464627e-05,-4.0622621807868574e-05,-5.3729241359552326e-05,-6.055266138555067e-05,-5.238528011681934e-05,-7.652845154698142e-05,-0.00010141134116242387,-7.574552120610551e-05,-0.00016188238669231306,-0.00011640785037353787,-0.0001943013216168573,-0.000327557324134831,-0.00031435513351319583,-0.00042648210118143015,-0.0006951067121956991,-0.0010581622291969614,-0.0013720852339191014,-0.003025324341954329,-0.00859706829834321,-0.017819355576368795,-0.021341189520512005,-0.024159526439075374,-0.02354196482517512,-0.021959810192323848,-0.023590503908732297,-0.0261981547945499,-0.02294605473457756,-0.025622506701647785,-0.02557643598919812,-0.025576976135868068,-0.025431656049308526,-0.027688759452544454,-0.02781835841189173,-0.027711720145261687,-0.028363154230182874,-0.028259486549516377,-0.028285273832332702,-0.028312798153625973,-0.02720667982713143,-0.026589147068351582,-0.026100986662641268,-0.02521377177306261,-0.024225406849631814,-0.023372791789927905,-0.02251406995547034,-0.02157405175012539,-0.021400288971548775,-0.020064853328003673,-0.019647533346520252,-0.019319975361069552,-0.01822535647140877,-0.017471867558860543,-0.016829228453068446,-0.016302641868384926,-0.015833679193418382,-0.015220916757874514,-0.014684052654029722,-0.014420727815919854,-0.013819060486527368,-0.013407249280365185,-0.013538799898096032,-0.01262482172955015,-0.012479989196841013,-0.012003966753261874,-0.01206544652926711,-0.011410217055939587,-0.011042189026035265,-0.011173414819353855,-0.010493916440585283,-0.010209733666863396,-0.010065639695653106,-0.00991753184810773,-0.009749515250256913,-0.009323712367903303,-0.009326530122093502,-0.008798771954681595,-0.009090733504240722,-0.008607786984645927,-0.008360656028506774,-0.008465776817724313,-0.0077331923755554755,-0.007750952732219929,-0.007607329471477131,-0.007384317145270991,-0.007216122900479682,-0.006824281257190146,-0.006842003606703173,-0.0063736767984472475,-0.006476758979959696,-0.006003776507605307,-0.006044639045605482,-0.005837839941626788,-0.005518070519489493,-0.005578736765747161,-0.00529921985563897,-0.005061291607169505,-0.00516481256458623
Batch1,41,development,2.0,1051.0,8C(15%)-3.6C,2017-05-12_batchdata_updated_struct_errorcorrect.mat,99,1,100.0,1.082886786868687,0.00066140508839,0.0167448905050505,99,33.07332253245542,36.8232453030303,12.091290892255918,12.054646666666182,-0.0123585685628461,-0.028506291359022,8.48176100238975e-05,-4.071513969179501,ok,8.0,15.0,3.6,False,0.0009746379200505,True,stop_boundary_asprovided,True,Raw label equals observed max+1 and endpoint is within 0.005 Ah above threshold; exact crossing unobserved.,1.0830122,-0.0006377582819473,0.0001489559999999,0.0089310805572601,0.1332689237909718,3.7494200651203258,11,11,100.0,0.016345966212173102,-1.7865894031219747,2.179493323934507e-05,8.52892186497029e-06,7.783667924957235e-06,-5.568209667628052e-06,-1.9970979257085157e-05,-1.7324448085285007e-06,-3.007573232336391e-05,-7.745131218076786e-05,-4.264458991061915e-05,-4.435898318004734e-05,-9.04362421090708e-05,-0.00011332881468461686,-0.00010625905396347175,-0.00018462153548817056,-0.0001425689305075417,-0.0002895641741266636,-0.0003286695865121203,-0.0007031430950145204,-0.0007813777739980772,-0.0013863156980000943,-0.002901517273852114,-0.006983693978433944,-0.014821384307835223,-0.02021879040170474,-0.021225531207197834,-0.023101256908684475,-0.023187137654643253,-0.022691670377943618,-0.023541446085915574,-0.023361172641949812,-0.023319863205244262,-0.022621217404424687,-0.023780494958847376,-0.024291217008414634,-0.026008932662079376,-0.026894845702094106,-0.02783769715989226,-0.02831534227429633,-0.02825078410238735,-0.028301309098782146,-0.027635679184463413,-0.027617988327706677,-0.02721137448765565,-0.026829230149629235,-0.025335578462404085,-0.024751952214748463,-0.023650109288341215,-0.023330945400312997,-0.022296535670603523,-0.021638766006625176,-0.02058413431057904,-0.02001168274735554,-0.019130146833936212,-0.01856327423919768,-0.017935584570312857,-0.0173199057845268,-0.01676969337556522,-0.016059139544151835,-0.01563649205594797,-0.014981779530907291,-0.01450303382269369,-0.014188270216759058,-0.0135034993053329,-0.01323170947442276,-0.01263185521268917,-0.012323987210171028,-0.012044981670184196,-0.011494557232830438,-0.011443851109653957,-0.011077419041477965,-0.01086829236770348,-0.010662818831399745,-0.010343089139968953,-0.010063777669916174,-0.010063067738099063,-0.009525602027472546,-0.00932329215307881,-0.009183472765184497,-0.008921925784898033,-0.008598956082364051,-0.008714803172263474,-0.00819681780247783,-0.007962526551720694,-0.008025218990371785,-0.007417763813851508,-0.007328279470843357,-0.007208870174212789,-0.00667364345656285,-0.006940475986976891,-0.00639132738719983,-0.006132815974711381,-0.005642733969846381,-0.005774587636786288,-0.005607199809316121,-0.005448964300389658,-0.005042963324145999,-0.005403409872496434,-0.004721838527126154,-0.004904459836089892,-0.004392037514383773
Batch1,42,development,3.0,702.0,8C(25%)-3.6C,2017-05-12_batchdata_updated_struct_errorcorrect.mat,99,1,100.0,1.083889183838384,0.0006395508190474,0.0167156228383838,99,33.58506724391689,37.673212,11.178124326599384,11.138530000000417,-0.0205992102528132,-0.0447096457287301,0.0002158461043174,-3.6658557852690015,ok,8.0,25.0,3.6,False,0.0007135648988683,True,stop_boundary_asprovided,True,Raw label equals observed max+1 and endpoint is within 0.005 Ah above threshold; exact crossing unobserved.,1.08398,-0.0004871861104447,0.000257321,0.0154969445867743,0.28472499908424,4.092801005586601,11,11,100.0,0.027070311544043726,-1.5675067460366423,-0.0003984814048866723,-0.00022752811609779035,-0.00022731393539819687,-0.0002258893061539783,-0.00023622397361396325,-0.000260552368071369,-0.0002684651946691114,-0.0003135528828447365,-0.00034319401502583844,-0.00033206563037937314,-0.0003652097396243687,-0.00044332108419106297,-0.00040220093114111573,-0.000516065240818122,-0.0006166431485549184,-0.0007359822024827108,-0.0009922013964202454,-0.0010589102615583754,-0.0017573080343500982,-0.002543875895146111,-0.004595473476580347,-0.01015665357514621,-0.025925126621777733,-0.036641589285883625,-0.035621487969179855,-0.03803541756625217,-0.03809148760925862,-0.03612796382506556,-0.040380209871531125,-0.037664906412616106,-0.03887395003545846,-0.03883635518331474,-0.03936423932619626,-0.03969519586388193,-0.04154929405372154,-0.04276651612804305,-0.04371479540908785,-0.04425103685003451,-0.04452682189665669,-0.04410580494531302,-0.04363125856781802,-0.043127759131703414,-0.04220683016863358,-0.04119813053171195,-0.040208832354407864,-0.03933279855759597,-0.038035999363381756,-0.036960812839088586,-0.0360058337741016,-0.03417346394294729,-0.03389106926265939,-0.03245630837222224,-0.03159343077959553,-0.030622970265412386,-0.029965884639900686,-0.028854029642493062,-0.028174703237147325,-0.027300896062610658,-0.026468316446020657,-0.026068649278223166,-0.025182308383792096,-0.02440313183772891,-0.02394209591133123,-0.02322398940708914,-0.022671731968781694,-0.022227127279855097,-0.02163449399914752,-0.02118829021796831,-0.020511215810916417,-0.02019684131346744,-0.01987944281440779,-0.019332991731616733,-0.018869001567488386,-0.018611852803440687,-0.01812132731544258,-0.01761654885470798,-0.017138329322060164,-0.01673682026288148,-0.01620236559305721,-0.015407506816632832,-0.015127724229160089,-0.014425337539900385,-0.014016624782928089,-0.012945622558870884,-0.013531566322086963,-0.012463686577430355,-0.011658617651246983,-0.011400675780742775,-0.010942287862080624,-0.010564802441665355,-0.01005812637297998,-0.00982515953316443,-0.00960510305088702,-0.009240142455125389,-0.008982802209230423,-0.008777640124228991,-0.008695483452704877,-0.0083515516201087,-0.008124701518757771,-0.00820783249791357
Batch1,43,development,4.0,651.0,8C(25%)-3.6C,2017-05-12_batchdata_updated_struct_errorcorrect.mat,99,1,100.0,1.070522194949495,0.0008917599141955,0.0161048555656565,99,33.339782658681436,36.82060524242424,11.17782324915825,11.138113333333118,-0.0191656267784761,-0.0446058901526373,0.000214892336711,-3.667779071634814,ok,8.0,25.0,3.6,False,0.0032219099378877,True,stop_boundary_asprovided,True,Raw label equals observed max+1 and endpoint is within 0.005 Ah above threshold; exact crossing unobserved.,1.0715883,-0.00236667384293,0.000230766,0.0144178738000256,0.2492138262931647,3.4816337801998714,11,11,100.0,0.026488706275316187,-1.5769392523940409,-4.670770879850269e-05,-5.6940618120884955e-05,-5.4494152789402424e-05,-7.646888400022383e-05,-8.71647697767426e-05,-9.812310335793992e-05,-0.0001064764586588083,-0.00015670348303707974,-0.00016504048374554664,-0.00017895529918641583,-0.00022098261397550563,-0.00022163472119478278,-0.00037614838842122897,-0.0003463081763929801,-0.00041215848750534786,-0.0005221105613792826,-0.0007977454404316763,-0.0007459303357403961,-0.00129808854996823,-0.0021180477911313597,-0.003719914441681023,-0.009366682883328287,-0.021406976234427347,-0.03141928667682806,-0.03144687150531217,-0.03296973730587871,-0.03449509673558865,-0.037690480295381135,-0.03581628096017586,-0.036799787205607726,-0.03675071699179,-0.037251733086049565,-0.0370740728163097,-0.03926471915340746,-0.040945427716928884,-0.04302783392216403,-0.043853555621197415,-0.044221366428155884,-0.04437139500664189,-0.04438851901636698,-0.04387116202659802,-0.04303490871243354,-0.04186982334308442,-0.04143849190269944,-0.04013629373957561,-0.038457451774545404,-0.03752490528907193,-0.03617700518524036,-0.03537680870895665,-0.03375888380672498,-0.032319916049811104,-0.03168912451058925,-0.030276973083600445,-0.02948320248791514,-0.028448195866818127,-0.027490644051351265,-0.02654146147214509,-0.025927217135113034,-0.025253164455748323,-0.024345785570957457,-0.02374017574403764,-0.02270479993020924,-0.02213980469155996,-0.021876357634753152,-0.020910328292945923,-0.020326597922747602,-0.01980702665880285,-0.018784436184540843,-0.018782941630990146,-0.018309715762724776,-0.0178312226744477,-0.017325632881924014,-0.01690980471693071,-0.016731979654804663,-0.01596054769227817,-0.01547241628565077,-0.01485178510916807,-0.014663654659952341,-0.013848954269667368,-0.013068686591426903,-0.012443396643191607,-0.011945616601927167,-0.01111020566785137,-0.01056057485795514,-0.010012537789427345,-0.009597580471750522,-0.009154534328079666,-0.008643152345640281,-0.00837217844968885,-0.008358610790979881,-0.007945066455749439,-0.007509368534437844,-0.007383577816465259,-0.007237183945421721,-0.007020962253980301,-0.006889914157284238,-0.006685181285051911,-0.0064310204629445256,-0.006199665545253197,-0.006383537337831369
Batch1,44,holdout,,616.0,8C(35%)-3.6C,2017-05-12_batchdata_updated_struct_errorcorrect.mat,99,1,100.0,1.0868420717171718,0.0011324582364728,0.0174138499696969,99,32.55333216968653,35.79095866666667,10.258049427609434,10.22140833333348,-0.029329092901317,-0.0587970716540376,0.0003795770928016,-3.42070000480644,ok,8.0,35.0,3.6,False,0.0042103382704254,True,stop_boundary_asprovided,True,Raw label equals observed max+1 and endpoint is within 0.005 Ah above threshold; exact crossing unobserved.,1.0882808,-0.0030184305374127,0.000260866,0.015074692441105,0.2826428448635099,3.253594670027496,11,11,100.0,0.03194865299031294,-1.4955474477154798,-0.0002946073202782062,-0.00018913719672783045,-0.00016369058093202685,-0.00018868652470966187,-0.00017453328289144827,-0.00021285740519446164,-0.00020325176968366424,-0.0002612585690398828,-0.0002814305323131992,-0.0002954845572046526,-0.00034023106763871915,-0.00036099598405037615,-0.0004515206253120057,-0.0005640550580415966,-0.0005642263663943083,-0.0006952705311226836,-0.0010777858422445427,-0.00116531821053905,-0.0013475901509970092,-0.0022788556565247475,-0.004547257537121846,-0.010144686326887732,-0.02600919928092693,-0.039245344563601015,-0.044121246647641166,-0.04837123249383657,-0.048511818099529425,-0.04931344850780223,-0.04974725726999896,-0.05044128604287368,-0.05011645977552981,-0.05238745002726575,-0.052166499986218695,-0.052878575772148495,-0.05379162409770155,-0.05541644176381599,-0.056854673225660735,-0.056997487103055744,-0.0583359326839199,-0.05789533160452387,-0.057819892843541165,-0.05709301702181102,-0.05671592286946814,-0.05589327770715147,-0.05547677475236035,-0.05395775582738427,-0.053437044800451194,-0.051810094146721886,-0.050997265116193624,-0.049496252228731,-0.04845950981934022,-0.047327732659318,-0.04641059319474217,-0.04519351558027518,-0.04448799053185959,-0.04324713507376865,-0.04197884726732326,-0.0412620422899197,-0.04039813233485101,-0.03956140836599431,-0.03859630605446607,-0.037575087581367184,-0.037092077072789165,-0.03615717999566903,-0.035642289471268906,-0.034923106750008204,-0.03401439757275537,-0.033611125326140634,-0.03282269357254197,-0.03255052799759506,-0.03174835642364804,-0.031186807846860676,-0.030444244938002907,-0.029532787918200798,-0.029055602705503336,-0.028119893191503875,-0.027186993350578392,-0.025846658003397138,-0.02461827535885086,-0.02335945052067845,-0.022624874582318988,-0.02199272817779363,-0.020659232384789394,-0.02053142547261433,-0.020165954049579327,-0.01944689344220807,-0.019334294105675998,-0.01858839240023835,-0.018403902143831585,-0.018115728060107417,-0.017682698744151404,-0.01748034196759085,-0.01689641728700919,-0.017117717093701135,-0.016552678991235803,-0.016450409122973353,-0.016377124937136056,-0.015998801091670956,-0.015833830679939265,-0.015959880874377497
Batch1,45,holdout,,599.0,8C(35%)-3.6C,2017-05-12_batchdata_updated_struct_errorcorrect.mat,99,1,100.0,1.0871594505050506,0.0007692257379954,0.0166742515858585,99,33.0005473910965,36.69642807070708,10.257274326599305,10.221549999999842,-0.0288660905211357,-0.0594035099161143,0.0003755845892835,-3.425292235698853,ok,8.0,35.0,3.6,False,0.0022554030896634,True,stop_boundary_asprovided,True,Raw label equals observed max+1 and endpoint is within 0.005 Ah above threshold; exact crossing unobserved.,1.0877666,-0.0015686269462584,0.0002726779999999,0.0164684475445175,0.3542597543657209,3.678427816589945,11,11,100.0,0.031207519225045152,-1.5057407532729845,0.00010571722070946006,6.272556413112129e-05,6.683355954393145e-05,4.722015813802237e-05,2.590973766677571e-05,1.1932338257767154e-05,1.3606878024360024e-05,-9.952222258515116e-06,-5.530306493990245e-05,-7.181540225132624e-05,-0.00017310662611949405,-0.00015974843205241503,-0.0002996935708509934,-0.00031056764766709995,-0.0004889035348584446,-0.00042964669846461655,-0.000668004677080402,-0.0009285223178651693,-0.0014015324590824982,-0.0024303049276435326,-0.004370706491894381,-0.010999529214520978,-0.02602165784848451,-0.03918705524929017,-0.04760750681456244,-0.04517965925456341,-0.04850556077481466,-0.04771589341298155,-0.049292059215477524,-0.05085768154419956,-0.04952663347375574,-0.050127640353320624,-0.050476907409231164,-0.051935119304766686,-0.053502085331973315,-0.05447480177847752,-0.05681668076692514,-0.0583344793496503,-0.057860353694804245,-0.058417568261616926,-0.05751880206583926,-0.05745946255039314,-0.05605794453397539,-0.05587475998515945,-0.054752860820408644,-0.05360363774415122,-0.05268385184067814,-0.0513973381192967,-0.05006090167242461,-0.04883263535796312,-0.04813912213860305,-0.04682032684564419,-0.04565921778698245,-0.04454867210472957,-0.043658147576266404,-0.042600321623502135,-0.041478239957273955,-0.0408279673565668,-0.03957652899150488,-0.03915070015719424,-0.0380913557273066,-0.037120134275569816,-0.03661422883860066,-0.035403092898323996,-0.03481373864765325,-0.03410760759540166,-0.03369328735910404,-0.03297086394320092,-0.03257467170412642,-0.031488495067347744,-0.031180430396217096,-0.030499643737692095,-0.029998993068625524,-0.028972615225306475,-0.027968321465257073,-0.026546296616894338,-0.025331813525647062,-0.023792412588538703,-0.022823426122794865,-0.022068078449443584,-0.021339012732619178,-0.020689333108193653,-0.020233050011768006,-0.019645177057805663,-0.019479648620051027,-0.01885781303738976,-0.01864238101238347,-0.018090244309311165,-0.017939623170988073,-0.01765054521456877,-0.017327177040916464,-0.017182476196801577,-0.01684568251017393,-0.016734001727106262,-0.016535520539172177,-0.01618343014855217,-0.01622846294123037,-0.016112562071429082,-0.015918787121481426,-0.015948906425883314
Batch1,5,development,1.0,1074.0,4.4C(80%)-4.4C,2017-05-12_batchdata_updated_struct_errorcorrect.mat,99,1,100.0,1.0803274434343435,0.0010474769149627,0.0162703885757575,99,30.92149771366389,33.02000678787879,15.07576803030309,10.91741500000062,-0.0110739129797385,-0.0251787789493372,6.624026126041227e-05,-4.178877963304522,ok,4.4,80.0,4.4,False,0.0001351287625417,True,stop_boundary_asprovided,True,Raw label equals observed max+1 and endpoint is within 0.005 Ah above threshold; exact crossing unobserved.,1.0799582,-6.944713230572002e-05,6.225500000000064e-05,0.0038308126559392,-0.0076765664162365,2.0591203302919787,11,11,100.0,0.013782192787371,-1.8606816794027687,0.00023711126592161497,0.0001418688481905974,0.00010402431292406113,0.00010456320555893165,0.00010423737634977998,9.84779771626143e-05,8.434991746345075e-05,8.460101992261966e-05,6.977503974930693e-05,5.084705567594532e-05,4.116810586610956e-05,1.3621131295954263e-05,5.674311817726804e-06,-2.528279951358528e-05,-3.4792780740186546e-05,-0.00011882663714250438,-0.0001965339054196165,-0.0003221537472601378,-0.0005096543744208051,-0.0009704915759381552,-0.0020022965243278387,-0.0044547586233421865,-0.01071881596738182,-0.014374136370888663,-0.015671586228288403,-0.01639615121824295,-0.01724546654268949,-0.017590309276023453,-0.01860757666312063,-0.01928639508069918,-0.019142969132615595,-0.019671738990328147,-0.01998668822071603,-0.020463088262742457,-0.021705868896722214,-0.022521956382619224,-0.023305415843329347,-0.024192877958793213,-0.02452055022048938,-0.02486644871582977,-0.024939967213653658,-0.024954402651735985,-0.024778144620726028,-0.024336125383211504,-0.023960721165833032,-0.023393656289228404,-0.022796714539185414,-0.022114644204382805,-0.021488205445731157,-0.020598231410165813,-0.02000015798893151,-0.019184343740799248,-0.018542361604511948,-0.017914687512668115,-0.017573105242291387,-0.016915962639867166,-0.016104670110267394,-0.015668487722661162,-0.01524049364229807,-0.01471087279505201,-0.01423518384433109,-0.013467396635396867,-0.0131754056542559,-0.012910426420666532,-0.012542935759334517,-0.012248239955839235,-0.011898454640040912,-0.011432454936300962,-0.011216452194212412,-0.01071292302685789,-0.01042137520366504,-0.010178713572688736,-0.009971267896521141,-0.009810549988666706,-0.009515381047257243,-0.009283372064402107,-0.009071668094732477,-0.008909267621575845,-0.00863160598759527,-0.008398381932916754,-0.008280458346114461,-0.008093105711538984,-0.007556306444701066,-0.0073358323993570895,-0.007157139140044455,-0.006850815841203506,-0.0066547017877351955,-0.006546233311647498,-0.0060379088049438145,-0.0059117412992470975,-0.005644127367962382,-0.005484806174217649,-0.0051482465126970745,-0.005176467507368665,-0.004630603226902119,-0.004562614813052868,-0.00427625385538688,-0.004154875105506495,-0.003932312409067107,-0.003880525468443974
Batch1,6,development,4.0,636.0,4.8C(80%)-4.8C,2017-05-12_batchdata_updated_struct_errorcorrect.mat,99,1,100.0,1.0809117848484848,0.0011514053246823,0.0166757100612244,98,32.27384521945563,35.79263145454546,10.04485760942758,10.0083150000001,-0.0159650562482748,-0.0378860393134797,0.0001702637129223,-3.768877900227724,ok,4.8,80.0,4.8,False,0.0020778099219621,True,stop_boundary_asprovided,True,Raw label equals observed max+1 and endpoint is within 0.005 Ah above threshold; exact crossing unobserved.,1.0811012,-0.0014204035662896,1.5100000000031757e-07,9.055906730177013e-06,-0.107620196217482,3.4991643398692247,10,11,100.0,0.023091715261664925,-1.6365438063202158,6.203428184438494e-05,3.532249558202148e-05,4.633180274660309e-05,5.324869462624052e-05,4.005319209508438e-05,3.595738223379917e-05,2.7707888427009122e-05,2.1277209073198525e-05,-2.62830018460088e-06,-9.732891668336532e-06,-1.2035627346032411e-05,-5.206776865353084e-05,-6.663102201811752e-05,-0.00010123750466562408,-0.0001310098330667385,-0.00021291081199007258,-0.00030609427299015807,-0.0004574242889011336,-0.0006565610416757982,-0.001239146957118513,-0.0026762833753241205,-0.006894055327791984,-0.01998986623414388,-0.03131003804820423,-0.03499741262771572,-0.034102173850590944,-0.03359660272537701,-0.034138597268853044,-0.035741534611418824,-0.03612450502827169,-0.03681618138242981,-0.036224039745158754,-0.036601975768238204,-0.036965454743261184,-0.03726771228244763,-0.03757491019146386,-0.03787606453956427,-0.03780156198191664,-0.037500340538556776,-0.03691064066398131,-0.03604213590558791,-0.03542471205133768,-0.034585342277902,-0.0335719368721451,-0.03254807832665285,-0.031338308777414725,-0.030236172835988895,-0.02900755117172238,-0.027940062511622066,-0.02666808303092627,-0.025616533466009783,-0.02471877296322844,-0.023573493636875886,-0.022776930278791685,-0.021827320536611516,-0.021061426999567034,-0.02029233373434569,-0.01966279191170206,-0.018882819662558337,-0.018238149643636792,-0.017651645846721742,-0.017010752610847835,-0.01630784573779609,-0.01585987873319028,-0.015332400671959734,-0.014799534127817093,-0.014525801247692316,-0.013997197383506688,-0.013600025743330857,-0.013203105539157267,-0.012864795909020899,-0.012480347038475337,-0.012241133421380335,-0.011916527797021237,-0.011512984316097041,-0.011227612397696651,-0.010924114064496893,-0.010702556878517733,-0.010302201410423928,-0.010092546942664038,-0.009756536957502782,-0.00941095346499865,-0.009024221767842455,-0.008737846071743327,-0.0082851808423543,-0.008102757266646998,-0.007717633226661524,-0.007447492958144952,-0.007143827445111439,-0.006906206542580895,-0.00660995018222299,-0.006378170857622489,-0.006267212431709357,-0.005898145800524945,-0.005678791805725059,-0.005496412840100273,-0.005153827454168036,-0.005152055547504197,-0.005071022421798244,-0.004688861494140495
Batch1,7,development,4.0,870.0,4.8C(80%)-4.8C,2017-05-12_batchdata_updated_struct_errorcorrect.mat,99,1,100.0,1.0969264323232324,0.0008160083405221,0.0162139184081632,98,31.99008450921703,35.32269474747474,10.044094528619514,10.009005000000371,-0.0166457272456197,-0.0382333865070744,0.0001536434047758,-3.8134860773269863,ok,4.8,80.0,4.8,False,0.001504458512502,True,stop_boundary_asprovided,True,Raw label equals observed max+1 and endpoint is within 0.005 Ah above threshold; exact crossing unobserved.,1.0967561,-0.0007503035542724,9.806349999999868e-05,0.0060627759307729,-0.0694498400387182,3.333038124293775,10,11,100.0,0.01928614372860095,-1.7147546010140908,-0.0002343851186142402,-0.0001690342257416297,-0.00014712920580157318,-0.00017856798717543214,-0.00017382770996681785,-0.0001854040582221809,-0.00019310724599209137,-0.00020214299494122293,-0.0002226472130416714,-0.0002315964188518236,-0.0002600153324054796,-0.00027631289322866456,-0.0003231352679339567,-0.0003540678293620404,-0.00037310568497942245,-0.000504156119508218,-0.0006223592211979691,-0.0008596671640266063,-0.0011885948597410052,-0.0020945683128130027,-0.004397279958164954,-0.012407474638914867,-0.027409258763729183,-0.03247002045724939,-0.035932205745966284,-0.03636541065575105,-0.03548414722582527,-0.0364485186348934,-0.0371647207844753,-0.03823338650707442,-0.03752385869939823,-0.03714290880276805,-0.036779304195713625,-0.036729531357648004,-0.03710242535908492,-0.03687476500801956,-0.03660248961072177,-0.03597162001215448,-0.03507088841948147,-0.03453412912613962,-0.03363259750268477,-0.0327109900527659,-0.03179651649938542,-0.031149142640125915,-0.030088250688953155,-0.029032668996163302,-0.02823136169986651,-0.027191387657418797,-0.02620606396569869,-0.02548646484687378,-0.024562159067677447,-0.0236794925025825,-0.02302496689923572,-0.022188100098267993,-0.021464437236003997,-0.020802112920022875,-0.02012548449838425,-0.01955333200773124,-0.018910156804042177,-0.018477720986377788,-0.017866506372125945,-0.017457587975103106,-0.016940598766829185,-0.016474610364251685,-0.016011436993052408,-0.01567656286689667,-0.015181642109148852,-0.014842847726787456,-0.014574985741234281,-0.014353563014025239,-0.014084876996888207,-0.013725914634727054,-0.013507067196163236,-0.013281901677006491,-0.012770101463291272,-0.01284597268880594,-0.012507721243498526,-0.012372160894822848,-0.012071818990180061,-0.011866669121150197,-0.011505830085718038,-0.011432317408851533,-0.010930465462938077,-0.0108963728635727,-0.010534739427317641,-0.010374861123528367,-0.009966962055816708,-0.009848056532124172,-0.009529218346379098,-0.009345008543930389,-0.009195658881068658,-0.008918556078212125,-0.008806805544246732,-0.008463689395564744,-0.008260335813807584,-0.008111104147120907,-0.007859307023476036,-0.007591802107571377,-0.007574524558734863,-0.0073198034361492414
Batch1,9,holdout,,1054.0,5.4C(40%)-3.6C,2017-05-12_batchdata_updated_struct_errorcorrect.mat,99,1,100.0,1.0876998484848484,0.0009772024093552,0.0168353652323232,99,32.64153361126789,35.98493365656566,11.24185760942762,11.208363333333304,-0.0115106005684801,-0.0287244756962299,8.72200481780871e-05,-4.059383677769545,ok,5.4,40.0,3.6,False,-0.0004908586558369,True,stop_boundary_asprovided,True,Raw label equals observed max+1 and endpoint is within 0.005 Ah above threshold; exact crossing unobserved.,1.0872157,0.0004684443022668,0.0001181789999999,0.0070321332172686,0.0591076533740704,3.331106379278445,11,11,100.0,0.016011716251906893,-1.7955621147524796,-3.762094120557906e-05,-4.064317240956175e-05,-4.6118016829860796e-05,-4.574562068840424e-05,-5.436328579294571e-05,-5.837092530663955e-05,-6.996149058684491e-05,-7.389392643650542e-05,-8.382376207497107e-05,-0.0001009461350543828,-0.00010037707158235768,-0.00012771828820844384,-0.0001425425283148752,-0.00016482562226177548,-0.0002143737391858292,-0.00027669918857730486,-0.00033008207018233107,-0.0005324080606669834,-0.0007028849339548969,-0.0013776482254864025,-0.0026637387137316143,-0.00721153158400252,-0.015569570286623147,-0.01881790074508302,-0.019840628796940152,-0.02122745586592778,-0.022295219146372003,-0.02384445321649109,-0.025268369583534844,-0.026061355597413405,-0.026112278334545658,-0.026450886905731497,-0.02671317552982022,-0.027095847587712885,-0.0276886403634673,-0.028716277849687,-0.028273512410019297,-0.027955082512019946,-0.027668757194912685,-0.02724221319696074,-0.026775091998657796,-0.026308081130788863,-0.02564521955693022,-0.024925868615551017,-0.024060264109256102,-0.023315684300618922,-0.02239290825058815,-0.021409056819745254,-0.020643621400624257,-0.019803552830293336,-0.018974447024185048,-0.0182082724197119,-0.017579777187824552,-0.016804229725290165,-0.016123806408483876,-0.01556694941970549,-0.014962889113159017,-0.014310761435716746,-0.013795564721211795,-0.013362537369274063,-0.012763133107976277,-0.012232665117267283,-0.011741233660777173,-0.011323372163919432,-0.011062046688320892,-0.010676219240828289,-0.010382373613625262,-0.010074383700299672,-0.00967781918605426,-0.009457096093322459,-0.00915363379858447,-0.008828505601619518,-0.00858115166002027,-0.008342433902048585,-0.00801972021119357,-0.007923993001491603,-0.00763061257857145,-0.007513110838539561,-0.007238499734248061,-0.007073772345123075,-0.006994273467983536,-0.0065883345591146725,-0.006429475797250062,-0.006269773928534672,-0.005972026633096705,-0.005912417987907093,-0.005686281661674508,-0.005378567713961946,-0.005407578654959666,-0.0051516874242303334,-0.00486709634089344,-0.004690230191935152,-0.004425324580507262,-0.004315969280586973,-0.004066221779067236,-0.0037957859747517197,-0.0037183424804589915,-0.0034052118357295047,-0.003258899713487251,-0.0032513178017785638
Batch2,0,external_reserved,,477.0,5.2C(58%)-4C,2018-02-20_batchdata_updated_struct_errorcorrect.mat,100,0,100.0,1.105038492,0.0031350786761728,0.01733813236,100,31.807497385473816,35.36194140015722,10.173261300000108,10.173191666666874,-0.025801000173386,-0.055061277717081,0.0003256380937,-3.4872647963011447,ok,5.2,58.0,4.0,False,-0.0013176985188727,False,observed_crossing_matches_raw,True,Raw target exactly matches first summary-cycle crossing after cycle 100.,1.1056149,-5.146457414775737e-05,0.000218173,0.0126830557995044,0.121956200956383,3.569601313590685,11,11,100.0,0.028366727736043956,-1.5471907596621597,-9.521354407294514e-05,-0.00012667955975585363,-0.00014681898990233963,-0.00015667825315600825,-0.00016637234032027383,-0.00017800433121942672,-0.00018604273512687732,-0.00020382212699076663,-0.00022386593049852303,-0.00024392946506254353,-0.00026266745531005383,-0.00030096820217078227,-0.00033939603230770214,-0.00039639809932069496,-0.00046609042171912203,-0.0005452014675109904,-0.000680440981706578,-0.000902149785055973,-0.001213852759237969,-0.0018815467063628341,-0.0033621929365147477,-0.007876617499459428,-0.019902510922129274,-0.029215710432341974,-0.03088698668183959,-0.03183107524529133,-0.032978432825063964,-0.03583502585021647,-0.03906614036847078,-0.041605313407164335,-0.04377141606488777,-0.045672552023267476,-0.04761010921110398,-0.049604062187200704,-0.05160726426558848,-0.05305691724134931,-0.05407006525812208,-0.05471873701479568,-0.05497498346763785,-0.055061277717081025,-0.05486526794681246,-0.054393408949468536,-0.053708762012057876,-0.05286950576948113,-0.05187186839138136,-0.05078558424583257,-0.04969161231817687,-0.048541976283615895,-0.04742691800043397,-0.04632343159333119,-0.04509126867674895,-0.0439929791589474,-0.04290389588730681,-0.04184854918266545,-0.04081848353124684,-0.039814164490543646,-0.03887302908470369,-0.03792956774023115,-0.03702126267069472,-0.03613880436710892,-0.03530120174479179,-0.03440370226716327,-0.03362020386573672,-0.032825409369962255,-0.032096114722107494,-0.03139081446919656,-0.030720077510110855,-0.030057219435880578,-0.02943718616579405,-0.028829290352747394,-0.028224018929746908,-0.027634521224187303,-0.026949487147328588,-0.026267635474657602,-0.025467813576372844,-0.02453014337397197,-0.0233729741088351,-0.022128034694850696,-0.020891557948302886,-0.019791192623023424,-0.018841374436518343,-0.018042941220006492,-0.017334168134031325,-0.016677911845108362,-0.016140693924960203,-0.015680279116067286,-0.015264154441570588,-0.014887820646574346,-0.014562807378006859,-0.01426105376718434,-0.013983774433456775,-0.013727159303491554,-0.013497749969844097,-0.0132855023517775,-0.0130748672304426,-0.012909946417908769,-0.01274372991806949,-0.012601554952161864,-0.012477293945863055,-0.012335648905909657
Batch2,1,external_reserved,,491.0,5.6C(26%)-4.5C,2018-02-20_batchdata_updated_struct_errorcorrect.mat,100,0,100.0,1.10494644,0.0034263134266403,0.01755915909,100,33.59830289682961,36.44809667816464,10.19907416666656,10.176859166666691,-0.0355950076396831,-0.0661147205894651,0.0005034410615908,-3.2980513654760366,ok,5.6,26.0,4.5,False,0.0031199390030255,False,observed_crossing_matches_raw,True,Raw target exactly matches first summary-cycle crossing after cycle 100.,1.1071947,-0.0012916427435932,-0.000197133,-0.0111585921266925,0.1011029364019719,2.7984900315247323,11,11,100.0,0.033471520896707324,-1.4753245534910173,7.108555611635758e-05,5.315719856785627e-05,4.0066993456189714e-05,4.093093477364933e-05,2.6968605676967825e-05,1.3002094587777303e-05,1.2249587718012912e-06,-1.3859649580755685e-05,-4.635350244185446e-05,-8.250694499350401e-05,-0.00010438554631606208,-0.00016226763662298763,-0.00021960769089589098,-0.0002997690828822775,-0.0004036809548635511,-0.0005281865585614106,-0.0007278818955206816,-0.001030007237804012,-0.001553052692670899,-0.002519380709753778,-0.004997076699306609,-0.013767037438262283,-0.03804205500254723,-0.05774803972649836,-0.06222975172078665,-0.061730090458519016,-0.06095327224920355,-0.06060608456154182,-0.06066957088963354,-0.060962760334888344,-0.061248825225081904,-0.061886457642757575,-0.06289854970902475,-0.06403413093768384,-0.06529271785368007,-0.06589031919298727,-0.06611408715057698,-0.06597688995996076,-0.06568738275978592,-0.06521755420744224,-0.06463197269578413,-0.06396006134468091,-0.06312772308098336,-0.06224236213872647,-0.06127815936333325,-0.06025696647463885,-0.05925358204282061,-0.05825026414222256,-0.05720612147376025,-0.05618672914698353,-0.05508363161496721,-0.054080680324887886,-0.05311319073710008,-0.052135731230510185,-0.051206473201901304,-0.050286879453926625,-0.04939282865808836,-0.04852207327515845,-0.04768299467690007,-0.04686596850536606,-0.046073928884850845,-0.04524006510098699,-0.044502225301387144,-0.043783056841589785,-0.043102068570418206,-0.042435487233376534,-0.04180102912848649,-0.041186882491216714,-0.040594604338387796,-0.04001718055383274,-0.03943179359394522,-0.03885162130978359,-0.038090930283035895,-0.03730955924431667,-0.03631739373194165,-0.03505569323625113,-0.03357120729062979,-0.03209702639656831,-0.030849257069391012,-0.02985596843973104,-0.02901192125585217,-0.028337749674795853,-0.027757992976832124,-0.027200464101041266,-0.02676802810329537,-0.026383307011584423,-0.026034004892880214,-0.025727028741220126,-0.025448236863360396,-0.025195144280840243,-0.024950786304645645,-0.024752499187929322,-0.0245605860844198,-0.02438311971346785,-0.024199413723430485,-0.024055892963321668,-0.023922778201323824,-0.02380414420169563,-0.02370424602698873,-0.023612685077918805
Batch2,10,external_reserved,,492.0,4.8C(80%)-4.8C,2018-02-20_batchdata_updated_struct_errorcorrect.mat,100,0,100.0,1.1111485095999998,0.0116045330271939,0.01706057563,100,31.720671317513244,34.35420149165315,10.169517366666604,10.170869166666792,-0.0295202962995694,-0.0558024498619833,0.0003540787689973,-3.4509001132975605,ok,4.8,80.0,4.8,False,-0.0048262716993156,False,observed_crossing_matches_raw,True,Raw target exactly matches first summary-cycle crossing after cycle 100.,1.111069,0.0044363581379734,8.9332000000001e-05,0.0052563648811137,-0.1061224320816833,2.6551413568859665,11,11,100.0,0.029151186058360146,-1.535343770643488,-3.745489361485022e-05,-5.9492637783813764e-05,-4.599098436058229e-05,-8.577310925285387e-05,-0.00010350283468437403,-0.0001227047063809114,-0.00015086371778488946,-0.0001920580032040535,-0.00023244489735578609,-0.0002802604889915756,-0.0003346890402172349,-0.00039790239821637687,-0.0004782426378624055,-0.0005680950099931203,-0.0006843751304865062,-0.0008513877096739154,-0.0010675232213162474,-0.001445848798295301,-0.002046195171833815,-0.0032082531382674126,-0.006077282233733196,-0.01541845867656469,-0.0387038131188264,-0.05230570467935097,-0.052306883193997955,-0.04850279607080904,-0.04626876020185283,-0.0456541349408357,-0.04589458532129187,-0.046365408734677316,-0.04702690785978192,-0.04783807127353612,-0.04890950107739278,-0.050599763765491246,-0.05240287317957726,-0.053801733995680445,-0.05482012592962515,-0.05534437007863724,-0.05568084866941214,-0.05580143390372627,-0.05570877865628676,-0.0553606899209127,-0.05488267090353083,-0.0542169082662336,-0.053457224525058744,-0.05259961692336912,-0.05168880595942571,-0.050782322590743445,-0.04983937639733027,-0.048885233770559755,-0.04779977455488227,-0.04688967385109566,-0.04593548590627483,-0.04503478101800462,-0.044063482927590325,-0.043221312010083834,-0.04236291914543966,-0.041522443944725596,-0.040699113011225974,-0.03990921266643643,-0.039140329094120574,-0.03831584810161415,-0.03762013526105301,-0.03689921012157127,-0.036243778107330815,-0.035586308808020384,-0.034957656216888955,-0.03434653736182991,-0.03378160975328637,-0.033234322692051066,-0.032664103795984945,-0.03213487470059029,-0.031513266986207045,-0.03084534169720765,-0.030096922472477416,-0.029184360005927168,-0.02804759431620152,-0.02678343851729026,-0.025485655729240442,-0.024337705380673924,-0.023365678105164545,-0.02257548111260599,-0.021892349571737357,-0.021218363702980136,-0.02073412852736256,-0.020272702719963398,-0.019880581493542993,-0.019518405456732557,-0.0191929566877842,-0.018901101332929438,-0.018631279346982943,-0.01837601163989211,-0.018169129438222686,-0.017979831870319485,-0.01778549383325112,-0.017626130121802808,-0.017473987836192473,-0.017341286233777176,-0.01719114875751626,-0.017084299176737927
Batch2,11,external_reserved,,449.0,5.2C(50%)-4.25C,2018-02-20_batchdata_updated_struct_errorcorrect.mat,100,0,100.0,1.101019946,0.0143032853414194,0.01721904361,100,33.14963101101539,37.949925321805395,10.17388110000002,10.173719999999836,-0.0240126334676137,-0.0548987559471969,0.000327044446642,-3.485393220979881,ok,5.2,50.0,4.25,False,-0.0105416078197161,False,observed_crossing_matches_raw,True,Raw target exactly matches first summary-cycle crossing after cycle 100.,1.0994618,0.0075986268918119,0.000439448,0.0257082916682,-0.4143231781431211,4.767413755326508,11,11,100.0,0.029949153298954825,-1.5236154511641395,-7.08192254983666e-05,-0.00011584243523351044,-0.00013915096234344576,-0.00014467511060490352,-0.0001529327336395232,-0.00015835954420514607,-0.00016413127920694888,-0.00017891947584618628,-0.0002023147470178897,-0.00021447189151840244,-0.0002406888924915097,-0.00027017650378121597,-0.00029981803485533247,-0.00034127350387290305,-0.000413524245086486,-0.0004981556089980917,-0.00061224512315141,-0.0008515554332564866,-0.0011957273256770241,-0.0018513071973655718,-0.003626475683973715,-0.00961383474870886,-0.0234222760520265,-0.02992710482485933,-0.034159044162258734,-0.03764110887965577,-0.0408269507871154,-0.04472339440519357,-0.048556276028553835,-0.05087787679053135,-0.05225607144211675,-0.05300294271337169,-0.05365966752181317,-0.054265772606094775,-0.05486192802228129,-0.05485546538619501,-0.054439469220939896,-0.05372051151160595,-0.05287812899123312,-0.051974146473311444,-0.05102378391188067,-0.05003050568498413,-0.04892920196417072,-0.04785828973376682,-0.04670382226402647,-0.04548818567541646,-0.04434904867482903,-0.043172537360553154,-0.04200111413157426,-0.04087461836882322,-0.03965886968339427,-0.03857852233879633,-0.03752202102623614,-0.03650908162470201,-0.03552737034211939,-0.03456343908357584,-0.033641416421301806,-0.03274323605923346,-0.03188140500642367,-0.03106500175504312,-0.03025278985832336,-0.029406367264317,-0.028665915647458462,-0.02796052403998983,-0.027263193174116518,-0.026620359144123418,-0.025981656991173052,-0.025392458724526223,-0.024804741544377062,-0.024246452413684505,-0.02371528952063162,-0.023180404111746933,-0.022589239306316067,-0.022026150945289924,-0.021392662773077387,-0.020694864208397723,-0.019886962663835828,-0.018950540442149055,-0.017936625193131883,-0.016897234852487175,-0.015922755093581653,-0.015044054099546234,-0.01428762184109611,-0.013556217901748768,-0.012986415155034958,-0.012481535912087116,-0.012033743264302288,-0.011629078853338637,-0.011247495972350086,-0.0109219862358374,-0.010613815586355102,-0.01034422339294161,-0.01009840935773898,-0.009873882431741032,-0.009641622114306747,-0.00945008879576581,-0.009266135209872628,-0.009102733631409343,-0.008955745319366715,-0.008811878744787283
Batch2,12,external_reserved,,466.0,4.65C(44%)-5C,2018-02-20_batchdata_updated_struct_errorcorrect.mat,100,0,100.0,1.1041123279999998,0.0021180854894985,0.0165294125499999,100,31.316793895936517,33.597951965213426,10.17485430000005,10.17462499999965,-0.0393975922721543,-0.0773312434486568,0.0006792531042316,-3.1679683681509765,ok,4.65,44.0,5.0,False,-0.0030423032329996,False,observed_crossing_matches_raw,True,Raw target exactly matches first summary-cycle crossing after cycle 100.,1.1031756,0.0035724140381639,-0.000202812,-0.0121284150935294,-0.6108753361021435,2.168381710248509,11,11,100.0,0.040592194201186205,-1.3915574723655995,2.5599653875487077e-05,1.4579566620076241e-05,-7.415448787891977e-06,-3.1990966536068815e-05,-5.112713484897442e-05,-8.36386975571631e-05,-0.00012112210795160424,-0.00016189879126053122,-0.0002079793102441798,-0.00027348230457994484,-0.0003346385240472075,-0.00040727138349706815,-0.000502641928502856,-0.0006202310802395309,-0.0007507894789713747,-0.0009429173606074169,-0.0012161521900239149,-0.0016488585260624848,-0.0023340952243384103,-0.003700374681291252,-0.006890958620264245,-0.017162864204578077,-0.04304875320041114,-0.06463270859110312,-0.07094052773120607,-0.06907158453182122,-0.06830737071212856,-0.06903428537348533,-0.07209353095070659,-0.07389798244185941,-0.07493219245683969,-0.07556653345416031,-0.07592859553002573,-0.07643812135015893,-0.07712563687358931,-0.07733124344865683,-0.07721426448162494,-0.07683937299911847,-0.07628351571844028,-0.07551206087105156,-0.07462419694721423,-0.07360940703704821,-0.0724493824891993,-0.0711812545915802,-0.06984759233268578,-0.06845510810273381,-0.06705861056128748,-0.06565767735566808,-0.06428767401656366,-0.06291066051140759,-0.06144004725966834,-0.06013064573328153,-0.058859074432366265,-0.05767100396951641,-0.05643510000600038,-0.05527973451159951,-0.05413804732060201,-0.05304790195237796,-0.05201521386076802,-0.050995207052608627,-0.05001231762798086,-0.048964302292103135,-0.048039788506415104,-0.04718069828169069,-0.046322898043177574,-0.04551197449239486,-0.04471805129055406,-0.04395259163521348,-0.04322798599487876,-0.042528114035452314,-0.04178947484266682,-0.04100130794172174,-0.040017095222985466,-0.038873651734793846,-0.03741064694279017,-0.03559519605629813,-0.03373720264619662,-0.032189734560273076,-0.030992479829770492,-0.03003161042874325,-0.029223072307056785,-0.028551444876499188,-0.02797842763346514,-0.02739951554188691,-0.02694861321913966,-0.026538715666304613,-0.02617813652183476,-0.025865403843652546,-0.025556736856766182,-0.0252717641692215,-0.025022813270429767,-0.024791103954643123,-0.02459422867173111,-0.024403532007354567,-0.02421982684314372,-0.02407770262261244,-0.023932051030071122,-0.023804694895972034,-0.02369598416109331,-0.023577179716696595
Batch2,13,external_reserved,,460.0,4.65C(69%)-6C,2018-02-20_batchdata_updated_struct_errorcorrect.mat,100,0,100.0,1.094944933,0.0014608041999241,0.01607549433,100,31.948019425910115,35.06856349287113,10.2140922166666,10.212831666666895,-0.0340700221226121,-0.0646744884060953,0.0004524309203412,-3.3444477218838284,ok,4.65,69.0,6.0,False,0.0007374865424433,False,observed_crossing_matches_raw,True,Raw target exactly matches first summary-cycle crossing after cycle 100.,1.0958774,-0.0001976498465977,-0.0002302399999999,-0.0141529626434075,-0.2940047748238612,3.091911187402017,11,11,100.0,0.028616814135990404,-1.5433787171930755,2.196905073116053e-06,2.0076881663732448e-05,1.5827702140347975e-05,1.591160569999327e-05,2.649362009635994e-06,-8.095038590562017e-06,-2.8066487588597738e-05,-4.412344181311959e-05,-7.274322479505074e-05,-9.998944562895993e-05,-0.000138249928377388,-0.00019538336620151218,-0.0002433141687202718,-0.00033017075748378,-0.0004207458541494735,-0.0005459139797910004,-0.0007413650260046298,-0.0010363540093400146,-0.0015367153998068935,-0.002553342172092632,-0.005068409507465177,-0.013192789259590998,-0.030691083778766004,-0.04147718926401761,-0.04490462063521655,-0.04637840618323763,-0.04760740771651634,-0.04874825067473609,-0.0508732854165147,-0.0524456944491517,-0.053923183420796716,-0.0553762991899609,-0.05672551134543824,-0.05850661395219414,-0.06037052484120564,-0.06199950724333192,-0.06323046251272368,-0.06401709370622288,-0.06450683279111835,-0.06467359832971808,-0.06455692570910165,-0.0642074094578079,-0.06364068206102225,-0.06287747237082775,-0.062015674458572034,-0.06100340078889688,-0.05993661686806562,-0.05888617887877767,-0.05778571428397139,-0.05671837553804415,-0.05553820269477783,-0.05449285584660901,-0.05343586542563561,-0.05242639806991456,-0.0514338888876289,-0.05047982450411992,-0.049518645129326466,-0.04864274698028026,-0.04777455821683285,-0.046919460629140874,-0.046095630253042974,-0.04522808444650217,-0.04447251010783215,-0.04373396044632738,-0.04301835391982245,-0.042316887817846705,-0.04166847825906317,-0.0410368753207373,-0.04042983760227559,-0.039832131778818614,-0.0392404425719719,-0.03861904674710859,-0.03784918460332287,-0.03700822194598996,-0.03595502881137591,-0.03456692592245614,-0.032963815533349594,-0.031426549878467824,-0.030189471827924974,-0.0291878441663751,-0.028378675530484898,-0.027706801865437614,-0.02712595643211757,-0.026563230239684987,-0.02612898783899742,-0.025740436584655857,-0.025394562551604105,-0.0250848161495707,-0.024798649076364088,-0.024544363237609,-0.02431014646770846,-0.0241004391941122,-0.023919248865441833,-0.023751312621941523,-0.02358218544324253,-0.023434120897648736,-0.023304005272190675,-0.02319482820965746,-0.023097998597787495,-0.023000532051923317
Batch2,14,external_reserved,,426.0,3.6C(30%)-6C,2018-02-20_batchdata_updated_struct_errorcorrect.mat,100,0,100.0,1.079302612,0.0035480742375274,0.0162701026,100,32.124753255414234,35.20006219179895,49.482795350000096,10.23871166666698,-0.0445557645103633,-0.0837144352028476,0.0007611671443129,-3.118519966248836,ok,3.6,30.0,6.0,False,0.0098753228221053,False,observed_crossing_matches_raw,True,Raw target exactly matches first summary-cycle crossing after cycle 100.,1.0832349,-0.0055798608408941,-0.000165496,-0.0100802799498447,-0.1165820195594449,3.013820595056284,11,11,100.0,0.03845879953147327,-1.4150042761296162,-0.0001956030035445073,-0.00022221499901607005,-0.0002402086625442181,-0.0002534928468136275,-0.0002799400297729133,-0.00030988023967122927,-0.00036635936830894207,-0.00041054370894625086,-0.0004646852117786084,-0.0005401041655999118,-0.0006094539718527782,-0.0007173564258139567,-0.0008255778547263237,-0.0009639783991969107,-0.0011373636014056672,-0.001374701320938955,-0.0016974161006497734,-0.002258705271130191,-0.0031356445571741956,-0.004861939370296844,-0.00907430439712726,-0.022947524936164913,-0.05670962651322242,-0.08051020519493246,-0.08091725144866982,-0.07647055506163536,-0.07389615601034183,-0.07390857511512378,-0.07660899206227645,-0.07904206237562283,-0.08043110085397676,-0.08121718970072211,-0.08192570562535606,-0.08279360997967256,-0.08341140275045911,-0.08365803868774535,-0.08331354474889152,-0.08254299266723186,-0.08162475940503466,-0.08049865703081305,-0.0794507722436496,-0.07831365214681962,-0.07711699690396301,-0.07576679669206277,-0.07443329102265539,-0.07304744780391814,-0.07168242490595278,-0.07033327993547234,-0.06899563896565497,-0.06769398056845166,-0.06628093546913105,-0.06505973354900874,-0.06385660530796278,-0.06269732434301634,-0.06157547336796332,-0.060476355864914066,-0.05942433914559431,-0.05843562092444354,-0.057446180766605015,-0.05649781269944465,-0.055572620037346976,-0.05461809246453164,-0.05374634567810277,-0.052931276102866964,-0.05218105266942741,-0.051409469980527756,-0.050690814836090614,-0.04999844200429526,-0.04931910259838734,-0.04866391773472567,-0.04802189963301151,-0.04734065605542637,-0.04648460661774689,-0.04554688976078014,-0.04435934712566669,-0.04282259747278927,-0.041101310888647435,-0.03952995288464489,-0.038279389077124804,-0.03727236941539436,-0.036472254826752426,-0.035813289382020885,-0.03523481136226381,-0.03468243791438286,-0.034248512129233744,-0.03385568599816846,-0.03352743565668126,-0.03321891753969708,-0.03295122747097201,-0.03270751131759142,-0.03247513531673496,-0.03224582567398748,-0.032072309979489955,-0.031896089566858965,-0.03172547202765563,-0.031585793556935915,-0.03145941347691883,-0.031341881710222896,-0.03125061413657071,-0.03116248655665599
Batch2,15,external_reserved,,396.0,3.6C(9%)-5C,2018-02-20_batchdata_updated_struct_errorcorrect.mat,100,0,100.0,1.0749797360000002,0.0030926595215552,0.0163139075299999,100,32.862312590345454,36.06955824939098,10.17305868333338,10.174974166667624,-0.0241352883526542,-0.0509346763941556,0.0003046127470747,-3.516251926776714,ok,3.6,9.0,5.0,False,-0.0088911381589428,False,observed_crossing_matches_raw,True,Raw target exactly matches first summary-cycle crossing after cycle 100.,1.0717336,0.0054634845823625,-0.0001510179999999,-0.0092165921116961,0.0002695707506035,3.206650876030018,11,11,100.0,0.03193420141188377,-1.4957439399020727,-0.00010785854214413008,-0.00011313524605409986,-0.00013405263942739467,-0.00014126148222870483,-0.00014586586352311696,-0.00015453320054985027,-0.00015973060706091701,-0.00017885619353399896,-0.00019675289056777373,-0.00021224479954469206,-0.00023892649019332038,-0.0002789896385264482,-0.00032439431826686467,-0.0003883541382612519,-0.00045917343156967605,-0.0005609430512608388,-0.0007008673392798898,-0.0009713865774379979,-0.0014140667605364449,-0.002261100223288355,-0.004493607458648158,-0.012243302149682042,-0.030656062157790723,-0.0427822651722799,-0.04497732811289462,-0.044169062021433225,-0.04375764497160112,-0.04458452617512032,-0.04558888213330847,-0.04624211639402098,-0.04649389138136639,-0.04657665479216977,-0.04715920215285829,-0.04831808178804475,-0.049532760449536695,-0.05046327440737075,-0.0508947072925664,-0.05090878759163786,-0.05076876797753249,-0.05043497801126551,-0.04994618988448507,-0.04934935257191331,-0.04854662917244601,-0.047635335699300896,-0.04657425632443468,-0.045505027084872585,-0.04436984262339683,-0.04326576983470187,-0.04215080635592017,-0.04105967957503298,-0.03987713708750518,-0.038814306260819165,-0.03779278646984441,-0.03678203393456336,-0.03583548423365701,-0.03487527927548317,-0.03396769094264118,-0.03296748130059235,-0.03202115558357821,-0.03143927732302121,-0.030672563002781317,-0.02985415813971648,-0.02913192068244519,-0.028446882713939803,-0.02776738458810102,-0.027120527941115524,-0.026517913801933357,-0.025928046205379474,-0.025366590370093034,-0.024825444624957616,-0.02430759186803577,-0.023775967156979383,-0.023167849169544397,-0.022571693965702244,-0.021897611767509817,-0.021093289824536177,-0.020103485674172528,-0.018935810944601394,-0.017702977235644957,-0.016583812684918042,-0.015634075165232186,-0.014850149847720484,-0.014187229756662978,-0.013591562868995988,-0.01312282196235448,-0.012721281326401046,-0.012366289489265991,-0.012042859610302825,-0.01177727991234434,-0.011528099315241347,-0.0113043186880033,-0.011091449472385051,-0.01090545930510145,-0.010756646559054506,-0.010601755211998798,-0.010480696564539205,-0.010362902534484242,-0.010260259186232412,-0.010162386650392818,-0.010081866912772908
Batch2,16,external_reserved,,472.0,4.8C(80%)-4.8C,2018-02-20_batchdata_updated_struct_errorcorrect.mat,100,0,100.0,1.097015996,0.0019885957690061,0.01749419094,100,32.76618715423966,36.98699901212051,10.171623783333349,10.171572499999456,-0.0262446524109426,-0.0532543676756424,0.0003199771811309,-3.494880991874622,ok,4.8,80.0,4.8,False,0.0022130840101922,False,observed_crossing_matches_raw,True,Raw target exactly matches first summary-cycle crossing after cycle 100.,1.0974938,-0.0014568647221515,2.1472000000001545e-05,0.0012287238696608,0.1107289032838281,4.237863159413923,11,11,100.0,0.028678916485753922,-1.5424372607150878,-0.00020941586596510148,-0.0002067840107363273,-0.00023046586753005098,-0.00023481581552590026,-0.00023923627038752897,-0.00024330734474143885,-0.0002514381100015761,-0.0002577703917755053,-0.00026575332345932495,-0.00028105128625152513,-0.0003080786079278164,-0.00033501420251287085,-0.0003700207752724196,-0.00039703139627154764,-0.0004662069003317816,-0.0005507202914291805,-0.0006692660495115875,-0.0008416414834189201,-0.0011417381928281352,-0.0016572922052007083,-0.002943910792882469,-0.006736247284722718,-0.019369661947229236,-0.032310392051624226,-0.03789231095123924,-0.04035354050127654,-0.04152717050759869,-0.043327599625709756,-0.045040658397594524,-0.04628284162118079,-0.04711023963572947,-0.047770266236976444,-0.04864425334296396,-0.0499439405374168,-0.051217894763773586,-0.05225559302993632,-0.052720279324571795,-0.05306343323043383,-0.05323061418699304,-0.053182394783278686,-0.053033752031592996,-0.052570413793328274,-0.05199348790723435,-0.051141691651389265,-0.050215188520126075,-0.04920557723935737,-0.04817405068846681,-0.04708306478176871,-0.046037678271207305,-0.04494740536381747,-0.04382634956010667,-0.04282998033140495,-0.041818695272600626,-0.040846128302650664,-0.03989223010728793,-0.03900565962101821,-0.03811502231938191,-0.03723361857968355,-0.03642538385651295,-0.03562731254031126,-0.03485766073032526,-0.03403943140782362,-0.03330852424739117,-0.032621520198081955,-0.03196406050496825,-0.03132769019951098,-0.030682734464707817,-0.030108065390805905,-0.029530855999751582,-0.028987746598886588,-0.02846493005638351,-0.027949081787633556,-0.027348240830399106,-0.026787614225482592,-0.026114435369749778,-0.02533862917462959,-0.024413538509374444,-0.023315158589451546,-0.022118597743298496,-0.020951245155929055,-0.019929622263961555,-0.019065695232326707,-0.018334363465656756,-0.017659345062972287,-0.017111272747437622,-0.016662777876161217,-0.016251381924270003,-0.015873154022510327,-0.015547189849463239,-0.015244817566790081,-0.014972331747486134,-0.014721718303807751,-0.014512153253956717,-0.01432193590976727,-0.01413209128040993,-0.013968126621125565,-0.013820108494843497,-0.013699396947151943,-0.01357493812085786,-0.013458990963202577
Batch2,17,external_reserved,,471.0,5.6C(26%)-4.5C,2018-02-20_batchdata_updated_struct_errorcorrect.mat,100,0,100.0,1.093877117,0.0022738666566741,0.01709369671,100,32.98821355652246,34.74856366071168,10.181189350000093,10.17711666666728,-0.0243463403874459,-0.0525623965755335,0.000315977291098,-3.500344128474038,ok,5.6,26.0,4.5,False,-0.0038361350533521,False,observed_crossing_matches_raw,True,Raw target exactly matches first summary-cycle crossing after cycle 100.,1.092568,0.001711106311003,-8.784600000000253e-05,-0.0051174909415996,0.0778239329257246,1.7530266575672648,11,11,100.0,0.030471241269953014,-1.5161098540900557,-8.595721552723563e-05,-9.693262012682721e-05,-0.00012047158520277543,-0.00013105015927005284,-0.00013644955804529234,-0.0001471120377006987,-0.00016674308074375284,-0.00018379477204147733,-0.00021162613287039733,-0.0002341698243682527,-0.0002615693856464459,-0.0003051971973053874,-0.0003710441393669564,-0.00041448049197559227,-0.0005113781747950116,-0.0006304352318241592,-0.0008260597094055418,-0.001108925949828917,-0.0016663052010449965,-0.0028897755576061113,-0.006152892883781277,-0.01868685394248716,-0.03859234196014025,-0.04776167149764993,-0.04864950110810745,-0.04814911084737489,-0.04865708451199707,-0.04971447057574874,-0.05087639779455844,-0.05124904940497932,-0.0514673289690869,-0.0512748002379354,-0.05167402524419873,-0.05215431947886351,-0.05249258445680738,-0.052450346692097694,-0.05199567439617048,-0.051417484681876235,-0.05074698279710088,-0.0498559195317172,-0.04890295138365619,-0.047872774148380426,-0.046750458209744106,-0.04556551078441373,-0.04439802234125878,-0.04321115857473312,-0.042060874293384676,-0.04089951731520647,-0.039802563720929385,-0.03873129120688612,-0.037603454197015496,-0.03657082533323475,-0.03558615681388455,-0.03464039697036714,-0.033717054881523545,-0.03284879240085248,-0.03197538000835043,-0.03115086061296335,-0.030346207970021855,-0.02957359707453966,-0.028838017778051617,-0.0280464345390381,-0.02736580683461698,-0.02669334086662989,-0.026073963168382175,-0.025450781195828887,-0.024896855910513604,-0.024318242590240402,-0.023774421614838115,-0.023291753569051776,-0.022802732832412298,-0.022326908634067832,-0.021803555094913607,-0.021337886154461527,-0.020834438304234038,-0.02030493044563375,-0.019732304660498023,-0.019113710184350152,-0.018428585611340198,-0.017711913172220317,-0.016951206679182373,-0.016223024808639908,-0.015498673132569252,-0.014793693558010634,-0.014206682193379061,-0.013680860976758025,-0.01321223611679656,-0.01278201608421714,-0.012393048054389899,-0.012031157421032557,-0.011700638459787527,-0.011406328119567544,-0.011123600727026561,-0.01087244733257453,-0.01061917876153129,-0.010399669250140686,-0.01021677726966197,-0.010024457741268922,-0.00984632161000909,-0.00967454822586089
Batch2,18,external_reserved,,449.0,5.2C(50%)-4.25C,2018-02-20_batchdata_updated_struct_errorcorrect.mat,100,0,100.0,1.082437682,0.0035925633186431,0.01664831154,100,32.88628935898336,36.39882808811051,10.174147266666704,10.173985833333184,-0.0166408911109324,-0.0397456691043013,0.0001961992142789,-3.707302736176298,ok,5.2,50.0,4.25,False,-0.0107152791845836,False,observed_crossing_matches_raw,True,Raw target exactly matches first summary-cycle crossing after cycle 100.,1.0784447,0.006386326531161,0.000187147,0.0112890783910728,-0.0096436672765563,3.516692297158933,11,11,100.0,0.028188880083354018,-1.5499221778808272,0.00011606288549960105,5.138548972064656e-06,-0.00015878262747946476,-0.0005472933105059097,-0.00010454299478256405,-2.7985785470354676e-05,-4.962847181867432e-05,-5.3551957630489e-05,-6.824204380964302e-05,-9.831713624858761e-05,-0.0001058171053511343,-0.00013518152016493267,-0.00016301632090081133,-0.00020913252181053651,-0.0002769855347561235,-0.000361267444941157,-0.0004659946257421811,-0.0006833575813372898,-0.0010094202724635522,-0.0017312083247234752,-0.003347105156671387,-0.009062308620855553,-0.02203631943557101,-0.029669502904414724,-0.03154445706608594,-0.032027934181551865,-0.03246209023606106,-0.03377152369674208,-0.03465094389564727,-0.03565638757080358,-0.03606093338068439,-0.03662524265929856,-0.0373351535435803,-0.03848462641255712,-0.039276342049813784,-0.03973398066927869,-0.03950313560481178,-0.03912256119510105,-0.038638310995271596,-0.03826827309523484,-0.0378427744157489,-0.037320308737204155,-0.0367242669160146,-0.03593155913429025,-0.03514221497548575,-0.03427655826577758,-0.033364059846268,-0.03238074327059404,-0.031465297365401934,-0.030496218064120395,-0.029496159707370406,-0.028547434457441345,-0.027667923769460145,-0.02676664545584928,-0.025918747975775425,-0.02509277673012833,-0.02423178078809196,-0.02349204705763197,-0.022683746157401652,-0.02196434070730713,-0.021258171158672345,-0.02050369152695186,-0.019820118172342083,-0.019196212376593857,-0.018582911593716167,-0.018006481864357937,-0.017431209496745037,-0.016889370745509114,-0.016361567911694186,-0.015870100633986306,-0.01535898459991869,-0.014913703301225656,-0.014389283079948578,-0.01389049621965488,-0.013338104012444063,-0.012734139094860986,-0.01202221389663971,-0.01118215788397725,-0.010240692820534525,-0.009256844828499533,-0.008334486382273631,-0.007493948053583166,-0.006804995260912161,-0.006130828722327175,-0.005613150436402092,-0.0051690594885471786,-0.004776556774080731,-0.0044201400556529435,-0.004109785338237915,-0.003831219423211518,-0.0035922334176170523,-0.0033858540550335547,-0.0031847781143090614,-0.0029952658772418594,-0.0028156605150513325,-0.002668841547196932,-0.0025362646624933483,-0.002414367046546184,-0.0023114882021753047,-0.002207446058846596
Batch2,19,external_reserved,,392.0,6C(60%)-3C,2018-02-20_batchdata_updated_struct_errorcorrect.mat,100,0,100.0,1.09472128,0.0028602450118968,0.01671897276,100,32.76991201802439,36.54390200243137,10.173766266666714,10.174563333333328,-0.0343082077979218,-0.0656517508735375,0.0005105543672328,-3.291958004542694,ok,6.0,60.0,3.0,False,-0.0012071033604078,False,observed_crossing_matches_raw,True,Raw target exactly matches first summary-cycle crossing after cycle 100.,1.0941044,0.0010689107913285,0.0002665989999999,0.0160282401094685,-0.0014462348610351,3.785656048338837,11,11,100.0,0.03659080225550165,-1.4366280684768278,-1.0145009322008231e-05,5.511275901158577e-05,3.665145755474362e-05,2.1830168767736466e-05,1.8819070504712092e-06,-1.411264266087931e-05,-4.491650352455743e-05,-8.069614182452901e-05,-0.00012047715309696991,-0.00016682964992878295,-0.0002252260491320086,-0.0002925413750818652,-0.00037335647965781177,-0.0004754833572903454,-0.000602903567710554,-0.0007837788780404899,-0.001024425205723975,-0.0014614743402007087,-0.002142020801437463,-0.003448361766185827,-0.006947577559060232,-0.018738313267258347,-0.04474776029211644,-0.05895558342291024,-0.06162722585239361,-0.06091379087060894,-0.06083696756796764,-0.06177625968504086,-0.062366397917717586,-0.0625983742138716,-0.06275366501580593,-0.06283660568555272,-0.06331917959589095,-0.06413895715465023,-0.0649102064382886,-0.06533595890985233,-0.06561487811886824,-0.06564120637279669,-0.06546848307394348,-0.06521188103106768,-0.06473036096094731,-0.0640751671067431,-0.06318352752584022,-0.062149518243766466,-0.061035404664072423,-0.05989235128503845,-0.05868964175463032,-0.057516420256566,-0.05634801208989382,-0.055205702183072525,-0.053977649158662655,-0.05287191153483706,-0.05178832588328275,-0.050747824965847954,-0.04970494007299897,-0.04870407798674836,-0.047740340120971725,-0.04680019269313307,-0.04589081444777199,-0.04497934047193486,-0.04413753711258006,-0.043225071940496074,-0.042430951255969296,-0.04165376083186567,-0.04089542108187594,-0.04017043078743021,-0.03947811255042244,-0.03882285609600644,-0.038151225642022,-0.037519182789262695,-0.03685461804407186,-0.036163982949966256,-0.03525434664045557,-0.034216330557563346,-0.032872788947004405,-0.031149123931869527,-0.029416740038226807,-0.027959660728029023,-0.026834045867507372,-0.025911986059575565,-0.025148502699640307,-0.02450858555894264,-0.023959548551060417,-0.0234361212475791,-0.023005835879187364,-0.022617652281359923,-0.022255702617732576,-0.021950595920769755,-0.02167835705404686,-0.021419181034104673,-0.02119775249336997,-0.020991904842076803,-0.020791025537667762,-0.020622704830153715,-0.020451193579719806,-0.020304898571130492,-0.02016605971616836,-0.020044127621146934,-0.01993043528644378,-0.019825349970739925
Batch2,2,external_reserved,,424.0,5.2C(50%)-4.25C,2018-02-20_batchdata_updated_struct_errorcorrect.mat,100,0,100.0,1.0746560542,0.0112369360355704,0.01646341462,100,33.17756576063981,37.427644510910824,10.175027650000056,10.17488666666759,-0.025013386420214,-0.0527178185440413,0.0003465386146452,-3.4602483651128177,ok,5.2,50.0,4.25,False,0.0019689263417736,False,observed_crossing_matches_raw,True,Raw target exactly matches first summary-cycle crossing after cycle 100.,1.0770315,-0.0024614878952008,0.000186185,0.0113730044938594,-0.1758061804267683,4.269670655869984,11,11,100.0,0.03413851485665098,-1.4667553761208385,-9.348703145968057e-05,-0.00014758817547763263,-0.0001521867576756104,-0.0001862091714473586,-0.00020335083741431165,-0.00021769698007001285,-0.0002516262417656813,-0.00027588467334571133,-0.0003153576779549635,-0.00035133882072228926,-0.0003927674819791428,-0.0004539483184720144,-0.0005214072682872325,-0.0005914331542275809,-0.0007044437392749545,-0.0008353387882753093,-0.0010122079796155703,-0.0013421444806268994,-0.0018433713460157472,-0.002929388001333133,-0.0056370172805600485,-0.015278449256439328,-0.03734518231881222,-0.050408819415162676,-0.05230713495979816,-0.05085720689497647,-0.050756155732535835,-0.05152715461598267,-0.05185836142911737,-0.05134286644261088,-0.0508170710148963,-0.05039446966173544,-0.05029720684277572,-0.050801516287209636,-0.05146502893128435,-0.05196214641607311,-0.05220494450417246,-0.05232543419484359,-0.052380722623159626,-0.05217022118902259,-0.05173193299722956,-0.050968115192790875,-0.05000108303063433,-0.04895135357753144,-0.047756382725868574,-0.046540625363027166,-0.04532463890046512,-0.0441410008239439,-0.04290906109158299,-0.04175903335135922,-0.04049034863092338,-0.03938937028551359,-0.03829876621069528,-0.037272019239450005,-0.03623764237971061,-0.03523770754419664,-0.03429160878044879,-0.03337144770275324,-0.032483336924712614,-0.03162345874692929,-0.030800422250098825,-0.02992969591163397,-0.02916009423573518,-0.028448444402729867,-0.027748603335110977,-0.02707073293175999,-0.02641739745966032,-0.025795230730432883,-0.02518846085274018,-0.02461799296738021,-0.024053796890777468,-0.023495932387575635,-0.022887114422784016,-0.02228335529331682,-0.021639004153003683,-0.020886544004360186,-0.0199662311752542,-0.018865915761250962,-0.01763162650531469,-0.016428329329053692,-0.015395733659323785,-0.014524301999240707,-0.013833237832460599,-0.013191996911830595,-0.012676794596101049,-0.012224321942308825,-0.011832274106952534,-0.011492423700335763,-0.011186860690954425,-0.010925125914598377,-0.010677956557616275,-0.010464079389646885,-0.010251819686979857,-0.010079421097288987,-0.00989812207345886,-0.009752518216248784,-0.009624675117559045,-0.00949395733530145,-0.009376580337215223,-0.009258740617011263
Batch2,20,external_reserved,,489.0,5.2C(58%)-4C,2018-02-20_batchdata_updated_struct_errorcorrect.mat,100,0,100.0,1.10005656,0.0021280982151995,0.0166120606699999,100,33.62225921545461,36.887813024693614,49.397125683333336,10.172896666666688,-0.0244351394515884,-0.0605040880380607,0.0003619883290668,-3.441305431410401,ok,5.2,58.0,4.0,False,-0.0028491989170247,False,observed_crossing_matches_raw,True,Raw target exactly matches first summary-cycle crossing after cycle 100.,1.0994825,0.0033604900487275,0.000318523,0.0192683923487321,-0.4350341971619258,3.2044344897791888,11,11,100.0,0.028669691130350894,-1.5425769858504044,-0.000202456546077375,-0.0002152269657212873,-0.00022491400649184005,-0.0002215962364179846,-0.00023095019763671358,-0.0002394261693088901,-0.00025726364689823396,-0.00027919353675751653,-0.0002907059254803612,-0.0003116869445826953,-0.0003494165945930579,-0.0003732118884980009,-0.00042541442645893136,-0.0004851801538641957,-0.0005570924851780994,-0.0006689778186805481,-0.0008065071378120341,-0.00106649685999511,-0.0014825224618225871,-0.002378465050581327,-0.004805740820909468,-0.013461653135901183,-0.02856686283692625,-0.032937206089022036,-0.03889143932325728,-0.04458465659353844,-0.05060079634486725,-0.05547184629036561,-0.05838385926494827,-0.058829913010765345,-0.05942555779040515,-0.059883911184901994,-0.06035273175659661,-0.06046361849083326,-0.05995075109007153,-0.05877251158947727,-0.057327613103023034,-0.055847338077188446,-0.054363672698491294,-0.05275011443892497,-0.051158549863837055,-0.04949230321750908,-0.04790017534508906,-0.046322001904616994,-0.04479559659422694,-0.04332395103347897,-0.04195006505906562,-0.04063001569096747,-0.03937524597423836,-0.03817759190053227,-0.0368719638866386,-0.035786099964854046,-0.034725542088687056,-0.03371458989444831,-0.03275084686678564,-0.031811739625545954,-0.030900880867670066,-0.030040302463409496,-0.02923124277604283,-0.028445120246902045,-0.027691773790558205,-0.026879268191838168,-0.026191083061294806,-0.025526727747282596,-0.024886720662700146,-0.024275477808074042,-0.023661997956829772,-0.02310335922778517,-0.02255269875354715,-0.022024112934919238,-0.021564990012462593,-0.021052136216010764,-0.020559347638611225,-0.020100872123694602,-0.019657047497416036,-0.019196809234723666,-0.018746918515609945,-0.01828483607546505,-0.017784067825942884,-0.017253948440510758,-0.016677118702277394,-0.016078357166742663,-0.015473541650197209,-0.01477809541893782,-0.014182339883608064,-0.013632193578164031,-0.013055607706845995,-0.012569051718204216,-0.012098434491853771,-0.011678533983706885,-0.011293328471509767,-0.010939529321904118,-0.010611122524735617,-0.010316305887918542,-0.010032079086004453,-0.009782495155369775,-0.009544373980416188,-0.00932858799550984,-0.00913512184243892,-0.008964167723910954
Batch2,21,external_reserved,,408.0,6C(60%)-3C,2018-02-20_batchdata_updated_struct_errorcorrect.mat,100,0,100.0,1.1010897552,0.0110512911526382,0.01720174435,100,33.59820005445401,38.6518784788995,10.174718300000022,10.174734166667136,-0.0332885526110049,-0.064467582043982,0.0004713254868518,-3.326679075199306,ok,6.0,60.0,3.0,False,-0.002730669135213,False,observed_crossing_matches_raw,True,Raw target exactly matches first summary-cycle crossing after cycle 100.,1.1011059,0.0021430272964661,0.0002666139999999,0.0155879843181184,0.2790838505919666,5.08449527738734,11,11,100.0,0.03327314963888757,-1.4779060868364544,-0.00018204043054211816,-0.0001423591526749259,-0.0001547850787552915,-0.000146871863313622,-0.00015883494019356087,-0.00017155390247969044,-0.00018943617166166217,-0.00020255430914801684,-0.00022269041905719584,-0.0002583194057298307,-0.0002912871907486958,-0.00032279263343635515,-0.0003845850732302567,-0.00046555217127822006,-0.0005497438772941766,-0.00068081976994285,-0.0008422888524241973,-0.0011555125323434758,-0.0016230119308945426,-0.002523781333100078,-0.004585524277840293,-0.011121536867931298,-0.030816787557294334,-0.04780769322527756,-0.05297942266489303,-0.0545822917297053,-0.05557645912248038,-0.056676321861037104,-0.05798999106286784,-0.05862122923534763,-0.05937870804708434,-0.060083165207308054,-0.061409186982329333,-0.06277374879138953,-0.0639087561595294,-0.06435097956502633,-0.0644156767762818,-0.06419692438739388,-0.06375686669662228,-0.06329013400423567,-0.06272465126332749,-0.06200848548532811,-0.0612985727781824,-0.06044465596822601,-0.059494328891757875,-0.058491459290975434,-0.0574870577640324,-0.056454450087097374,-0.055433786171110055,-0.054395770210685424,-0.05327338619641231,-0.05224411856383426,-0.05123706312553289,-0.05026780749665383,-0.049301051641312044,-0.04835534847362899,-0.04744716649633396,-0.04653176543527793,-0.045681574209254894,-0.04482165471047228,-0.04400256746523956,-0.04311966253216437,-0.04234844941448568,-0.04159448414357181,-0.04087267414051343,-0.04017625897376975,-0.03951103220390695,-0.03887424952178531,-0.038241523994384075,-0.03758175420060805,-0.03689520755567788,-0.03611692478981099,-0.03506549818742677,-0.03379848470214153,-0.0321775286628192,-0.030401059914778816,-0.028855985386228244,-0.02760026718218289,-0.02661882322975062,-0.025842889636115585,-0.025171591725476894,-0.024596615962087398,-0.024107191184147725,-0.02362851387953624,-0.02324048680125479,-0.02289838311621617,-0.02259759785957871,-0.022324239476560148,-0.022081305634894743,-0.021859707991483734,-0.02165022641511727,-0.021468296242755258,-0.021296725874787814,-0.021133135646512313,-0.020967013028235115,-0.020841913388362165,-0.020731063416921103,-0.02062982727204732,-0.020527919497434155,-0.020442194040871886
Batch2,24,external_reserved,,514.0,4.8C(80%)-4.8C,2018-02-20_batchdata_updated_struct_errorcorrect.mat,100,0,100.0,1.096261652,0.0024487849724112,0.01651723855,100,33.205124014909316,38.16546466536514,10.169994666666671,10.16985833333359,-0.0227714797747635,-0.0457299743253289,0.0002286202692677,-3.6408852680750527,ok,4.8,80.0,4.8,False,-0.0039653585762064,False,observed_crossing_matches_raw,True,Raw target exactly matches first summary-cycle crossing after cycle 100.,1.0955253,0.0042113130568503,7.037600000000047e-05,0.0042770099290856,0.0817194796091413,4.980245521420482,11,11,100.0,0.02498607643996975,-1.602301935720347,6.422339966413571e-05,2.3370267245968466e-05,1.8132107549119914e-05,1.6308533632424958e-05,8.592072100826803e-06,2.6137836947519397e-06,-1.3725794829650036e-05,-2.054943125302756e-05,-4.451825041434151e-05,-5.7249196911575255e-05,-8.694380651301428e-05,-0.00012948160019655638,-0.00014807430206520596,-0.00020923062271853247,-0.00026535785184330155,-0.0003646195013173002,-0.00047894093078005434,-0.0007086096223717087,-0.0010787833471171925,-0.0018296492534818562,-0.003843187022061538,-0.010936166542727402,-0.0271422581794393,-0.036226389039336365,-0.03775472532481078,-0.036692071534412396,-0.03668816357313437,-0.03715260421030897,-0.037502296843545446,-0.03770836931240806,-0.03793630595269537,-0.038499803557526024,-0.03962849655678358,-0.04118779091074898,-0.04271051539917914,-0.04396644027959462,-0.04482939610381742,-0.04534890020809923,-0.045706258188106696,-0.045694450219178506,-0.04553812301230187,-0.045097604502073785,-0.04449227782339338,-0.04371593587115408,-0.04289348576875929,-0.04199720085474956,-0.041056385299089726,-0.04012694874480249,-0.039216200140341106,-0.038274388889304456,-0.03728305293952938,-0.036380642214685066,-0.035541941549188105,-0.034686345025709,-0.03387161633250557,-0.0330831348652707,-0.032308145888912954,-0.031565644852509456,-0.0308593286335499,-0.03013946071916518,-0.029498944980921094,-0.02879225698508936,-0.02819170284956729,-0.027591858670235725,-0.027026695713776583,-0.026474135393102394,-0.025955380886009127,-0.025449542758473997,-0.024972937426254616,-0.024515912941204032,-0.02407257726177403,-0.023641488812949474,-0.02316552989370968,-0.022747644474760076,-0.0223123277054591,-0.021826620939845442,-0.021327007984022206,-0.02076621539372958,-0.0201669323815008,-0.01949421038393795,-0.018798362368708466,-0.01806516875614994,-0.017361886767113477,-0.016639725781705916,-0.01604770579709891,-0.01549454907824499,-0.015007172735680419,-0.014549524206665332,-0.01414745600713685,-0.013782181821010875,-0.013447959807521448,-0.013166187494588755,-0.012892781859852764,-0.012629717702687504,-0.012381090244136583,-0.01218383423603231,-0.011989517784009474,-0.011807680603179938,-0.011648471351908052,-0.011520777305539687
Batch2,25,external_reserved,,493.0,5.2C(58%)-4C,2018-02-20_batchdata_updated_struct_errorcorrect.mat,100,0,100.0,1.102206125,0.0024670549917662,0.01674229199,100,32.23892710270436,34.441815154393964,10.172937516666645,10.173032500000163,-0.0236109824444173,-0.0505084648903096,0.0002920936192579,-3.5344779300217333,ok,5.2,58.0,4.0,False,-0.0035088236184105,False,observed_crossing_matches_raw,True,Raw target exactly matches first summary-cycle crossing after cycle 100.,1.1015189,0.0031557334150143,0.0002234599999999,0.0134387472532837,-0.2518800429143795,2.1432230300073485,11,11,100.0,0.03000451493351164,-1.5228133898411298,-4.5340619104201576e-05,-5.75150175511588e-05,-7.1217667414682e-05,-7.156887911739514e-05,-6.806849201581233e-05,-7.175280811781552e-05,-7.455962969075015e-05,-7.841659706826635e-05,-8.570540043604906e-05,-9.235034985170289e-05,-0.00010299881430683635,-0.00012096382381370646,-0.0001482122583307162,-0.00018507939293249502,-0.00022329296275165784,-0.00028309433696845077,-0.000384228643447615,-0.000561793302824562,-0.0008303282921153232,-0.0013924794531998547,-0.002882188894658154,-0.008141582636935277,-0.022435380802361682,-0.03406990143914293,-0.038900034494222635,-0.04041781308403303,-0.04141383792203318,-0.04308514980728817,-0.04394573521198564,-0.04434121823149839,-0.04451102184267686,-0.04472421880524191,-0.0454240972733887,-0.046568707467737225,-0.04784671879811453,-0.04877011036018852,-0.049534338944296485,-0.05005293666737631,-0.05039551694128963,-0.05048163617893309,-0.050223146177159395,-0.04968893069563851,-0.0488991489614885,-0.047947661230556604,-0.046909228090219135,-0.045771059061230024,-0.04463117219586887,-0.043465073981819424,-0.04230079417380139,-0.04115224337770407,-0.03993898079540592,-0.038821754758508575,-0.037755028124341505,-0.0367411878827153,-0.035739337737390464,-0.03479136352335277,-0.0338409854430457,-0.03293336693724003,-0.032093341668710584,-0.031254728906143114,-0.030455917883426054,-0.029635602419844753,-0.028877221752005466,-0.028186630966854365,-0.027498154645936523,-0.02684647431978271,-0.026219823566433487,-0.02562472538990157,-0.02507045854396006,-0.02451481515363918,-0.02398963352800454,-0.023472170034799955,-0.02290579116513025,-0.022359620654855528,-0.021778728550733595,-0.02110739510173132,-0.02035967790002924,-0.01945322018655271,-0.018450210519378896,-0.017435569514804072,-0.01646168517272839,-0.015606574858376687,-0.014888338064352524,-0.01418464502520922,-0.013624814711302502,-0.013151566337348486,-0.012727948289947388,-0.012363897559531711,-0.012023563634569134,-0.01173404178985571,-0.011463923216631144,-0.011203948817298137,-0.010979274378136061,-0.010776248087529527,-0.01057824800059759,-0.010416606092807479,-0.010262189724265847,-0.010118193313598534,-0.009990296445729019,-0.009855140094273018
Batch2,26,external_reserved,,450.0,5.6C(26%)-4.5C,2018-02-20_batchdata_updated_struct_errorcorrect.mat,100,0,100.0,1.1041737820000002,0.0021535162519353,0.01770844381,100,33.76445582326918,36.92304607129649,49.42568144999996,10.177571666666337,-0.0380385416540002,-0.0733087791289827,0.0005997170447101,-3.2220536077932804,ok,5.6,26.0,4.5,False,0.0007634233158142,False,observed_crossing_matches_raw,True,Raw target exactly matches first summary-cycle crossing after cycle 100.,1.1058496,0.0001531853879588,-0.000242924,-0.0135797527052148,-2.2524208846582567,3.3696075627573876,11,11,100.0,0.03641685527838828,-1.4386975597549752,-1.797096058341749e-05,-1.461487027885509e-05,-3.123917628790275e-05,-4.342688329408452e-05,-5.271885967176324e-05,-6.667741758095399e-05,-8.315868552970099e-05,-0.00011410073645898864,-0.00013587566752592487,-0.00016969499004796003,-0.00022014682749477588,-0.00026732456850389087,-0.0003319433155289861,-0.0004162359903883764,-0.0005172516629115952,-0.0006631801405662142,-0.0008647557140763935,-0.0011834821975578065,-0.0016895558659951598,-0.002682851770772189,-0.0050343422019645395,-0.012677941746096821,-0.03431825118591707,-0.055557279071210136,-0.06212953943283339,-0.06263763398821215,-0.0629452399277533,-0.06364538213716198,-0.06511955381632151,-0.06628499286252354,-0.06746732138896627,-0.06881360797635738,-0.07005674963453279,-0.07143177567493642,-0.07255144683691439,-0.07313645490967391,-0.07324557718479607,-0.07310694977060428,-0.07273288066835426,-0.07207763819581159,-0.0713802771069122,-0.07050086120635146,-0.06953988749010398,-0.06841673503119616,-0.06728715584539269,-0.06608065115847706,-0.06486228155534646,-0.06359012663609409,-0.062390703823639204,-0.061155555986630805,-0.05983903920971023,-0.05867259476947506,-0.05752406807130528,-0.05639899806289994,-0.055310557487413425,-0.05423321623265487,-0.05319510022105478,-0.05219550927721772,-0.051229430929162656,-0.05027364321836192,-0.049390243132917955,-0.0483970824668174,-0.047575761604552236,-0.04675960675601454,-0.04598263051662621,-0.045225480423113584,-0.04448769820390708,-0.043790562552053824,-0.04312365848816646,-0.04244565657924526,-0.041773074026230095,-0.04103076100722758,-0.04006376113233867,-0.03893331509742337,-0.037458509624046066,-0.03563885445043047,-0.033876388273858415,-0.03248460683819987,-0.03141481684994307,-0.03054599616783471,-0.02983215299904085,-0.029220379372252303,-0.028698315287701393,-0.02819922841298106,-0.027783923097440155,-0.027429851039584507,-0.02710608003624837,-0.026806655597648943,-0.026538471411150732,-0.026296328904961808,-0.026075094825110723,-0.025878352039801378,-0.025696859892848423,-0.0255357722974221,-0.025364643080438398,-0.0252308628804494,-0.02512280113713805,-0.02501027190496652,-0.024915930904700456,-0.02482210856318945
Batch2,27,external_reserved,,474.0,5.2C(50%)-4.25C,2018-02-20_batchdata_updated_struct_errorcorrect.mat,100,0,100.0,1.098470285,0.0027889304439673,0.01758962648,100,33.303981946117254,38.082671612305006,10.174639799999882,10.174634999999398,-0.0246839278022425,-0.0544912575606593,0.0003264347368865,-3.48620363289781,ok,5.2,50.0,4.25,False,-0.0084719614588304,False,observed_crossing_matches_raw,True,Raw target exactly matches first summary-cycle crossing after cycle 100.,1.0958723,0.0069873104740398,0.000246629,0.0140805130230573,-0.0979489796542552,4.841987167408121,11,11,100.0,0.032407979669347914,-1.4893480422724066,-4.782864079464313e-05,-3.926139249814915e-05,-5.171538470492596e-05,-7.567166838022728e-05,-0.00010049983768524082,-0.0001263274586646326,-0.0001605489175291199,-0.00019450371855842278,-0.00023540370197597553,-0.0002849192571091905,-0.00033875143092549145,-0.0004058296399226816,-0.0004756380743742919,-0.0005689670147407747,-0.000683295645307962,-0.000846425321523285,-0.0010592563615430678,-0.0014049481913053358,-0.001953537260122016,-0.0029657120865637376,-0.005542562664982438,-0.013795685506549756,-0.03676567695166054,-0.0527169374127508,-0.054145184106666855,-0.0519049139497349,-0.050261353546028065,-0.050590362332513905,-0.05117967121619438,-0.05091492234833983,-0.05020475144731629,-0.04944452009000522,-0.04933955322083705,-0.049625429014502065,-0.05021211290734362,-0.05059108347013208,-0.05056819710702287,-0.05047984596183064,-0.050189139862833465,-0.049775245841115034,-0.04925777597971659,-0.04859818735386612,-0.04773516166862468,-0.046808734360217596,-0.04579605606815662,-0.04474988205338615,-0.043642819641862673,-0.04255229014984807,-0.04147657614671296,-0.040359416449222474,-0.0391989996929496,-0.03815906209775621,-0.037161256150869404,-0.03615408096042316,-0.03520621561497628,-0.03428369248404717,-0.03338105289702098,-0.032533882901341626,-0.03170995067164761,-0.03089238942439354,-0.030120639555872186,-0.02932050865237934,-0.0285803264958715,-0.027903129534010418,-0.02723070296623753,-0.02659730938733662,-0.02598090994861124,-0.025410738159307833,-0.02484541198401269,-0.02430509262015379,-0.023792344926093723,-0.023290561001570786,-0.0227542068926172,-0.02221856399366251,-0.021647013728134157,-0.02104292604208613,-0.02035813368087913,-0.019559106471662924,-0.018662100511636748,-0.017716718806944476,-0.01674657223063214,-0.015878948312500807,-0.015094440752353666,-0.01433030021586812,-0.013729421528872354,-0.013197206836577102,-0.012713534628944867,-0.012296329529974281,-0.011901312693150423,-0.01155352096343032,-0.011226220032556578,-0.010930074576068982,-0.010677109730506729,-0.010444402552614473,-0.010235414342293137,-0.010043775104024766,-0.009861982283926762,-0.009697703645778821,-0.009537396453800806,-0.009382843950540343
Batch2,28,external_reserved,,437.0,4.8C(80%)-4.8C,2018-02-20_batchdata_updated_struct_errorcorrect.mat,100,0,100.0,1.094977019,0.0025847564867306,0.01628117509,100,32.14418070388791,35.3302582161644,49.409072166666576,10.17329416666665,-0.0279893325926623,-0.0564913867827732,0.0003772148929015,-3.4234111691232063,ok,4.8,80.0,4.8,False,-0.0052378101608544,False,observed_crossing_matches_raw,True,Raw target exactly matches first summary-cycle crossing after cycle 100.,1.0931131,0.0049261142328271,-0.0001044289999999,-0.0063872268429769,-0.182940284355169,3.1528732910929005,11,11,100.0,0.03447814723170699,-1.462456080105601,-1.6725146193166066e-05,-3.5000788670021e-05,-5.695444497476706e-05,-5.658993289240873e-05,-6.645499524215591e-05,-9.357341351315255e-05,-0.00010791208253260569,-0.00013510439102592305,-0.0001557901471198036,-0.00018996524251658695,-0.00023124324417765543,-0.00028120565078164003,-0.0003361327620854792,-0.00040555959618256664,-0.0005074924067196129,-0.0006244256502152927,-0.0008051744761832097,-0.001122829948120893,-0.0015876876922137975,-0.0025959958330143418,-0.004991083441585845,-0.012815999367720793,-0.03229972872913864,-0.04642622716669617,-0.04929244481212297,-0.048974282999712127,-0.04847560157707881,-0.04902885372066473,-0.049951574732832627,-0.05025982581071564,-0.05053393193119349,-0.05102824828372299,-0.05172426939106778,-0.052798159895746766,-0.05400897657375181,-0.05513457610689465,-0.0559086110009972,-0.05635470771138895,-0.05648991249963742,-0.05637130190868822,-0.056115755092084774,-0.05567100686863091,-0.05505738698236151,-0.05426475938506237,-0.05333095893481499,-0.052319034532887665,-0.05126365983965864,-0.05018911641986801,-0.04906808850657629,-0.04795158870042271,-0.04673519469292553,-0.04564527450908129,-0.04455643238136886,-0.04352441138860197,-0.04248325618602211,-0.041497713212188425,-0.040520326070832224,-0.03955403917072153,-0.03865090604940835,-0.037783502385162815,-0.03693069706634533,-0.03601457263941832,-0.03523494591599741,-0.03445287126115004,-0.03371970405766733,-0.033008608683559926,-0.032299728677175565,-0.03166371279308122,-0.031036350288669246,-0.03043704914601353,-0.0298016495077158,-0.02914154921178924,-0.028356161676837965,-0.027419704967323932,-0.02625423321604936,-0.02474535063208738,-0.023044658379584027,-0.021530956610574137,-0.020348029913620058,-0.019418445916881577,-0.01865085585666093,-0.01800231545727682,-0.01744838297108453,-0.01693833882226725,-0.016519752916382524,-0.016170779970104965,-0.01583200785077521,-0.015528451883905614,-0.01526538396998478,-0.015017026874794226,-0.014805816546805683,-0.01460724600451413,-0.014441667198453967,-0.014283711203092908,-0.014139537201391494,-0.01401597141445543,-0.013900872866994929,-0.013806059712945906,-0.013708217527368394,-0.013616920925579201
Batch2,29,external_reserved,,452.0,5.2C(58%)-4C,2018-02-20_batchdata_updated_struct_errorcorrect.mat,100,0,100.0,1.109943851,0.0037825980172495,0.01673359061,100,31.797456695109688,34.43331396225578,10.173061883333313,10.172925833333284,-0.0253222323765719,-0.0526335295361444,0.0003102785983552,-3.5082481790944344,ok,5.2,58.0,4.0,False,-0.0111477013855706,False,observed_crossing_matches_raw,True,Raw target exactly matches first summary-cycle crossing after cycle 100.,1.1068796,0.008222213147663,0.0002443919999999,0.0146880299155199,-0.1249559058295552,2.629370092973012,11,11,100.0,0.02906713616698814,-1.5365977548873662,-7.556575465258704e-05,-0.00013737617387703084,-0.00014468235000269082,-0.0001649106051836959,-0.00017333465264893991,-0.000185846305389409,-0.00021076549718782814,-0.0002284102812223211,-0.0002527787937080519,-0.0002860265915937332,-0.00031740621386405765,-0.0003613121512148435,-0.000412526148536551,-0.00048134593254196313,-0.0005585971607556736,-0.0006673766188450905,-0.0008128544242740343,-0.0010787348388912564,-0.0014283489261082555,-0.0022549087499178153,-0.004146765124216509,-0.010401582626017564,-0.024863655870022913,-0.033758781282376055,-0.036961698770588525,-0.038178741170826314,-0.03894580733707964,-0.040466346583026835,-0.04177003292888959,-0.04272651821428186,-0.04355636673882646,-0.04447940524360783,-0.04587193219746921,-0.047598675964776405,-0.049363486886887964,-0.05071286747326398,-0.05162462271257717,-0.05218475908213471,-0.05251103926468603,-0.05261337352396722,-0.052497082296887654,-0.052137066553971656,-0.0515263235714738,-0.05077805621464415,-0.04989694800437605,-0.048981634168878796,-0.04795941776255941,-0.046913072461755134,-0.04588786237456932,-0.04481649535810428,-0.04369795845146085,-0.04264866398132017,-0.04163154229204791,-0.040638288063841066,-0.03968386433338367,-0.038707389781600154,-0.03777995801642864,-0.03687435965206243,-0.03600983606953001,-0.0351810028871582,-0.03435263046835568,-0.03349431535643643,-0.03271793507310594,-0.03199220903177258,-0.03127705365358868,-0.030590604681524525,-0.029936679411993516,-0.029296278592533254,-0.028693357693408084,-0.028111361354117737,-0.027521931854919135,-0.026897490004305746,-0.02615678896203799,-0.02536260131577528,-0.024401249034945893,-0.023178460471145135,-0.021746664559649798,-0.020345735449598612,-0.019131341607408148,-0.018137208938499683,-0.017302170558954666,-0.016610192743472307,-0.016023816146937264,-0.015445175694064783,-0.015013597501190912,-0.014603640348578306,-0.01425610945664224,-0.013923365037260549,-0.013653873143397055,-0.013386822501619822,-0.013148281275534801,-0.012927269036711264,-0.012735336660242291,-0.012570533746022017,-0.012401283852497613,-0.012257100913259489,-0.0121117646536264,-0.012004420157369688,-0.01189836954283141,-0.011824407818188387
Batch2,3,external_reserved,,499.0,4.65C(44%)-5C,2018-02-20_batchdata_updated_struct_errorcorrect.mat,100,0,100.0,1.101432267,0.0030749105226385,0.01591692555,100,33.93958543884461,38.77312907194259,10.173197350000049,10.173144166667043,-0.0200898829186987,-0.0558684526115137,0.0003189752621457,-3.496242996974693,ok,4.65,44.0,5.0,False,-0.007721629957,False,observed_crossing_matches_raw,True,Raw target exactly matches first summary-cycle crossing after cycle 100.,1.0991765,0.0023675906462701,0.0001977379999999,0.0124685941035576,-0.2492254932898276,4.777159822853168,11,11,100.0,0.027630800573472142,-1.5586065316739932,-3.60397413177497e-05,-6.659175286723145e-05,-5.640774038486753e-05,-7.642386763320947e-05,-9.05082999011124e-05,-0.00011404661735350103,-0.00014331658373768633,-0.00016845898568106261,-0.00020515062257709,-0.0002420915675736511,-0.0002939456860139005,-0.00034471933427809506,-0.00041190718099873465,-0.0004918306702195452,-0.0006012545766687898,-0.0007448402703948455,-0.0009750576573455752,-0.0013566402379921808,-0.002012325948591659,-0.0034227699848363158,-0.007533815455562358,-0.022738132453273205,-0.04564573639165684,-0.054161815395192714,-0.05417422851027731,-0.053756241860750675,-0.054807046221600375,-0.05573902677100584,-0.055677056032033545,-0.05473300083217947,-0.05368007909908701,-0.052887029408991815,-0.05219937795002272,-0.05120447303225584,-0.049748073572107865,-0.04807762366701718,-0.04643853581973645,-0.045032774823093424,-0.04365714140744581,-0.04208248472061593,-0.040640190196278736,-0.039210853087782604,-0.037812569784016814,-0.036454565063267164,-0.03516967406518989,-0.03393153920170622,-0.03276572646517939,-0.0316628938653698,-0.03057835158920319,-0.02955608939053911,-0.028475420496936743,-0.027526067156145917,-0.026625322294851372,-0.02575006128908197,-0.02492683415207142,-0.024106133379643957,-0.023341837447990343,-0.022597120103060586,-0.02185606984105548,-0.02117677608049595,-0.020530185242979337,-0.019824177408108934,-0.019185983014975427,-0.018635858949370032,-0.01806993955218883,-0.01752181930517671,-0.017004001551396142,-0.016505314937014015,-0.01602698625743848,-0.015579115745320005,-0.015154248407652782,-0.01471124915935218,-0.014260662669932644,-0.013863767704743957,-0.013439760613624507,-0.013039930952342349,-0.012604330034053923,-0.012148186545590356,-0.011664178005635462,-0.011166598805688377,-0.010625558019360826,-0.010086664256981459,-0.00955602475146855,-0.008971275929537503,-0.00845521846858066,-0.007947169046024882,-0.007487920936689374,-0.007075126991519465,-0.006680181273409191,-0.006317082654077932,-0.005993889122420493,-0.0056870904399621836,-0.005413986241769697,-0.005148751133288165,-0.004896753942407628,-0.00467932761020684,-0.00448160790010399,-0.004314286079957208,-0.004144083568083046,-0.003983834008399745
Batch2,30,external_reserved,,412.0,5.6C(26%)-4.5C,2018-02-20_batchdata_updated_struct_errorcorrect.mat,100,0,100.0,1.092999151,0.0034578807793416,0.0168940669499999,100,33.81003990939852,37.33979500154215,49.43361824999998,10.179420833333278,-0.0396558894899704,-0.0755230365113099,0.0006525149114268,-3.1854095592748743,ok,5.6,26.0,4.5,False,0.0087292517120564,False,observed_crossing_matches_raw,True,Raw target exactly matches first summary-cycle crossing after cycle 100.,1.0972185,-0.0050922400597512,-0.000360338,-0.0210515111147619,0.0877008330237174,3.478094514229486,11,11,100.0,0.037386627278122725,-1.4272837116461954,1.2939904099703718e-05,1.3597504814830412e-05,-3.523542675388201e-07,1.1856109373942496e-05,3.0242159295178813e-06,1.3806469398892907e-06,-9.81640597564953e-06,-2.3082719014296676e-05,-3.386736580473452e-05,-6.246160787003272e-05,-9.109713805363195e-05,-0.0001322360114534675,-0.00018091518154997321,-0.00025074104021805335,-0.00034224363151741724,-0.00046724093636698986,-0.0006604189747329292,-0.0009566020253402654,-0.0014574164773676589,-0.002396863208717903,-0.004815010178878726,-0.012598818132892188,-0.034042072675181334,-0.055257161740981414,-0.06305094202169045,-0.06472391808916816,-0.06534770398518502,-0.06673672982389783,-0.06797678004932461,-0.06901432557429488,-0.06995916301779515,-0.0709840470132661,-0.07206868717663528,-0.07318019142362076,-0.07424006593250487,-0.07515408393585798,-0.07546610268447296,-0.07547916992693171,-0.07518317498916172,-0.07465668829963101,-0.07414700395203455,-0.07339455299871323,-0.07251534470762422,-0.0715556558628756,-0.07050343262382264,-0.0693237141725449,-0.06818724194891035,-0.06693959729094368,-0.06574167196748382,-0.06454356688078988,-0.06320048332687467,-0.062014341291154906,-0.060829601167903036,-0.05967423513406345,-0.05854675298376255,-0.057412314272851206,-0.05636967391574266,-0.05532650660491045,-0.05430402044951299,-0.05333672084779828,-0.052352026144926844,-0.05138657092874932,-0.05047512411597321,-0.049621893082020696,-0.04881593909834614,-0.04800902170940646,-0.04722921789109513,-0.046498741535141996,-0.04578231081515838,-0.045055448556918676,-0.04427892698826541,-0.04339235968766286,-0.042077868687588005,-0.040257172168081556,-0.037755223722308884,-0.03547048203896819,-0.03393549437792798,-0.03282975519285403,-0.0319347115510098,-0.0312213634021008,-0.030630764273117173,-0.0301335286001978,-0.029700316892526946,-0.029287685826459908,-0.028948319233192965,-0.0286554483603223,-0.028372712330894778,-0.028117028774889086,-0.027899407454365477,-0.027691002877089366,-0.02750288492908104,-0.027330433151154132,-0.027178737708698497,-0.02705666492960379,-0.026948822439226472,-0.02684281639206021,-0.02675422100557734,-0.02666332360788215,-0.02659629822162146,-0.026528776131546694
Batch2,31,external_reserved,,425.0,5.6C(26%)-4.5C,2018-02-20_batchdata_updated_struct_errorcorrect.mat,100,0,100.0,1.099834485,0.0017869538487184,0.01633070732,100,33.375923495204454,35.648417823524284,10.194311699999949,10.178263333333597,-0.0306244567640429,-0.0642288335820835,0.0004442640470427,-3.35235883148731,ok,5.6,26.0,4.5,False,-0.0048444124860659,False,observed_crossing_matches_raw,True,Raw target exactly matches first summary-cycle crossing after cycle 100.,1.0990098,0.0025480209548632,-0.0001501219999999,-0.0090658013084484,-0.527208284188184,2.111536315286539,11,11,100.0,0.03021561822416055,-1.5197685154782496,0.00023918277535370821,0.00024087327174072382,0.000259805170740818,0.0002852153289814778,0.00029297643581620183,0.000314559207853223,0.0003363714014606063,0.00034873151281155637,0.0003659340590706677,0.00037350432988457385,0.00038913067760871795,0.00040159653643427086,0.0004299175792267535,0.0003844324605528221,0.00036161536706674074,0.00031826915393489905,0.0002712685650765635,0.00014787695351559452,-6.126082877763728e-05,-0.0004937267036683526,-0.0019092627808425591,-0.008020654902593793,-0.020797162515023476,-0.0327403513998023,-0.03981792743274071,-0.04445253373037972,-0.04917561399765208,-0.05342127532762797,-0.05760199586349857,-0.05979554124241504,-0.06115439656733812,-0.06223155122108037,-0.06332524641171333,-0.06394625405394139,-0.06422883358208353,-0.06395810368098231,-0.06323843132602747,-0.06245465868481559,-0.06158015615596624,-0.06063837674965267,-0.059815867993824656,-0.05885946088731675,-0.05786939965496252,-0.05684880711356044,-0.0557434272824785,-0.05463757917170764,-0.053525398453164064,-0.05238497022970001,-0.05131712792113241,-0.05021307087154936,-0.049035801495387776,-0.04799135586513448,-0.046964907458943994,-0.04596032487813584,-0.04498626604640921,-0.04404471672683552,-0.043133714529877465,-0.04225121012011179,-0.0413585608734387,-0.04054981370828992,-0.03973665793467285,-0.038899229328811735,-0.03815564207880873,-0.03742563115673869,-0.036750831756476865,-0.03608126702350578,-0.03544245434683124,-0.034834713571189724,-0.03424383566591338,-0.033670597303557814,-0.03311536057286757,-0.03254443608166602,-0.031893449486628755,-0.031223248132831394,-0.030430257413565975,-0.029448461854707286,-0.028267609001292104,-0.026920069640667732,-0.02559755508164896,-0.02448349987222409,-0.023562017992749595,-0.022825692168866984,-0.02218896094684908,-0.021599980815790065,-0.021141600864688526,-0.020722223916800564,-0.020347199462179777,-0.02003141376487516,-0.019745789422034976,-0.01948730073469984,-0.01925892192686307,-0.01904676588485521,-0.018853013078450775,-0.018685176875392617,-0.018505986166399202,-0.018370002263248697,-0.01824216783903765,-0.018141779883454223,-0.018029029349235115,-0.01793636626264572
Batch2,32,external_reserved,,809.0,4.8C(80%)-4.8C-newstructure,2018-02-20_batchdata_updated_struct_errorcorrect.mat,100,0,100.0,1.090031214,0.0030403300117599,0.01481114372,100,32.16783240841186,33.94412444996172,49.27513175000007,10.040889166666602,-0.0133899398336471,-0.0274612065130356,7.388118368069333e-05,-4.131466155166347,ok,4.8,80.0,4.8,True,0.0074946097308489,False,observed_crossing_matches_raw,True,Raw target exactly matches first summary-cycle crossing after cycle 100.,1.0924315,-0.0037952951741139,-6.091999999999903e-05,-0.0041069082416789,-0.0752520827842317,1.7592800102371091,11,11,100.0,0.010781927584309042,-1.9673035893911333,-0.00010176616792671291,-0.00016021918206247894,-0.00014585991053216998,-0.0001427413709548268,-0.00013984173384235313,-0.00013766289251668446,-0.00012270780394389898,-0.00010861661806213507,-0.00010626902471689952,-9.501279314050055e-05,-8.991568861734228e-05,-7.470303061794283e-05,-6.739628765161342e-05,-6.749438605172832e-05,-6.086198026885453e-05,-6.408864300238432e-05,-8.022434800903158e-05,-9.050318844208358e-05,-0.00012503694407259638,-0.00024562576140753356,-0.0005656166974642718,-0.0022210338939113866,-0.006619078196006184,-0.010090591543277933,-0.011912764352069782,-0.012933724923589462,-0.014379017419676787,-0.01613241334700033,-0.017240297645355507,-0.018167215909352108,-0.01889394559182922,-0.019427214792164693,-0.019965487386137126,-0.020906026057061378,-0.021949347099716632,-0.0232726319469172,-0.02438280107914037,-0.02537739576275544,-0.026220407544360058,-0.02688734135099302,-0.027293895204871133,-0.027441984504945838,-0.02741009971583308,-0.02716884359382188,-0.02678566296000362,-0.026323934398894355,-0.025755915313942168,-0.025182265175173635,-0.024595735224496873,-0.02396520563426241,-0.02328708530179735,-0.022721781501468197,-0.022115015538606286,-0.02157766829036778,-0.02103690858036611,-0.02052274534802878,-0.020023301882163613,-0.019541778772194096,-0.019088786133607982,-0.01867785909400954,-0.018251690273614063,-0.017812127718688453,-0.017446083743598795,-0.017111545104752324,-0.016766080202072375,-0.01645130410473894,-0.016118998291633213,-0.015837903530314446,-0.01555658033069518,-0.015313220480916323,-0.015004236438907581,-0.014790064871266884,-0.014531015547240012,-0.014330148862592873,-0.014113492918695458,-0.01386816598538565,-0.013675413669988368,-0.013474208774842733,-0.01325342297566312,-0.013041266003760876,-0.012830445193751538,-0.012621050234391973,-0.012410588661884159,-0.01215948836918046,-0.011936858984517462,-0.01170110814817682,-0.011468535379402844,-0.011240862727926348,-0.010992850446493785,-0.010762194182529772,-0.010529036159410365,-0.010276962085203012,-0.010034267078108838,-0.009804329715367155,-0.009602371054877157,-0.009412636166526545,-0.009211608949544647,-0.009018813677228898,-0.008871733199852683,-0.008745242104810202
Batch2,33,external_reserved,,1140.0,5.2C(58%)-4C-newstructure,2018-02-20_batchdata_updated_struct_errorcorrect.mat,100,0,100.0,1.0706076800000002,0.0149529767169543,0.01499290727,100,32.73895611525105,34.29814806747137,10.039557949999924,10.039250833333304,-0.0115795410077861,-0.0240847421362162,5.866400117176798e-05,-4.23162831933775,ok,5.2,58.0,4.0,True,0.0093160911769389,False,observed_crossing_matches_raw,True,Raw target exactly matches first summary-cycle crossing after cycle 100.,1.0745113,-0.0055750926025626,1.612699999999946e-05,0.0010763029158351,0.0547384218026536,1.5345423085463494,11,11,100.0,0.011754647600046741,-1.9297903863305537,-0.00017994315897418457,-0.00017193504033569525,-0.0001893032266207606,-0.0001866740811458373,-0.00017483032444855066,-0.0001697682608475179,-0.00016726766306340325,-0.00015480736622497512,-0.00013302856876905387,-0.00014125462194696913,-0.00011815501530057677,-0.00011209864482147544,-0.00011161859635768455,-9.643806045191682e-05,-9.781111300901507e-05,-8.978191881485464e-05,1.8611980030870667e-05,-4.3719130395237366e-05,-4.39541357673337e-05,9.511559750187415e-05,0.00043930132946333467,0.0020725696921445047,0.0008367082690417249,-0.001250047367861551,-0.003800972213160503,-0.005629719521039078,-0.008305728088532471,-0.01023565017603223,-0.012464789830334722,-0.013542764684565056,-0.014373697170467437,-0.01542846934964548,-0.016249855139539138,-0.01712285799399449,-0.018867297269518857,-0.02031145130978096,-0.02163863909017294,-0.022776432099481103,-0.023435720093890278,-0.024059222701653726,-0.024080363166858465,-0.02398121664528552,-0.023809859794893584,-0.023391249312371243,-0.022933157468187804,-0.02244350845629972,-0.02193395584262925,-0.021447635596944403,-0.020931722030921973,-0.02047210290380097,-0.019948810605659895,-0.019536759778443935,-0.019088165985397643,-0.018635124243415957,-0.018238632147092648,-0.017879282005893504,-0.017492356384134267,-0.017136971238109533,-0.016800290800258688,-0.016485354368555694,-0.016183176460029314,-0.01585119123112122,-0.015568776203780388,-0.015314135198576606,-0.015043241154927722,-0.014792088269394155,-0.014562669536143602,-0.014375352582600698,-0.014160679293895306,-0.013971984918395242,-0.013794855531155115,-0.013623027094262108,-0.013405704600853774,-0.013276814765092793,-0.013098226161623039,-0.012925867877637831,-0.012788886086447793,-0.012663589395166541,-0.012195286348512857,-0.011991314377799656,-0.012147106307733635,-0.012005059076962477,-0.011930108972775244,-0.011779558433873127,-0.011643767786913894,-0.011505300774767191,-0.01135492351827705,-0.01120713346944191,-0.011049868027792176,-0.010913798613393366,-0.010784427415993836,-0.010652006189821872,-0.010513604600007165,-0.010370831979659378,-0.010203289248426284,-0.010049545478562516,-0.009926325287782145,-0.009798489339267968,-0.009648620847592326,-0.009515360775324444
Batch2,34,external_reserved,,1186.0,5.6C(26%)-4.5C-newstructure,2018-02-20_batchdata_updated_struct_errorcorrect.mat,100,0,100.0,1.0671250090000002,0.0020888035316799,0.01495435383,100,35.66583614425341,38.96627418693022,49.2812586666667,10.040178333333218,-0.008120054579074,-0.0191429496439993,3.5597117054099105e-05,-4.448585173324752,ok,5.6,26.0,4.5,True,0.006361463131072,False,observed_crossing_matches_raw,True,Raw target exactly matches first summary-cycle crossing after cycle 100.,1.0687661,-0.0041625571769164,1.4216000000000922e-05,0.0009507384273545,0.0796342769090117,3.2674085548165017,11,11,100.0,0.006819854084105126,-2.1662249173003967,2.0639839266267136e-05,-5.2819075401332595e-06,2.106941696947194e-05,2.7444550389883792e-05,3.236492926715238e-05,4.046712580648305e-05,6.453136576201187e-05,7.325001702746404e-05,8.019467444657456e-05,0.0001143740580912319,0.00011259725525819293,0.00011802330340036395,0.00013992688445484125,0.00015117248641184633,0.00018835445034423928,0.00015124100826905545,0.00020858491535229867,0.0002101948852844017,0.00026628138609712665,0.0004050745525840116,0.0007361051543290434,0.00107060804860315,0.00014039823098241366,-0.003117954948914814,-0.004599334673424937,-0.006619991871809228,-0.008415120453061142,-0.009843923691287504,-0.011145411695513308,-0.012247316452964618,-0.013593317120965898,-0.014953292498996351,-0.01547652106362396,-0.016890480963818066,-0.01796435705298982,-0.018609812564366446,-0.01896922368716414,-0.01912994467477014,-0.019116365580945427,-0.019061340689966788,-0.01877709021339391,-0.01854000006315515,-0.017994392919933988,-0.01753001735992954,-0.016942413270270795,-0.016333050942641036,-0.015812231715232383,-0.015302596840310434,-0.014759062437952775,-0.014282429745674508,-0.013758739475499215,-0.013360461496033649,-0.012939669861716796,-0.012558104692776961,-0.012184754370746509,-0.01182678924263958,-0.011496665753917279,-0.011160248501842274,-0.010880544257110492,-0.01055667214960554,-0.010312616305551803,-0.01004704808268353,-0.009817067141800084,-0.009582519249031307,-0.009391234900917311,-0.009182689686897616,-0.009000707022682297,-0.00883491556445315,-0.008624779912184355,-0.008484701851850351,-0.008312938673661119,-0.008171808988042484,-0.008036062212658734,-0.00792770740853821,-0.007784998143901101,-0.007638018474371178,-0.007515437865102559,-0.007453384218361503,-0.00734405505086233,-0.007214623319532709,-0.0071092618397419205,-0.006994639118525603,-0.006861156646567057,-0.006739576018855997,-0.006641550078294145,-0.006563584333673322,-0.006468227215357558,-0.006374236826502733,-0.006295539893135693,-0.0062116436817794,-0.006125168609565801,-0.00603962571764427,-0.005952485440060995,-0.005872765614356901,-0.005796018104210265,-0.005725087909392412,-0.005663034298901248,-0.005587749332326419,-0.005505491585957145,-0.005429099317528996
Batch2,4,external_reserved,,444.0,4.65C(69%)-6C,2018-02-20_batchdata_updated_struct_errorcorrect.mat,100,0,100.0,1.0859578399999998,0.0032304919205107,0.01619582082,100,33.05027186948681,37.43383570894893,10.231934299999953,10.229690833332883,-0.034781796484889,-0.0702972069008408,0.0005854545529657,-3.232506812226559,ok,4.65,69.0,6.0,False,0.0066965444338264,False,observed_crossing_matches_raw,True,Raw target exactly matches first summary-cycle crossing after cycle 100.,1.0892452,-0.0068607141899728,-0.000231068,-0.0141090446188431,-0.3319519079675572,4.378162959238221,11,11,100.0,0.03888307053585685,-1.4102394468289716,6.795180750688109e-05,0.00010878662031770815,0.00012796309311821754,9.131723278719701e-05,8.240562305980863e-05,5.9095716882304064e-05,3.366072371821299e-05,2.4379417902140564e-06,-4.2368774517046945e-05,-8.84007713762118e-05,-0.00013914863204725868,-0.00020459134109245512,-0.0002833300192386923,-0.0003885191525780148,-0.0005046821299463464,-0.0006700744268951873,-0.0009005183518583267,-0.0012707638738667856,-0.0018737046495929041,-0.002990046294567575,-0.005653241431814275,-0.014089332013705089,-0.037389795421267205,-0.0601484525614652,-0.06633565912896597,-0.06692101546173318,-0.06700337147246882,-0.06848032421480432,-0.07005385140794229,-0.07029571136153379,-0.06976728424466816,-0.06907198632518996,-0.06848058936358747,-0.06833965486096327,-0.06874167146275689,-0.06906073707686144,-0.06916827856623808,-0.06908873075619237,-0.0688788008193798,-0.06839830571924266,-0.06773873818917975,-0.06686696706535544,-0.06578788385723267,-0.06458214192494871,-0.06326959189577808,-0.06187621772573315,-0.06048928984854807,-0.0590982409027474,-0.05773771975862996,-0.05637830977721381,-0.054927426218649544,-0.053639089768080406,-0.05239010830262081,-0.05113874595854928,-0.04996870922966368,-0.048807533156469796,-0.04770829464332682,-0.04663679434662371,-0.04558918145599811,-0.04457752659728864,-0.0436286431504429,-0.04259010311699962,-0.041711828138925044,-0.04084752997158925,-0.04003154720809399,-0.03922343666156081,-0.038460147739435735,-0.03772877486394788,-0.0370237374067941,-0.03633196228427993,-0.035638769926711555,-0.03488165944743904,-0.03389883155493534,-0.03277532935615102,-0.031281451950081474,-0.029438715277551264,-0.027689231499992806,-0.026331779023223367,-0.02525702855572609,-0.024416202053002545,-0.023742313883053923,-0.0231496389903727,-0.02264641610429119,-0.022150578704866586,-0.021763039174562904,-0.02140749057861946,-0.02109435760566325,-0.020807714587579795,-0.02057201965844957,-0.020335922621082414,-0.020129261950819544,-0.019937185359416798,-0.01978000357941001,-0.019629391492627102,-0.019487955774092125,-0.019364017645006948,-0.01925265331739756,-0.01914858245612905,-0.019071830309965065,-0.01898099761084282
Batch2,41,external_reserved,,442.0,5.6C(26%)-4.5C,2018-02-20_batchdata_updated_struct_errorcorrect.mat,100,0,100.0,1.105940476,0.0017710111313306,,0,30.20099354305731,32.73893316284874,49.423369649999984,10.177162500000364,-0.0377682914957012,-0.0809310492448376,0.0006724100406155,-3.1723658101769976,ok,5.6,26.0,4.5,False,-0.0028895191113234,False,observed_crossing_matches_raw,True,Raw target exactly matches first summary-cycle crossing after cycle 100.,1.1056466,0.0031601417668176,,,-0.5540375748691133,2.3059616209807814,0,0,100.0,0.03755503065748825,-1.425331879153816,-6.211618663962346e-05,-4.6344856152906764e-05,-5.800024207007118e-05,-6.857505188309371e-05,-8.400915189877428e-05,-0.00010454200329016784,-0.00013683150245895857,-0.00016364040471966235,-0.00020414109093857625,-0.00023608571777142956,-0.00029465910397914654,-0.0003544543722333064,-0.00042892930795032126,-0.0005233994858910573,-0.0006442747079489462,-0.0008040946043360274,-0.0010317279017614256,-0.001407817148237414,-0.001988660853039663,-0.003138910726375295,-0.005905308886473913,-0.015308002467980815,-0.04284654196479579,-0.07021341377275678,-0.08010031381257277,-0.08051959292115152,-0.07932797679930043,-0.07910539642404435,-0.07931235916622215,-0.07898285084883272,-0.07821353147678678,-0.07720695326579274,-0.07643584561589378,-0.07597734022056091,-0.07559577540602991,-0.0748878198685512,-0.07384547233843008,-0.07263659628327412,-0.07138943336372405,-0.06994716044204818,-0.06872132492414484,-0.06749799010321544,-0.06626694359428664,-0.06502036135979383,-0.0637880086025785,-0.06253581965729593,-0.061296768061621765,-0.060025092525289314,-0.05879103864999047,-0.0575385392919735,-0.05624615636923569,-0.05506011573008607,-0.053890541235108946,-0.05281439405653254,-0.05170678917291327,-0.05064421185591206,-0.04962622046433407,-0.048650217498035,-0.047696124965076026,-0.046777662748123006,-0.04589730803542591,-0.04494319712691919,-0.04411015754824743,-0.04333354559014979,-0.04255256383060724,-0.04182676380255734,-0.0411337895664865,-0.04042767253193413,-0.039754654400570244,-0.039140423554757886,-0.0385356154257015,-0.03787514365597611,-0.037087777973305425,-0.036246258057965,-0.03522648251455629,-0.033944060143212385,-0.03245654776257756,-0.03094021874912345,-0.029649484532386694,-0.028579577892143604,-0.027701475862171643,-0.026952699472229558,-0.02631256706682117,-0.025697805370127336,-0.025233652285650887,-0.02480338468501464,-0.02441645551323557,-0.024062022724493426,-0.023732264146606452,-0.02343043734828476,-0.023168552979144996,-0.022920041378064138,-0.022687415122400356,-0.022483066516920225,-0.02227352581417663,-0.02209830247038158,-0.02194314886444082,-0.02180250100918779,-0.021663498186420327,-0.0215223674358469
Batch2,42,external_reserved,,474.0,5.2C(50%)-4.25C,2018-02-20_batchdata_updated_struct_errorcorrect.mat,100,0,100.0,1.1070860530000002,0.0034437860589017,,0,31.71041325336692,35.56989042695383,10.175117383333331,10.175186666666802,-0.0293407149263684,-0.0541676249706457,0.0003291640157368,-3.482587648007536,ok,5.2,50.0,4.25,False,-0.0087392340340815,False,observed_crossing_matches_raw,True,Raw target exactly matches first summary-cycle crossing after cycle 100.,1.104986,0.0068685938102383,,,-0.2922677010682086,3.784226776206264,0,0,100.0,0.02755511962822918,-1.559797699181532,-3.450833605905964e-05,-6.995080214694787e-05,-6.581778925970064e-05,-9.094319360417925e-05,-0.00012296748969830283,-0.00014026033192059855,-0.0001815845685872331,-0.00021763315497767572,-0.00026536581872666984,-0.0003155113586897568,-0.0003768263454146069,-0.0004434712781135929,-0.0005291358802764646,-0.000636443972590918,-0.000751415988741325,-0.0009117251224886221,-0.0011500098241085666,-0.001546030665773697,-0.002152810998532168,-0.003402925874315954,-0.006406081988762517,-0.016238545726167855,-0.03951595036002077,-0.050459374494971926,-0.04957294456973027,-0.04541679077659644,-0.04641337869931028,-0.04739000497923651,-0.0466480441812549,-0.04566938306173174,-0.04598891768586422,-0.046562721951947994,-0.04771058717659027,-0.04923281707159877,-0.050869521672362694,-0.05217205628276611,-0.053047209123554984,-0.053624877384948255,-0.05399435347315462,-0.054165463631067334,-0.05404326630627476,-0.053698835848670745,-0.053148227551185645,-0.05252102327087382,-0.05177315396258886,-0.050963589155590405,-0.05009375276845218,-0.049248874049303115,-0.048349719286201576,-0.04748093375696316,-0.04652311310551549,-0.04563889282896372,-0.04479068842904699,-0.043967177515006006,-0.04312135755880564,-0.04231921272692096,-0.04153541948116524,-0.040775570824797214,-0.040038103413909676,-0.03931944146083277,-0.038628922816926314,-0.03788148491513943,-0.03722828796728228,-0.03661590137798321,-0.035998119764456105,-0.035402971928967464,-0.03484464533898324,-0.034307553664235435,-0.03381012798228955,-0.033294802804300305,-0.032798606368368954,-0.0323048899854812,-0.03173163237304921,-0.031182678998727953,-0.030533372367218536,-0.029764987130732612,-0.02884319564147475,-0.0277776124219411,-0.026641200945269894,-0.025551282283540422,-0.024579292392888696,-0.023744064374698226,-0.023036970130745127,-0.02236892187854367,-0.021861789085451777,-0.021387222969290187,-0.02099808481442178,-0.020627665160984465,-0.020305436385454456,-0.019998031262946192,-0.0197205813309127,-0.01947892378135707,-0.01926047134608533,-0.019061913986121226,-0.018861348159862956,-0.01868468937313339,-0.018525779618056903,-0.018391201461384288,-0.018265537771918527,-0.018151928313114407
Batch2,43,external_reserved,,1029.0,4.8C(80%)-4.8C-newstructure,2018-02-20_batchdata_updated_struct_errorcorrect.mat,100,0,100.0,1.098649702,0.0032152642943969,,0,33.91860336356293,36.959106807008,10.036757000000032,10.036843333333188,-0.0077783483513934,-0.0191648421122405,5.3483284647826735e-05,-4.271781928623568,ok,4.8,80.0,4.8,True,0.0081218407389708,False,observed_crossing_matches_raw,True,Raw target exactly matches first summary-cycle crossing after cycle 100.,1.1011943,-0.004223142092181,,,0.7147873393755404,3.0919913264128844,0,0,100.0,0.01318218737360172,-1.8800125195246324,4.2778434699484677e-05,6.821710674987557e-05,9.599233783913952e-05,8.742073904906278e-05,9.329215392048424e-05,0.00010198595651661436,0.00011367922065312055,0.00012598644455512733,0.00013671399663067567,0.00013547952197682026,0.00015198500378417988,0.0001517317495124352,0.00015360205253087816,0.00016408327508540647,0.00015727851274611147,0.00017034088247214196,0.0001563092298265227,0.00014467738634936847,0.00015983009209386,9.945486902000755e-05,3.269903779797023e-05,0.00023955106305285911,0.0028482709885762347,0.010060976906118846,0.008868949575595197,0.008022113128598352,0.006983248732943537,0.005184404996742331,0.0031927546592512845,0.0019199040339461515,0.0003183468075887985,-0.0014152561699707356,-0.003431904851905143,-0.005789012131132476,-0.008429106848073298,-0.010953594044109671,-0.013114462423886919,-0.014986460849785166,-0.01650077943337569,-0.01771851609151265,-0.01851200123324348,-0.01896948302091106,-0.019164087108603955,-0.019148201702813172,-0.019004424672492748,-0.018735581320869943,-0.018390692567374245,-0.018026934385311222,-0.017643347269873044,-0.01723746038010887,-0.016800957135943984,-0.01640474108330703,-0.016007278552326643,-0.01561007427841088,-0.01524589115877295,-0.014868287302930216,-0.014526936449441363,-0.014209653550489643,-0.013908457079762737,-0.013599577979125144,-0.013307917550937187,-0.013002002779366029,-0.012759943656425632,-0.012504231163098511,-0.012290283779470723,-0.01208867507220912,-0.011858527257201379,-0.011667096795496379,-0.011479002461158627,-0.011313364105787871,-0.01116186555243659,-0.011003796335371518,-0.010838984667475682,-0.01071652611607199,-0.010566032285217908,-0.010440019351432017,-0.010309447462515386,-0.010180882355662835,-0.010041352360120381,-0.009916244487663928,-0.009780127795966598,-0.009649656163902787,-0.009519257593280095,-0.009358614817854827,-0.009238903970447687,-0.009089372574612176,-0.00894733995638286,-0.008803220789920907,-0.00865561721009489,-0.008509932891520577,-0.008349653907725907,-0.008192213058895614,-0.008026865154757257,-0.007885972522962081,-0.007724482550830025,-0.007598034956421529,-0.007449625974341956,-0.007318467726187716,-0.007203996253228873,-0.00706288862364568
Batch2,44,external_reserved,,841.0,5.2C(58%)-4C-newstructure,2018-02-20_batchdata_updated_struct_errorcorrect.mat,100,0,100.0,1.09763018,0.0012841757230522,,0,33.956934554468496,36.87556475443348,49.26516493333332,10.040326666667047,-0.0087505726171709,-0.0203022776205166,4.3199281110227894e-05,-4.36452348032534,ok,5.2,58.0,4.0,True,0.0031439313584964,False,observed_crossing_matches_raw,True,Raw target exactly matches first summary-cycle crossing after cycle 100.,1.0986536,-0.00166613025252,,,0.2919237259181955,2.920253090717555,0,0,100.0,0.01011741809463848,-1.994930302744701,-0.00010604102799554463,-0.00013091171315214025,-0.0001098453543808295,-0.00011808547004520998,-0.00010413161860447335,-9.815690147178379e-05,-6.969980572692908e-05,-6.767860704056479e-05,-4.99178920112045e-05,-3.0410676023325672e-05,-1.3775751732041791e-05,3.893474911744951e-06,9.453538357833552e-06,3.224708125923806e-05,3.48956019217226e-05,4.780522960232125e-05,7.265798416614122e-05,8.262190079983203e-05,8.504723400743625e-05,8.775583216520666e-05,8.294081128244757e-05,-0.00029469661039846495,-0.002297633889541101,-0.006160592140133814,-0.009770714141997705,-0.01118323762140433,-0.01282914261082535,-0.014210124349356534,-0.015118565261081351,-0.015741011528488502,-0.016284320420373644,-0.01689234854908339,-0.01752262689977635,-0.018462449278248583,-0.01926012456937254,-0.019716071107687583,-0.019884050936369246,-0.020074828355444718,-0.02017115018119242,-0.020302277620516618,-0.02022244479805313,-0.019999710092140743,-0.019678680180754915,-0.019193810173461,-0.018687151734475438,-0.018124057884437716,-0.017501295616241364,-0.016931727261463414,-0.01635592149462095,-0.015816882204630067,-0.015240350163390204,-0.01471801552953056,-0.014203261734619055,-0.013749815814973365,-0.013296909764521692,-0.012851377400788566,-0.012470729404948866,-0.012044777664212969,-0.01166448839117451,-0.01131408218672969,-0.01096288193422823,-0.0106280537446104,-0.010321062426539074,-0.010018649687612458,-0.009723858160912702,-0.009481683248192985,-0.00923337213613662,-0.008994167289148258,-0.008757545062546557,-0.00856782258964306,-0.008358647398287289,-0.008180053136712884,-0.00797567725811299,-0.0078055685926397,-0.007628284932764462,-0.007469489041323607,-0.007303985061431595,-0.007147281245904358,-0.006999033679341959,-0.00684415862704868,-0.006714881888268742,-0.006581469219458347,-0.006426797548216179,-0.006246695042137151,-0.006091857822034363,-0.005937111673432582,-0.005787090472339829,-0.005637234344613384,-0.005496132092884798,-0.005341000471715374,-0.00517899002588873,-0.005038118338773767,-0.00489959815478902,-0.004757610045006411,-0.00459449445718918,-0.00444934707733835,-0.004299350997079232,-0.004176973210526125,-0.0040607565469048534,-0.003950238399387018
Batch2,45,external_reserved,,997.0,5.6C(26%)-4.5C-newstructure,2018-02-20_batchdata_updated_struct_errorcorrect.mat,100,0,100.0,1.10123867,0.008315637384446,,0,35.27071288818467,37.86716134641493,10.040191283333298,10.040354166666775,-0.0111576662855855,-0.0266704187870865,6.680132101075869e-05,-4.175214949171005,ok,5.6,26.0,4.5,True,0.00677069358178,False,observed_crossing_matches_raw,True,Raw target exactly matches first summary-cycle crossing after cycle 100.,1.1038034,-0.0038572992255687,,,-0.0967959513551051,2.5805322579349372,0,0,100.0,0.011115404569812068,-1.954074725566039,5.9606094910423025e-06,4.676380800646665e-05,3.645037181672513e-05,2.9123981176806075e-05,3.560283918189588e-05,2.7151224324780104e-05,3.3079454468482906e-05,2.6537726860161558e-05,1.5547673813167892e-05,6.123380953466928e-06,-6.159029190232201e-07,-1.3482534639761706e-05,-3.8101007300214706e-05,-6.895979219470778e-05,-0.00010833693846004112,-0.00015677891337197158,-0.0002267862101640039,-0.000391578434599648,-0.000657056787804082,-0.0013532207478719749,-0.0034275522417270554,-0.008658769703736899,-0.01315789143271251,-0.01563722434058573,-0.016509819420902072,-0.017693542076352153,-0.019684718656224676,-0.021541010042747,-0.02225990396606259,-0.023149580568922468,-0.02400938157466126,-0.02477120931244292,-0.025730632929411468,-0.026443467368053697,-0.026668282563780066,-0.026565701488429738,-0.02619843612824735,-0.025817406029595702,-0.02538108217470636,-0.024757319424662416,-0.024049488990061207,-0.023298637114251064,-0.022511120115050964,-0.021699115365381605,-0.020894569275768826,-0.020151155608145288,-0.019437767078817725,-0.018737742947612768,-0.018092268235456732,-0.017455190451269642,-0.01685489584297417,-0.016272300500359993,-0.015747857709916824,-0.015253099057408237,-0.01478129989465149,-0.014320487639139845,-0.01389007763035277,-0.013492261008730688,-0.013087319133880504,-0.012727945434811483,-0.012377976356598985,-0.011996247236634172,-0.011699431251680714,-0.011409108797660217,-0.011124901257680175,-0.010847198363433952,-0.010579544107803152,-0.010352370903371488,-0.010131028731536151,-0.009912921501073813,-0.009697108498808893,-0.009523518273803377,-0.009311145979869817,-0.009137066330028087,-0.008954321230246975,-0.008792262161597675,-0.008641109513014777,-0.008471962851858805,-0.008324181308429823,-0.008180982756829991,-0.008025506368738888,-0.00787948597664978,-0.007738247277933041,-0.00760014002235776,-0.007462293991216784,-0.007326247521606044,-0.00718249437509022,-0.007064188224053858,-0.006922162095028828,-0.006778860684577115,-0.006649012605966398,-0.006544593929185272,-0.006411603228186458,-0.006301919273572265,-0.006171402945778448,-0.006050032488384538,-0.005933120764380018,-0.005809306137593451,-0.00568974976236114,-0.0055728728508448455
Batch2,46,external_reserved,,503.0,4.8C(80%)-4.8C,2018-02-20_batchdata_updated_struct_errorcorrect.mat,100,0,100.0,1.1025293669999998,0.0023280613956314,,0,29.88032329687331,31.00932954761403,49.40651875000001,10.169824166667729,-0.0228342986319132,-0.0528624050082824,0.000309830998892,-3.5088751328187,ok,4.8,80.0,4.8,False,-0.0021802921643576,False,observed_crossing_matches_raw,True,Raw target exactly matches first summary-cycle crossing after cycle 100.,1.1019233,0.0003589179029066,,,0.3569934460467721,1.086170889573518,0,0,100.0,0.0260998162060585,-1.583362550936648,-0.0010864740825476788,0.00010271108564959038,-1.5096330862898405e-05,0.000529687064770272,0.0004453900901905545,0.00010227022735810392,0.00013357836723054467,0.00015667700692962357,0.00018463590069809407,0.00022801553638166286,0.0002554651589826446,0.00028828119853259795,0.0003285795886143663,0.00035427483919033345,0.0003906766339217497,0.0004243339315540117,0.0004648301195737045,0.0005325432316680562,0.0005525399402470411,0.0006585708038278314,0.0007811441914150688,0.0011912216433266343,0.002012623657933879,0.0001031565697264536,-0.007553675973138496,-0.017785334024992105,-0.025547606302147807,-0.03157504637966213,-0.03791868902789508,-0.04214751101060921,-0.045521584865280906,-0.04760588128023413,-0.049308543619211664,-0.050836367103024416,-0.05205690299504351,-0.05260529034723915,-0.052821433861249045,-0.05244673627798768,-0.05197549163654691,-0.05120953781609794,-0.050515806107842676,-0.04968099301329243,-0.04876801922103702,-0.0477327069611625,-0.0466839217366114,-0.04557523984885348,-0.04448229709196749,-0.04335367782134869,-0.04228805774459221,-0.041232550706437276,-0.04010248392178062,-0.03910763912505677,-0.038119478978437815,-0.03717862970026031,-0.03626747003119768,-0.03536890827285688,-0.034500739991586205,-0.03365916798571078,-0.03287363789426068,-0.03207981348171729,-0.03134712246863036,-0.030550627660911767,-0.029836135826958543,-0.02918751825591004,-0.028530158143567297,-0.027917518495143456,-0.027328728518412504,-0.026764987771786375,-0.026222919357439256,-0.025686253979642304,-0.025190160320593513,-0.024701137156978525,-0.024168436267213877,-0.023684415778062462,-0.02316343038829971,-0.022602384594457403,-0.021966234917100147,-0.021274094943841693,-0.020455449272216875,-0.019606201764446496,-0.01873008828997036,-0.017881826098681497,-0.01710502622242349,-0.016366087682427644,-0.01574032153275584,-0.015185265638823386,-0.014692912378593048,-0.014259919655928543,-0.013865095494518087,-0.013505037244082585,-0.013200266741041577,-0.012894348357047836,-0.012630689272125739,-0.012380073266104352,-0.012121596244028643,-0.01191905288393369,-0.011737059260834126,-0.011554854371253809,-0.011400753243264061,-0.011255181211448972
Batch2,5,external_reserved,,416.0,3.6C(30%)-6C,2018-02-20_batchdata_updated_struct_errorcorrect.mat,100,0,100.0,1.088025367,0.0129336980852427,0.0153065824999999,100,33.01550370431462,37.64690458017922,10.19850721666668,10.201059166666042,-0.0464854046004899,-0.0861500284792774,0.0008205749892219,-3.085881724279185,ok,3.6,30.0,6.0,False,0.0192947987736899,False,observed_crossing_matches_raw,True,Raw target exactly matches first summary-cycle crossing after cycle 100.,1.097384,-0.0160674841258848,-0.0001604229999999,-0.01038829828843,0.0671379496301511,4.654746539936493,11,11,100.0,0.03730849407743267,-1.428192280497105,2.920642290152572e-05,6.572151453276804e-06,6.620287331364093e-06,-5.041218303507766e-06,-5.759213433007742e-06,-2.551614758137242e-05,-4.83767750345367e-05,-7.240831325690646e-05,-9.99063429568221e-05,-0.00012631029088074324,-0.00018766892785298563,-0.00025056645191963607,-0.0003117977155650143,-0.0004285355170709701,-0.0005439277522112321,-0.0007262619306314909,-0.0009586771846213371,-0.0013801619326285416,-0.0020670782044880757,-0.0033375717467163182,-0.006589764997451612,-0.01719152989741482,-0.045992731625195696,-0.07245123874529896,-0.07953297949104088,-0.07941370580481077,-0.07914929396599174,-0.08001375154468093,-0.0811376283579146,-0.08119845909855594,-0.08144036274220845,-0.08200604240077802,-0.08304399471083979,-0.08438727948245606,-0.08552799834521119,-0.08599569066332524,-0.08613855465557618,-0.08592654874062244,-0.08545486848708583,-0.08456752730406014,-0.08351345507450958,-0.08221392644519665,-0.0807713676956513,-0.07928858609657286,-0.0777535707350443,-0.07626844321328474,-0.07480538988384222,-0.07338894506380911,-0.07202146580104662,-0.07066847955145006,-0.06925423836219291,-0.06798797466164075,-0.06679339477901847,-0.06562930111440668,-0.06448807388809974,-0.06340204439216124,-0.06234390520041144,-0.0613374697489405,-0.06034885112567434,-0.05942621474321541,-0.05852606144645156,-0.05754848429755166,-0.056714693264818705,-0.05592440147860822,-0.05514348348422471,-0.054386544034520146,-0.05367786254133977,-0.052973911890336844,-0.05232417360172903,-0.05166413469310127,-0.05097055451204047,-0.05023880329469277,-0.04924606828177347,-0.0480724817613547,-0.04657191235981628,-0.04480116451612348,-0.04321102511062658,-0.04194134033773844,-0.04094300820991603,-0.04013788573227428,-0.03945825043141493,-0.038899105772974174,-0.03839419555619239,-0.03791480684853621,-0.03752555458403961,-0.037187127414872956,-0.036867993979496916,-0.03658662497901144,-0.036337761174539907,-0.03610398092710043,-0.03589664373402002,-0.03572036244019405,-0.03555295810073611,-0.035385885161772546,-0.035245056070905445,-0.0351159617560568,-0.035007472549238416,-0.03489579585728286,-0.034812299080744236,-0.03473197527164462
Batch2,6,external_reserved,,393.0,3.6C(9%)-5C,2018-02-20_batchdata_updated_struct_errorcorrect.mat,100,0,100.0,1.092913134,0.0029628047355596,0.01604186506,100,33.81745006948466,39.79549926626684,10.179292016666745,10.17936083333334,-0.020824792460517,-0.0498724789374046,0.0002950939552921,-3.53003968650195,ok,3.6,9.0,5.0,False,-0.0054457562509955,False,observed_crossing_matches_raw,True,Raw target exactly matches first summary-cycle crossing after cycle 100.,1.0906245,0.0011303615497358,7.55440000000003e-05,0.0047197460243837,-0.1036228159049486,5.962864779344127,11,11,100.0,0.02999759075890851,-1.5229136240179313,3.5303232783612574e-05,5.998306266187634e-05,4.9378124959949385e-05,5.822549204933657e-05,3.3325987474036416e-05,1.59299906722179e-05,-1.1304958170625483e-06,-2.954394075904091e-05,-6.0848805897658134e-05,-0.00010141174194361162,-0.00013471359346265473,-0.0001893845811074251,-0.0002438878344749127,-0.00032791650632041196,-0.0004207343865711248,-0.0005694161699138951,-0.0007512032707298021,-0.0010959616296970717,-0.0016302440347188592,-0.0028000075288448292,-0.006013843093131591,-0.017418657642983323,-0.04039860574134585,-0.049335750372047155,-0.048249573979794125,-0.04679849555748433,-0.04690390472774297,-0.048369079339873,-0.048922450312275045,-0.0488889530118678,-0.048750296783305336,-0.04891614454065074,-0.049265759700369616,-0.049685471001021386,-0.04986680984676772,-0.04941110051905084,-0.04858295786820821,-0.04751158726403182,-0.04644833726173503,-0.045279386028944324,-0.044108269465030325,-0.04291462772051646,-0.0416642054966585,-0.04037383547504314,-0.039101242331542,-0.037818946239984386,-0.036603442139819364,-0.035437469638496144,-0.03425706415710261,-0.033148377872586066,-0.03195868686615655,-0.0309123215694872,-0.02992176471353314,-0.028978764938447754,-0.028019364313311645,-0.027141979008898365,-0.026277581680693496,-0.02546431640515645,-0.02467325513468932,-0.023919816165324015,-0.0231933873298813,-0.022439185836071296,-0.021776767059677793,-0.021117912932192562,-0.02048634066059174,-0.01992915426861952,-0.01934945944513311,-0.018822891371182315,-0.01831675934849275,-0.017811387779187227,-0.017327980619923355,-0.01689059666815429,-0.016393731892750063,-0.015966229701090073,-0.015511376175196379,-0.01506077698974595,-0.01455538892406616,-0.01403296729424408,-0.01347573417607073,-0.012890486800083423,-0.012229136481882508,-0.01153799095587682,-0.010843830262551757,-0.010172840269811356,-0.009553003187416476,-0.009020494163175963,-0.008527496818466762,-0.008096975630031311,-0.007690691262147942,-0.00734389896168075,-0.007029769934712382,-0.006702247250749638,-0.006440900660894533,-0.006214497424345433,-0.005988859616715025,-0.005788803019358024,-0.0056040101049459334,-0.00543886944229266,-0.005277912958854047,-0.005146168144642749
Batch2,7,external_reserved,,777.0,4.8C(80%)-4.8C-newstructure,2018-02-20_batchdata_updated_struct_errorcorrect.mat,100,0,100.0,1.092982529,0.0025127995691672,0.0147906000699999,100,33.766912217149354,37.14445502401018,10.035779716666658,10.035633333332951,-0.0088230998347084,-0.0217379799240435,5.865835912266468e-05,-4.231670089905405,ok,4.8,80.0,4.8,True,-0.0053088209109731,False,observed_crossing_matches_raw,True,Raw target exactly matches first summary-cycle crossing after cycle 100.,1.0918348,0.003330174125243,6.529999999997649e-07,4.4127074893225986e-05,-0.0958225336099403,3.3809495047675284,11,11,100.0,0.014238999434542194,-1.8465205272247367,0.00015390266781708606,0.00018117862607684482,0.00017386513785120456,0.00017689706223372867,0.0001738385237366896,0.00017245304152726398,0.00016772884054858106,0.0001600930767942919,0.00015390575925184127,0.00015485699761425518,0.0001448356132509286,0.00012925372700620108,0.00012020581339308549,8.744616208409238e-05,7.579752737301923e-05,8.162908962307605e-05,-0.00035189080203983786,-9.447903609430958e-05,-0.0002504425111711471,-0.0006760318366887674,-0.0016078403925353993,-0.004887703719182457,-0.011057396940678643,-0.014266506736479168,-0.015201939302444789,-0.015183289442308623,-0.01615583359946071,-0.018213312149624294,-0.01917793745696894,-0.01979947704249818,-0.020151638891906964,-0.020343867433485485,-0.02057489388907474,-0.021204846459966453,-0.02164642112604298,-0.021708044464704646,-0.021648512336664538,-0.02144823980599886,-0.02133848613439948,-0.021195731957908914,-0.02108029592051819,-0.02082048325078678,-0.020565653703704112,-0.0201438347937819,-0.019644313181528372,-0.019085630228246386,-0.01849898722442256,-0.01788444480552598,-0.017268777203076846,-0.016625743247654978,-0.015965524521562968,-0.015359927069081514,-0.014756900769560044,-0.014206760014773279,-0.01364266124322433,-0.013090303657177005,-0.012591352677937095,-0.012076862191717774,-0.011609980597311331,-0.011146208272977853,-0.010705079450420873,-0.010257733214629416,-0.009841788428498255,-0.009449770081500608,-0.009067659339163425,-0.008736458892780297,-0.00840301140995603,-0.008083575940879273,-0.0077656197178048725,-0.007456594404198658,-0.007177779505536108,-0.006908045788641015,-0.006637283135081384,-0.00637907276009253,-0.0061385320669429255,-0.005908604586064348,-0.0056819983268674434,-0.005463956059528652,-0.005253304480790755,-0.005045230621930852,-0.004828974835372257,-0.004600557249579307,-0.004366879062284834,-0.0041074771267433086,-0.003894990618040106,-0.003655904324352699,-0.003403517759950514,-0.003134315242438346,-0.0028919963916289593,-0.0026624609351160178,-0.0024174598233639433,-0.0021624727867566307,-0.0019336491990080695,-0.001717642267388353,-0.0014821281194794533,-0.0012976374405060387,-0.0011125253347152864,-0.0009425609939506252,-0.0007741708908322043,-0.0006375545040795405
Batch2,8,external_reserved,,904.0,5.2C(58%)-4C-newstructure,2018-02-20_batchdata_updated_struct_errorcorrect.mat,100,0,100.0,1.0901623493,0.0121573225334554,0.01646674221,100,33.59821236744562,35.677756334230715,10.039867333333332,10.039811666667084,-0.0112034155800459,-0.0278411109453321,7.899098323286501e-05,-4.10242248030074,ok,5.2,58.0,4.0,True,0.0027981750278702,False,observed_crossing_matches_raw,True,Raw target exactly matches first summary-cycle crossing after cycle 100.,1.0917038,-0.0013756478634589,5.662799999999954e-05,0.0034448103100493,-0.0614130441002487,2.062805713457724,11,11,100.0,0.012816680525653143,-1.892224440968837,-1.12537216027598e-05,3.681211597970773e-05,6.788445098972147e-05,4.156882655904947e-05,5.438315179888127e-05,5.283620493449744e-05,5.991809556305178e-05,6.514515919711162e-05,6.860657965300932e-05,7.864380673910498e-05,7.46537963989928e-05,7.411764934724292e-05,7.913110750419443e-05,7.585807290005561e-05,5.462182404285948e-05,4.409473680544798e-05,1.3685781661970653e-05,-5.557867545897058e-05,-0.0001503132008098089,-0.00041654316074516556,-0.0010005901452211502,-0.0033206752217701807,-0.00758760991821944,-0.011712678560149764,-0.014520502307409033,-0.01573850264798976,-0.018823164616295962,-0.022590680622128434,-0.02576283215817543,-0.026906687721931055,-0.027520800226122688,-0.02759976795382113,-0.02767648570198422,-0.02779029126987209,-0.02783771171408267,-0.027547500344559106,-0.026956236288836588,-0.026385729696689064,-0.02587215401929588,-0.025263039974888657,-0.024748491319961263,-0.024201317791595178,-0.023619994678322098,-0.022947116161743164,-0.02229223211066156,-0.02157731223683279,-0.020861012720981398,-0.02014013826813965,-0.01943809180860545,-0.018776848166926707,-0.018044977522437278,-0.017412908766698987,-0.016824092233236998,-0.01626357186332905,-0.015710665519216738,-0.015187943645717406,-0.014690653073756499,-0.014190914093080265,-0.013739516589057033,-0.013299287785372593,-0.012911145037934002,-0.012458591376817152,-0.012089482220119852,-0.01172739780607035,-0.011396641841046717,-0.011075501164837132,-0.010763620649351768,-0.010477296385482004,-0.010199113329855125,-0.009940289291119342,-0.00969278436761356,-0.00944967803033947,-0.009190971184739993,-0.008967808525982113,-0.008782970048230254,-0.008586417513110733,-0.008393523461068808,-0.008214622409446815,-0.008024379003185977,-0.007854035716378549,-0.007659984604572401,-0.007495682013245464,-0.0073296757271008595,-0.0071410025242566455,-0.0069661966210237125,-0.006797560407458159,-0.006625575079791002,-0.006446427621573658,-0.006268733606335175,-0.006088885484932582,-0.005910676099457612,-0.005739269059296115,-0.005567231068754452,-0.005397170780931271,-0.005207612575132581,-0.005042129310448562,-0.004890327228210145,-0.004730043064389733,-0.0045753936508039494,-0.004421422281843057
Batch2,9,external_reserved,,791.0,5.6C(26%)-4.5C-newstructure,2018-02-20_batchdata_updated_struct_errorcorrect.mat,100,0,100.0,1.097482268,0.001879897654633,0.01539659944,100,32.35755295299843,33.59605648813232,10.039938566666658,10.04024166666677,-0.007446960333569,-0.0197541523253084,4.5245388051825846e-05,-4.344425682662564,ok,5.6,26.0,4.5,True,0.0039948442427129,False,observed_crossing_matches_raw,True,Raw target exactly matches first summary-cycle crossing after cycle 100.,1.0984173,-0.0015245571969777,-1.8904999999999617e-05,-0.0012296721149716,0.2710237226429015,0.9809162091481554,11,11,100.0,0.012131468540688426,-1.9160866236582745,5.7305842185926366e-05,5.3596761022525874e-05,6.908243542759371e-05,9.039475918308677e-05,9.463235623986387e-05,0.00011533212979006162,0.00014102417676938993,0.00015650654728380838,0.00018291909905893567,0.0001957138501593016,0.0002177149468189539,0.00024134692520384922,0.00025796672572757015,0.00027177577547895376,0.0002940025662576777,0.0003232025164364473,0.00037170558463798034,0.00044831868914677747,0.000569421898325706,0.0009580249463260748,0.002146283317342325,0.00552809762035851,0.007638165378861778,0.00591335563916634,0.004251177478209023,0.0024003967728011832,-0.00028815818558602935,-0.002545471806997157,-0.00433049139138264,-0.005825733242644793,-0.007342610198929234,-0.008685309527419749,-0.010452234104278313,-0.012489780195453326,-0.0144480897871897,-0.016251237729034917,-0.017551855065683575,-0.018469194958635415,-0.019141481478230027,-0.019580116416528348,-0.019744137814635354,-0.019705810414765934,-0.01945997132268673,-0.019088426134937664,-0.018615086550206716,-0.018132683844844122,-0.017554412119980323,-0.017018049456256734,-0.016484385632018705,-0.01594052562420445,-0.015363046634388144,-0.014871366705894173,-0.014396007748260109,-0.013944868876818228,-0.013509463263038368,-0.013082299120131813,-0.012696265867877088,-0.012322309513425944,-0.011953952946696544,-0.011614949079499226,-0.011306045433373102,-0.010971218633075264,-0.010689609512268827,-0.010422832312262376,-0.010159956354347743,-0.009917458762587206,-0.009678962561316506,-0.009469387456143785,-0.009253773198322435,-0.009060420373981692,-0.008866611876297226,-0.008700984848032833,-0.008497708047116692,-0.008340573339546964,-0.008181289380220447,-0.008028322442326319,-0.007876664654594023,-0.007705055138260031,-0.0075581227355363545,-0.007407995607535023,-0.0072654513782361985,-0.0071293370154552616,-0.00696842601817016,-0.006801963332940142,-0.006661979628261205,-0.006520576838181302,-0.0063662400609756364,-0.006215198549556655,-0.006063051498204519,-0.005919367256801644,-0.005769077377393739,-0.005639399442277426,-0.005500763812638532,-0.0053648197304128065,-0.005209979634507755,-0.00508102222141682,-0.0049459628552757096,-0.004819014616909811,-0.0046819579321044635,-0.004558039402478231
