candidate,batch,cell_id,fold,actual,prediction,ape_pct
S0_linear,Batch1,11,1,788.0,954.7473689837394,21.1608336273781
S0_linear,Batch1,14,2,880.0,902.3076255657257,2.5349574506506527
S0_linear,Batch1,15,3,719.0,922.0069243801563,28.234620915181683
S0_linear,Batch1,16,3,862.0,967.3264620233124,12.218847102472434
S0_linear,Batch1,17,3,857.0,895.4210739608873,4.483205829741805
S0_linear,Batch1,18,3,691.0,717.3580506816975,3.8144791145727175
S0_linear,Batch1,19,5,788.0,690.6479755766433,12.354317820222937
S0_linear,Batch1,20,5,534.0,568.5548125626137,6.470938682137403
S0_linear,Batch1,21,1,559.0,564.0467838591237,0.902823588394223
S0_linear,Batch1,23,1,1014.0,902.7054145003469,10.975797386553557
S0_linear,Batch1,24,5,1017.0,844.6748919041796,16.944455073335337
S0_linear,Batch1,25,2,854.0,893.4288421614772,4.616960440454002
S0_linear,Batch1,28,1,860.0,806.5300676541328,6.217433993705484
S0_linear,Batch1,29,2,917.0,800.8333463070236,12.668119268590667
S0_linear,Batch1,31,5,876.0,766.911462201106,12.453029429097485
S0_linear,Batch1,32,2,731.0,707.1580534802173,3.2615521914887426
S0_linear,Batch1,33,3,757.0,726.8025508527676,3.9890949996344016
S0_linear,Batch1,34,2,742.0,805.8802228899423,8.609194459560953
S0_linear,Batch1,36,4,704.0,729.7101834604247,3.65201469608305
S0_linear,Batch1,37,5,648.0,716.7569756312547,10.610644387539306
S0_linear,Batch1,38,4,617.0,613.7569791324586,0.5256111616760807
S0_linear,Batch1,39,1,625.0,639.6775625657101,2.3484100105136165
S0_linear,Batch1,41,2,1051.0,914.7333815912251,12.965425157828248
S0_linear,Batch1,42,3,702.0,726.1339709161457,3.43788759489255
S0_linear,Batch1,43,4,651.0,728.8656067627767,11.960922697815159
S0_linear,Batch1,5,1,1074.0,970.4338061254417,9.643034811411386
S0_linear,Batch1,6,4,636.0,778.4430058574326,22.396699034187513
S0_linear,Batch1,7,4,870.0,800.3182088614197,8.00940128029658
S1_linear,Batch1,11,1,788.0,968.6562477417583,22.925919764182527
S1_linear,Batch1,14,2,880.0,900.3897740870229,2.3170197826162435
S1_linear,Batch1,15,3,719.0,918.9832698225352,27.81408481537347
S1_linear,Batch1,16,3,862.0,974.7263062543503,13.077297709321384
S1_linear,Batch1,17,3,857.0,887.7781796551434,3.5913861907985285
S1_linear,Batch1,18,3,691.0,704.3986655891923,1.9390254108816671
S1_linear,Batch1,19,5,788.0,684.9350023859856,13.079314418022129
S1_linear,Batch1,20,5,534.0,585.482528090355,9.640922863362361
S1_linear,Batch1,21,1,559.0,578.9556835592249,3.5698897243693906
S1_linear,Batch1,23,1,1014.0,904.4735576348407,10.80142429636679
S1_linear,Batch1,24,5,1017.0,834.8448282814647,17.911029667505925
S1_linear,Batch1,25,2,854.0,889.9273967713876,4.206955125455226
S1_linear,Batch1,28,1,860.0,796.8431377436209,7.3438211926022205
S1_linear,Batch1,29,2,917.0,787.8036269171342,14.089026508491358
S1_linear,Batch1,31,5,876.0,755.45574998085,13.760759134606166
S1_linear,Batch1,32,2,731.0,696.4084912682396,4.732080537860524
S1_linear,Batch1,33,3,757.0,713.0965249284106,5.799666455956322
S1_linear,Batch1,34,2,742.0,793.0549166618256,6.880716531243341
S1_linear,Batch1,36,4,704.0,717.3139694888594,1.8911888478493404
S1_linear,Batch1,37,5,648.0,708.3041279662884,9.306192587390191
S1_linear,Batch1,38,4,617.0,616.5022674981919,0.08066977338866436
S1_linear,Batch1,39,1,625.0,639.6090093225628,2.337441491610043
S1_linear,Batch1,41,2,1051.0,915.2385954662703,12.917355331468093
S1_linear,Batch1,42,3,702.0,712.4772831092528,1.492490471403528
S1_linear,Batch1,43,4,651.0,716.5231086332595,10.064993645661989
S1_linear,Batch1,5,1,1074.0,988.8811025659952,7.925409444506964
S1_linear,Batch1,6,4,636.0,764.4569747661025,20.19763754184001
S1_linear,Batch1,7,4,870.0,786.6142064827804,9.5845739674965
S1_ridge_0.1,Batch1,11,1,788.0,967.633106488181,22.79607950357628
S1_ridge_0.1,Batch1,14,2,880.0,899.6583014261345,2.2338978893334627
S1_ridge_0.1,Batch1,15,3,719.0,918.2840111882498,27.71683048515296
S1_ridge_0.1,Batch1,16,3,862.0,973.7251340792245,12.961152445385675
S1_ridge_0.1,Batch1,17,3,857.0,887.2413449693232,3.528745037260586
S1_ridge_0.1,Batch1,18,3,691.0,704.710134420727,1.984100495040079
S1_ridge_0.1,Batch1,19,5,788.0,685.3121549448927,13.031452418160832
S1_ridge_0.1,Batch1,20,5,534.0,586.2029127235324,9.775826352721431
S1_ridge_0.1,Batch1,21,1,559.0,579.6926301397814,3.7017227441469385
S1_ridge_0.1,Batch1,23,1,1014.0,903.7985343880757,10.867994636284447
S1_ridge_0.1,Batch1,24,5,1017.0,834.5891407006687,17.936171022549782
S1_ridge_0.1,Batch1,25,2,854.0,889.2514516622562,4.12780464429229
S1_ridge_0.1,Batch1,28,1,860.0,796.7050462445275,7.359878343659597
S1_ridge_0.1,Batch1,29,2,917.0,787.6395473954046,14.106919586106367
S1_ridge_0.1,Batch1,31,5,876.0,755.5511381869289,13.74987006998528
S1_ridge_0.1,Batch1,32,2,731.0,696.6520529711888,4.698761563448861
S1_ridge_0.1,Batch1,33,3,757.0,713.3722245197384,5.7632464306818445
S1_ridge_0.1,Batch1,34,2,742.0,792.8659082426426,6.855243698469353
S1_ridge_0.1,Batch1,36,4,704.0,717.6248723830589,1.935351190775414
S1_ridge_0.1,Batch1,37,5,648.0,708.5912277688584,9.35049811247815
S1_ridge_0.1,Batch1,38,4,617.0,617.1739840463293,0.028198386763263795
S1_ridge_0.1,Batch1,39,1,625.0,640.1345106374284,2.4215217019885493
S1_ridge_0.1,Batch1,41,2,1051.0,914.4273769817911,12.994540724853369
S1_ridge_0.1,Batch1,42,3,702.0,712.7555451579644,1.5321289398809734
S1_ridge_0.1,Batch1,43,4,651.0,716.8370919906853,10.113224576142132
S1_ridge_0.1,Batch1,5,1,1074.0,987.7442368469144,8.031262863415789
S1_ridge_0.1,Batch1,6,4,636.0,764.5776021133939,20.21660410587955
S1_ridge_0.1,Batch1,7,4,870.0,786.6410252104554,9.581491355120072
S1_ridge_1,Batch1,11,1,788.0,958.8697717768594,21.683981189956768
S1_ridge_1,Batch1,14,2,880.0,893.3858028235487,1.521113957221445
S1_ridge_1,Batch1,15,3,719.0,912.2862699461983,26.88265228737112
S1_ridge_1,Batch1,16,3,862.0,965.1487680240862,11.966214387945032
S1_ridge_1,Batch1,17,3,857.0,882.6333040297006,2.991050645239281
S1_ridge_1,Batch1,18,3,691.0,707.3971773529121,2.372963437469187
S1_ridge_1,Batch1,19,5,788.0,688.5737279863738,12.617547209851042
S1_ridge_1,Batch1,20,5,534.0,592.4531367473464,10.94628028976525
S1_ridge_1,Batch1,21,1,559.0,586.0757015084939,4.843595976474762
S1_ridge_1,Batch1,23,1,1014.0,898.0082612617327,11.439027488980994
S1_ridge_1,Batch1,24,5,1017.0,832.3870832362991,18.152695846971575
S1_ridge_1,Batch1,25,2,854.0,883.4536394897281,3.4489039215138244
S1_ridge_1,Batch1,28,1,860.0,795.5172478884997,7.497994431569802
S1_ridge_1,Batch1,29,2,917.0,786.2284493755891,14.26080159481035
S1_ridge_1,Batch1,31,5,876.0,756.3743615559616,13.65589479954776
S1_ridge_1,Batch1,32,2,731.0,698.7523277775406,4.4114462684623
S1_ridge_1,Batch1,33,3,757.0,715.7500512680316,5.44913457489675
S1_ridge_1,Batch1,34,2,742.0,791.2406542376121,6.636206770567674
S1_ridge_1,Batch1,36,4,704.0,720.3120093371266,2.3170467808418462
S1_ridge_1,Batch1,37,5,648.0,711.0722988652077,9.73337945450736
S1_ridge_1,Batch1,38,4,617.0,622.9980021189222,0.9721235200846287
S1_ridge_1,Batch1,39,1,625.0,644.67628563139,3.148205701022398
S1_ridge_1,Batch1,41,2,1051.0,907.4735152837601,13.656183131897231
S1_ridge_1,Batch1,42,3,702.0,715.1555176850194,1.8740053682363804
S1_ridge_1,Batch1,43,4,651.0,719.5509158236109,10.530094596560817
S1_ridge_1,Batch1,5,1,1074.0,978.0112048252208,8.9375042062178
S1_ridge_1,Batch1,6,4,636.0,765.6188033757983,20.380314996194695
S1_ridge_1,Batch1,7,4,870.0,786.8723746927947,9.554899460598316
S1_ridge_10,Batch1,11,1,788.0,900.4765449644001,14.2736732188325
S1_ridge_10,Batch1,14,2,880.0,851.2440609181886,3.2677203502058463
S1_ridge_10,Batch1,15,3,719.0,871.9202277654684,21.268460050830104
S1_ridge_10,Batch1,16,3,862.0,907.9451684535786,5.330065945890791
S1_ridge_10,Batch1,17,3,857.0,851.4557745922252,0.6469341199270449
S1_ridge_10,Batch1,18,3,691.0,726.2363959672585,5.099333714509196
S1_ridge_10,Batch1,19,5,788.0,711.8435351662655,9.664525994128743
S1_ridge_10,Batch1,20,5,534.0,638.1109854905968,19.496439230448843
S1_ridge_10,Batch1,21,1,559.0,632.1198174784411,13.080468243012712
S1_ridge_10,Batch1,23,1,1014.0,859.0192798081339,15.28409469347792
S1_ridge_10,Batch1,24,5,1017.0,817.1345084937135,19.65245737524941
S1_ridge_10,Batch1,25,2,854.0,844.4313738660114,1.12044802505721
S1_ridge_10,Batch1,28,1,860.0,787.3622209752941,8.4462533749658
S1_ridge_10,Batch1,29,2,917.0,776.5518299353832,15.316049080110878
S1_ridge_10,Batch1,31,5,876.0,762.1620947320864,12.99519466528694
S1_ridge_10,Batch1,32,2,731.0,713.4312503303114,2.4033857277275787
S1_ridge_10,Batch1,33,3,757.0,732.3897280028638,3.2510266839017485
S1_ridge_10,Batch1,34,2,742.0,780.1068324188975,5.1356917006600415
S1_ridge_10,Batch1,36,4,704.0,739.4058224013279,5.0292361365522575
S1_ridge_10,Batch1,37,5,648.0,728.6847505894062,12.451350399599727
S1_ridge_10,Batch1,38,4,617.0,665.3343652130279,7.833770699032078
S1_ridge_10,Batch1,39,1,625.0,676.9350726752756,8.309611628044093
S1_ridge_10,Batch1,41,2,1051.0,860.8707225916281,18.09032135189076
S1_ridge_10,Batch1,42,3,702.0,731.9524215855726,4.266726721591532
S1_ridge_10,Batch1,43,4,651.0,738.8375453328377,13.49271049659566
S1_ridge_10,Batch1,5,1,1074.0,913.360657595131,14.957108231365831
S1_ridge_10,Batch1,6,4,636.0,772.94702192851,21.532550617690255
S1_ridge_10,Batch1,7,4,870.0,788.4937272933423,9.368537092719274
S1_elasticnet_0.001_0.1,Batch1,11,1,788.0,968.0453362967806,22.848392931063536
S1_elasticnet_0.001_0.1,Batch1,14,2,880.0,900.000557450222,2.2727906193434095
S1_elasticnet_0.001_0.1,Batch1,15,3,719.0,918.6377427378012,27.76602819719071
S1_elasticnet_0.001_0.1,Batch1,16,3,862.0,974.2315602460754,13.01990258075121
S1_elasticnet_0.001_0.1,Batch1,17,3,857.0,887.5129221652703,3.56043432500237
S1_elasticnet_0.001_0.1,Batch1,18,3,691.0,704.5525259178286,1.9612917391937157
S1_elasticnet_0.001_0.1,Batch1,19,5,788.0,685.1541932619656,13.051498317009443
S1_elasticnet_0.001_0.1,Batch1,20,5,534.0,585.901136627214,9.719313975133705
S1_elasticnet_0.001_0.1,Batch1,21,1,559.0,579.3955034326427,3.6485694870559437
S1_elasticnet_0.001_0.1,Batch1,23,1,1014.0,904.0705305321292,10.841170558961622
S1_elasticnet_0.001_0.1,Batch1,24,5,1017.0,834.696202907054,17.925643765284757
S1_elasticnet_0.001_0.1,Batch1,25,2,854.0,889.5677307976057,4.164839671850784
S1_elasticnet_0.001_0.1,Batch1,28,1,860.0,796.7606988221877,7.353407113699105
S1_elasticnet_0.001_0.1,Batch1,29,2,917.0,787.7163325419114,14.098546069584366
S1_elasticnet_0.001_0.1,Batch1,31,5,876.0,755.5111919535591,13.754430142287774
S1_elasticnet_0.001_0.1,Batch1,32,2,731.0,696.5380552171545,4.714356331442618
S1_elasticnet_0.001_0.1,Batch1,33,3,757.0,713.2327177715223,5.781675327407887
S1_elasticnet_0.001_0.1,Batch1,34,2,742.0,792.9543587875205,6.867164257078235
S1_elasticnet_0.001_0.1,Batch1,36,4,704.0,717.4873968536155,1.91582341670674
S1_elasticnet_0.001_0.1,Batch1,37,5,648.0,708.4709876883527,9.331942544498872
S1_elasticnet_0.001_0.1,Batch1,38,4,617.0,616.8769090552108,0.019949910014452035
S1_elasticnet_0.001_0.1,Batch1,39,1,625.0,639.9226642494319,2.3876262799091093
S1_elasticnet_0.001_0.1,Batch1,41,2,1051.0,914.8069385987465,12.958426394029832
S1_elasticnet_0.001_0.1,Batch1,42,3,702.0,712.6147416439928,1.5120714592582378
S1_elasticnet_0.001_0.1,Batch1,43,4,651.0,716.6982541522601,10.091897719241187
S1_elasticnet_0.001_0.1,Batch1,5,1,1074.0,988.2022741445641,7.988615070338542
S1_elasticnet_0.001_0.1,Batch1,6,4,636.0,764.5242670229982,20.208218085377073
S1_elasticnet_0.001_0.1,Batch1,7,4,870.0,786.6291677838524,9.582854277718116
S1_elasticnet_0.001_0.5,Batch1,11,1,788.0,966.506377205918,22.653093554050518
S1_elasticnet_0.001_0.5,Batch1,14,2,880.0,899.0899923684661,2.169317314598425
S1_elasticnet_0.001_0.5,Batch1,15,3,719.0,917.8733603756447,27.65971632484627
S1_elasticnet_0.001_0.5,Batch1,16,3,862.0,973.1373040730933,12.89295870917556
S1_elasticnet_0.001_0.5,Batch1,17,3,857.0,886.9260410930917,3.491953453102885
S1_elasticnet_0.001_0.5,Batch1,18,3,691.0,704.8932242723055,2.0105968556158427
S1_elasticnet_0.001_0.5,Batch1,19,5,788.0,685.6834091722225,12.984338937535219
S1_elasticnet_0.001_0.5,Batch1,20,5,534.0,586.9125090542243,9.908709560716161
S1_elasticnet_0.001_0.5,Batch1,21,1,559.0,580.5061782442369,3.847259077681026
S1_elasticnet_0.001_0.5,Batch1,23,1,1014.0,903.0549259005063,10.941328806656182
S1_elasticnet_0.001_0.5,Batch1,24,5,1017.0,834.3376656599869,17.96089816519303
S1_elasticnet_0.001_0.5,Batch1,25,2,854.0,888.7262593955099,4.0663067207857075
S1_elasticnet_0.001_0.5,Batch1,28,1,860.0,796.5528323563108,7.377577632987119
S1_elasticnet_0.001_0.5,Batch1,29,2,917.0,787.5119992459342,14.120828871762896
S1_elasticnet_0.001_0.5,Batch1,31,5,876.0,755.644995102852,13.73915581017671
S1_elasticnet_0.001_0.5,Batch1,32,2,731.0,696.8414809601325,4.672848021869704
S1_elasticnet_0.001_0.5,Batch1,33,3,757.0,713.5342810953889,5.741838692815204
S1_elasticnet_0.001_0.5,Batch1,34,2,742.0,792.7189853984055,6.83544277606543
S1_elasticnet_0.001_0.5,Batch1,36,4,704.0,717.8945144419712,1.9736526195981794
S1_elasticnet_0.001_0.5,Batch1,37,5,648.0,708.8737968748326,9.394104455992682
S1_elasticnet_0.001_0.5,Batch1,38,4,617.0,617.7569117654057,0.12267613701874804
S1_elasticnet_0.001_0.5,Batch1,39,1,625.0,640.7143600388733,2.514297606219734
S1_elasticnet_0.001_0.5,Batch1,41,2,1051.0,913.7971518056191,13.054505061311215
S1_elasticnet_0.001_0.5,Batch1,42,3,702.0,712.919108459759,1.5554285555212173
S1_elasticnet_0.001_0.5,Batch1,43,4,651.0,717.1094069094148,10.155054824794902
S1_elasticnet_0.001_0.5,Batch1,5,1,1074.0,986.4923921082469,8.147821963850381
S1_elasticnet_0.001_0.5,Batch1,6,4,636.0,764.6821937454329,20.233049331042903
S1_elasticnet_0.001_0.5,Batch1,7,4,870.0,786.6642760794559,9.578818841441848
S1_elasticnet_0.01_0.1,Batch1,11,1,788.0,962.6131928085473,22.15903462037402
S1_elasticnet_0.01_0.1,Batch1,14,2,880.0,896.5362880006785,1.8791236364407382
S1_elasticnet_0.01_0.1,Batch1,15,3,719.0,915.5614788053533,27.338175077239683
S1_elasticnet_0.01_0.1,Batch1,16,3,862.0,969.8296579836225,12.50924106538544
S1_elasticnet_0.01_0.1,Batch1,17,3,857.0,885.1504025222943,3.284761087782294
S1_elasticnet_0.01_0.1,Batch1,18,3,691.0,705.9264050209337,2.160116500858706
S1_elasticnet_0.01_0.1,Batch1,19,5,788.0,687.1124209206088,12.80299226895828
S1_elasticnet_0.01_0.1,Batch1,20,5,534.0,589.6482747046563,10.421025225591062
S1_elasticnet_0.01_0.1,Batch1,21,1,559.0,583.3333860652613,4.3530207630163265
S1_elasticnet_0.01_0.1,Batch1,23,1,1014.0,900.4835762709438,11.194913582747162
S1_elasticnet_0.01_0.1,Batch1,24,5,1017.0,833.3716758410625,18.055882414841445
S1_elasticnet_0.01_0.1,Batch1,25,2,854.0,886.3660340632434,3.78993373105895
S1_elasticnet_0.01_0.1,Batch1,28,1,860.0,796.0257437394127,7.43886700704503
S1_elasticnet_0.01_0.1,Batch1,29,2,917.0,786.9381187468118,14.18341125988966
S1_elasticnet_0.01_0.1,Batch1,31,5,876.0,756.0058990066362,13.697956734402256
S1_elasticnet_0.01_0.1,Batch1,32,2,731.0,697.694796623435,4.556115372991113
S1_elasticnet_0.01_0.1,Batch1,33,3,757.0,714.4486714689809,5.621047362089705
S1_elasticnet_0.01_0.1,Batch1,34,2,742.0,792.0579743567871,6.746357730025215
S1_elasticnet_0.01_0.1,Batch1,36,4,704.0,719.0361770176548,2.1358205990986985
S1_elasticnet_0.01_0.1,Batch1,37,5,648.0,709.9610702053222,9.56189355020405
S1_elasticnet_0.01_0.1,Batch1,38,4,617.0,620.2286960099425,0.5232894667653964
S1_elasticnet_0.01_0.1,Batch1,39,1,625.0,642.7271926979407,2.8363508316705155
S1_elasticnet_0.01_0.1,Batch1,41,2,1051.0,910.9656745832975,13.323912979705277
S1_elasticnet_0.01_0.1,Batch1,42,3,702.0,713.8420074838597,1.6868956529714636
S1_elasticnet_0.01_0.1,Batch1,43,4,651.0,718.2623988393428,10.332165720329161
S1_elasticnet_0.01_0.1,Batch1,5,1,1074.0,982.1678913270264,8.55047566787464
S1_elasticnet_0.01_0.1,Batch1,6,4,636.0,765.1247574000075,20.302634811321937
S1_elasticnet_0.01_0.1,Batch1,7,4,870.0,786.7626310274396,9.567513675006941
S1_elasticnet_0.01_0.5,Batch1,11,1,788.0,947.4652509033621,20.236706967431733
S1_elasticnet_0.01_0.5,Batch1,14,2,880.0,887.533475513563,0.8560767629048821
S1_elasticnet_0.01_0.5,Batch1,15,3,719.0,907.9934355454899,26.285596042488162
S1_elasticnet_0.01_0.5,Batch1,16,3,862.0,959.0224046176353,11.255499375595742
S1_elasticnet_0.01_0.5,Batch1,17,3,857.0,879.3313165773736,2.6057545597868876
S1_elasticnet_0.01_0.5,Batch1,18,3,691.0,709.3376148457635,2.653779283033789
S1_elasticnet_0.01_0.5,Batch1,19,5,788.0,692.4221175011173,12.129172905949579
S1_elasticnet_0.01_0.5,Batch1,20,5,534.0,599.8750053560858,12.3361433251097
S1_elasticnet_0.01_0.5,Batch1,21,1,559.0,594.5776200430146,6.364511635601892
S1_elasticnet_0.01_0.5,Batch1,23,1,1014.0,890.4495335646876,12.184464145494319
S1_elasticnet_0.01_0.5,Batch1,24,5,1017.0,829.8096223974272,18.406133490911778
S1_elasticnet_0.01_0.5,Batch1,25,2,854.0,878.0418122916354,2.8152005025334237
S1_elasticnet_0.01_0.5,Batch1,28,1,860.0,793.9577925587868,7.679326446652701
S1_elasticnet_0.01_0.5,Batch1,29,2,917.0,784.9052155656759,14.405101901234906
S1_elasticnet_0.01_0.5,Batch1,31,5,876.0,757.3418421295964,13.545451811689905
S1_elasticnet_0.01_0.5,Batch1,32,2,731.0,700.7310205968405,4.140763256246171
S1_elasticnet_0.01_0.5,Batch1,33,3,757.0,717.4664839072618,5.222393143030143
S1_elasticnet_0.01_0.5,Batch1,34,2,742.0,789.7169816116219,6.4308600554746524
S1_elasticnet_0.01_0.5,Batch1,36,4,704.0,723.1144134950838,2.7151155532789484
S1_elasticnet_0.01_0.5,Batch1,37,5,648.0,713.9957762573251,10.184533373044003
S1_elasticnet_0.01_0.5,Batch1,38,4,617.0,629.1069646468754,1.9622308990073647
S1_elasticnet_0.01_0.5,Batch1,39,1,625.0,650.698564252835,4.111770280453602
S1_elasticnet_0.01_0.5,Batch1,41,2,1051.0,900.9894745168076,14.273123261959315
S1_elasticnet_0.01_0.5,Batch1,42,3,702.0,716.8879866456839,2.120795818473489
S1_elasticnet_0.01_0.5,Batch1,43,4,651.0,722.3812704666105,10.964864895024663
S1_elasticnet_0.01_0.5,Batch1,5,1,1074.0,965.356520156404,10.115780246144876
S1_elasticnet_0.01_0.5,Batch1,6,4,636.0,766.7020401413039,20.550635242343375
S1_elasticnet_0.01_0.5,Batch1,7,4,870.0,787.1128026152273,9.527264067215249
S1_elasticnet_0.1_0.1,Batch1,11,1,788.0,914.1356453368725,16.007061590973663
S1_elasticnet_0.1_0.1,Batch1,14,2,880.0,865.3423030484114,1.6656473808623415
S1_elasticnet_0.1_0.1,Batch1,15,3,719.0,887.7907098793154,23.47575937125388
S1_elasticnet_0.1_0.1,Batch1,16,3,862.0,930.3273648782831,7.926608454557205
S1_elasticnet_0.1_0.1,Batch1,17,3,857.0,863.7482926154481,0.7874320438095825
S1_elasticnet_0.1_0.1,Batch1,18,3,691.0,718.6680621882213,4.004061098150689
S1_elasticnet_0.1_0.1,Batch1,19,5,788.0,705.357686704943,10.487603210032608
S1_elasticnet_0.1_0.1,Batch1,20,5,534.0,625.1967812555889,17.078048924267588
S1_elasticnet_0.1_0.1,Batch1,21,1,559.0,620.767988835106,11.049729666387487
S1_elasticnet_0.1_0.1,Batch1,23,1,1014.0,868.2043088300827,14.378273290918866
S1_elasticnet_0.1_0.1,Batch1,24,5,1017.0,821.3069526553577,19.242187546179185
S1_elasticnet_0.1_0.1,Batch1,25,2,854.0,857.4997110817625,0.4098022343984174
S1_elasticnet_0.1_0.1,Batch1,28,1,860.0,789.3085831090509,8.219932196621986
S1_elasticnet_0.1_0.1,Batch1,29,2,917.0,779.8279637767498,14.958782576145058
S1_elasticnet_0.1_0.1,Batch1,31,5,876.0,760.56375185798,13.177653897490863
S1_elasticnet_0.1_0.1,Batch1,32,2,731.0,708.406871069274,3.090715312000826
S1_elasticnet_0.1_0.1,Batch1,33,3,757.0,725.7116177558922,4.133207694069718
S1_elasticnet_0.1_0.1,Batch1,34,2,742.0,783.8740899924658,5.643408354779753
S1_elasticnet_0.1_0.1,Batch1,36,4,704.0,733.41518048327,4.178292682282668
S1_elasticnet_0.1_0.1,Batch1,37,5,648.0,723.7912168544523,11.696175440501893
S1_elasticnet_0.1_0.1,Batch1,38,4,617.0,651.8708762578582,5.651681727367615
S1_elasticnet_0.1_0.1,Batch1,39,1,625.0,669.0615153497891,7.049842455966264
S1_elasticnet_0.1_0.1,Batch1,41,2,1051.0,876.4384998493334,16.609086598541065
S1_elasticnet_0.1_0.1,Batch1,42,3,702.0,725.2107390898545,3.3063730897228694
S1_elasticnet_0.1_0.1,Batch1,43,4,651.0,732.7858100142806,12.563104456878746
S1_elasticnet_0.1_0.1,Batch1,5,1,1074.0,928.451082737099,13.552040713491714
S1_elasticnet_0.1_0.1,Batch1,6,4,636.0,770.660899102315,21.173097343131296
S1_elasticnet_0.1_0.1,Batch1,7,4,870.0,787.9892255665782,9.426525796945038
S1_elasticnet_0.1_0.5,Batch1,11,1,788.0,783.8316181252177,0.5289824714190752
S1_elasticnet_0.1_0.5,Batch1,14,2,880.0,784.6016474886223,10.840721876292916
S1_elasticnet_0.1_0.5,Batch1,15,3,719.0,819.0263664221075,13.911872937706184
S1_elasticnet_0.1_0.5,Batch1,16,3,862.0,834.3849518262216,3.2036018763083995
S1_elasticnet_0.1_0.5,Batch1,17,3,857.0,810.1484454043036,5.466925857140767
S1_elasticnet_0.1_0.5,Batch1,18,3,691.0,753.1174255755442,8.989497188935482
S1_elasticnet_0.1_0.5,Batch1,19,5,788.0,760.0489116341289,3.547092432217145
S1_elasticnet_0.1_0.5,Batch1,20,5,534.0,738.6898717859253,38.33143666403097
S1_elasticnet_0.1_0.5,Batch1,21,1,559.0,747.0024300740246,33.631919512347864
S1_elasticnet_0.1_0.5,Batch1,23,1,1014.0,778.8229888405691,23.192999128149
S1_elasticnet_0.1_0.5,Batch1,24,5,1017.0,787.8776825562162,22.529234753567728
S1_elasticnet_0.1_0.5,Batch1,25,2,854.0,782.4622132996783,8.376790011747271
S1_elasticnet_0.1_0.5,Batch1,28,1,860.0,769.6509399680501,10.505704654877894
S1_elasticnet_0.1_0.5,Batch1,29,2,917.0,760.4950759459114,17.067058239268118
S1_elasticnet_0.1_0.5,Batch1,31,5,876.0,773.7027281764633,11.677770756111494
S1_elasticnet_0.1_0.5,Batch1,32,2,731.0,738.8992443711754,1.0806079851129176
S1_elasticnet_0.1_0.5,Batch1,33,3,757.0,756.0389533000811,0.12695464992324154
S1_elasticnet_0.1_0.5,Batch1,34,2,742.0,761.6763351435368,2.6517971891559013
S1_elasticnet_0.1_0.5,Batch1,36,4,704.0,774.7963336822132,10.056297398041652
S1_elasticnet_0.1_0.5,Batch1,37,5,648.0,764.6959892234139,18.00864031225523
S1_elasticnet_0.1_0.5,Batch1,38,4,617.0,748.282801509472,21.277601541243442
S1_elasticnet_0.1_0.5,Batch1,39,1,625.0,753.9940673685446,20.63905077896714
S1_elasticnet_0.1_0.5,Batch1,41,2,1051.0,787.6055866226103,25.061314308029466
S1_elasticnet_0.1_0.5,Batch1,42,3,702.0,755.8317649534436,7.6683425859606205
S1_elasticnet_0.1_0.5,Batch1,43,4,651.0,774.599858447345,18.98615337132796
S1_elasticnet_0.1_0.5,Batch1,5,1,1074.0,785.3476227039066,26.876385223099945
S1_elasticnet_0.1_0.5,Batch1,6,4,636.0,786.2179331561632,23.619171879899877
S1_elasticnet_0.1_0.5,Batch1,7,4,870.0,791.3994684205688,9.034543859704732
S2_linear,Batch1,11,1,788.0,964.4929953000831,22.39758823605115
S2_linear,Batch1,14,2,880.0,899.6862319412825,2.237071811509372
S2_linear,Batch1,15,3,719.0,919.680070132691,27.910997236813763
S2_linear,Batch1,16,3,862.0,971.6669504698878,12.722384045230596
S2_linear,Batch1,17,3,857.0,888.6091026606942,3.688343367642269
S2_linear,Batch1,18,3,691.0,707.185940284466,2.342393673584085
S2_linear,Batch1,19,5,788.0,669.1884602493959,15.077606567335543
S2_linear,Batch1,20,5,534.0,624.6366220004655,16.9731501873531
S2_linear,Batch1,21,1,559.0,553.5326379023035,0.9780611981568044
S2_linear,Batch1,23,1,1014.0,889.428519662133,12.285155851860651
S2_linear,Batch1,24,5,1017.0,818.4239765985917,19.52566601783759
S2_linear,Batch1,25,2,854.0,888.5508102450084,4.045762323771474
S2_linear,Batch1,28,1,860.0,795.5585512118878,7.493191719547932
S2_linear,Batch1,29,2,917.0,789.4367865885912,13.91092839819071
S2_linear,Batch1,31,5,876.0,744.9012133232078,14.965614917442032
S2_linear,Batch1,32,2,731.0,698.2927150841246,4.474320781925506
S2_linear,Batch1,33,3,757.0,714.155648078292,5.659755868125236
S2_linear,Batch1,34,2,742.0,793.0094141100708,6.874584111869379
S2_linear,Batch1,36,4,704.0,726.926551919713,3.2566124885955974
S2_linear,Batch1,37,5,648.0,702.3994865859718,8.39498249783515
S2_linear,Batch1,38,4,617.0,619.0651131316301,0.3347022903776567
S2_linear,Batch1,39,1,625.0,636.5106705303713,1.8417072848594034
S2_linear,Batch1,41,2,1051.0,911.255367172552,13.296349460270976
S2_linear,Batch1,42,3,702.0,713.8150505867496,1.6830556391381246
S2_linear,Batch1,43,4,651.0,726.9076951504038,11.660168225868482
S2_linear,Batch1,5,1,1074.0,959.2302431671212,10.686197098033405
S2_linear,Batch1,6,4,636.0,793.4484070201646,24.756038839648525
S2_linear,Batch1,7,4,870.0,794.470128656206,8.68159440733264
S2_ridge_0.1,Batch1,11,1,788.0,964.3107843091267,22.374465013848564
S2_ridge_0.1,Batch1,14,2,880.0,898.8668258859981,2.1439574870452365
S2_ridge_0.1,Batch1,15,3,719.0,919.8160374404521,27.929907849854256
S2_ridge_0.1,Batch1,16,3,862.0,967.8405845260653,12.278490084230313
S2_ridge_0.1,Batch1,17,3,857.0,889.0081537066126,3.734907083618737
S2_ridge_0.1,Batch1,18,3,691.0,710.2197067825529,2.781433687778996
S2_ridge_0.1,Batch1,19,5,788.0,676.1083956293938,14.199442179010935
S2_ridge_0.1,Batch1,20,5,534.0,609.6853031892642,14.173277750798546
S2_ridge_0.1,Batch1,21,1,559.0,555.2206822675353,0.6760854619793798
S2_ridge_0.1,Batch1,23,1,1014.0,889.99694302641,12.229098320866862
S2_ridge_0.1,Batch1,24,5,1017.0,824.6249068760983,18.915938360265656
S2_ridge_0.1,Batch1,25,2,854.0,887.5074565535958,3.923589760374219
S2_ridge_0.1,Batch1,28,1,860.0,795.5744898131976,7.491338393814233
S2_ridge_0.1,Batch1,29,2,917.0,789.9613034364356,13.853729178142244
S2_ridge_0.1,Batch1,31,5,876.0,749.3042390559582,14.462986409137192
S2_ridge_0.1,Batch1,32,2,731.0,699.2200237651645,4.347465969197749
S2_ridge_0.1,Batch1,33,3,757.0,715.4310420147737,5.491275823675872
S2_ridge_0.1,Batch1,34,2,742.0,792.8513839158855,6.853286242033092
S2_ridge_0.1,Batch1,36,4,704.0,726.0184010388127,3.1276137839222624
S2_ridge_0.1,Batch1,37,5,648.0,705.2381558143327,8.833048736779736
S2_ridge_0.1,Batch1,38,4,617.0,618.9810563631272,0.3210788270870679
S2_ridge_0.1,Batch1,39,1,625.0,636.8979424192136,1.9036707870741703
S2_ridge_0.1,Batch1,41,2,1051.0,909.0882257593281,13.502547501491142
S2_ridge_0.1,Batch1,42,3,702.0,715.370796706889,1.904671895568233
S2_ridge_0.1,Batch1,43,4,651.0,725.9202815376199,11.50849178765282
S2_ridge_0.1,Batch1,5,1,1074.0,960.4233348941517,10.57510848285366
S2_ridge_0.1,Batch1,6,4,636.0,790.4580781936907,24.28586135120922
S2_ridge_0.1,Batch1,7,4,870.0,793.6679620878785,8.773797461163385
S2_ridge_1,Batch1,11,1,788.0,960.4940837720956,21.89011215381923
S2_ridge_1,Batch1,14,2,880.0,894.7028289859044,1.6707760211254972
S2_ridge_1,Batch1,15,3,719.0,917.6392989266219,27.627162576720714
S2_ridge_1,Batch1,16,3,862.0,957.1672685093401,11.040286369993055
S2_ridge_1,Batch1,17,3,857.0,887.8960444605123,3.605139376955923
S2_ridge_1,Batch1,18,3,691.0,717.1336006455198,3.7819971990621966
S2_ridge_1,Batch1,19,5,788.0,690.6094239805991,12.359210154746307
S2_ridge_1,Batch1,20,5,534.0,585.0436885675289,9.558743177439865
S2_ridge_1,Batch1,21,1,559.0,561.3246497522651,0.4158586318900081
S2_ridge_1,Batch1,23,1,1014.0,889.0068939372956,12.326736298097085
S2_ridge_1,Batch1,24,5,1017.0,835.514194948351,17.845211902817006
S2_ridge_1,Batch1,25,2,854.0,883.0783258994263,3.404956194312215
S2_ridge_1,Batch1,28,1,860.0,795.1459220525147,7.541171854358753
S2_ridge_1,Batch1,29,2,917.0,790.4745807271565,13.797755645893508
S2_ridge_1,Batch1,31,5,876.0,757.9741453473063,13.473271079074628
S2_ridge_1,Batch1,32,2,731.0,701.9620084917048,3.972365459411115
S2_ridge_1,Batch1,33,3,757.0,718.8319870686672,5.042009634257964
S2_ridge_1,Batch1,34,2,742.0,791.8826547529092,6.722729751065925
S2_ridge_1,Batch1,36,4,704.0,725.2028991772981,3.01177545132076
S2_ridge_1,Batch1,37,5,648.0,711.5950385145346,9.814049153477566
S2_ridge_1,Batch1,38,4,617.0,621.1172239169392,0.6672972312705387
S2_ridge_1,Batch1,39,1,625.0,639.5086506174791,2.3213840987966616
S2_ridge_1,Batch1,41,2,1051.0,901.9275121248845,14.183871348726496
S2_ridge_1,Batch1,42,3,702.0,719.3189564159302,2.4670878085370638
S2_ridge_1,Batch1,43,4,651.0,724.9515747185847,11.359688896864002
S2_ridge_1,Batch1,5,1,1074.0,959.3201050987376,10.677830065294451
S2_ridge_1,Batch1,6,4,636.0,784.6806073070668,23.37745397909855
S2_ridge_1,Batch1,7,4,870.0,792.0897968826952,8.955195760609751
S2_ridge_10,Batch1,11,1,788.0,925.1308341531297,17.402390120955552
S2_ridge_10,Batch1,14,2,880.0,868.7792396582944,1.275086402466547
S2_ridge_10,Batch1,15,3,719.0,892.6415008260338,24.15041736106173
S2_ridge_10,Batch1,16,3,862.0,922.3395289410454,6.999945352789489
S2_ridge_10,Batch1,17,3,857.0,868.6057283833323,1.3542273492803207
S2_ridge_10,Batch1,18,3,691.0,728.5583151564159,5.435356752013881
S2_ridge_10,Batch1,19,5,788.0,707.9176416308834,10.16273583364424
S2_ridge_10,Batch1,20,5,534.0,604.2014185446563,13.14633306079707
S2_ridge_10,Batch1,21,1,559.0,592.2579942403232,5.94955174245496
S2_ridge_10,Batch1,23,1,1014.0,867.7734754970501,14.420761785300781
S2_ridge_10,Batch1,24,5,1017.0,829.4478568828466,18.44170532125402
S2_ridge_10,Batch1,25,2,854.0,859.1966780926346,0.6085103152967865
S2_ridge_10,Batch1,28,1,860.0,790.3907106117956,8.094103417233068
S2_ridge_10,Batch1,29,2,917.0,784.3805543481137,14.462316864982146
S2_ridge_10,Batch1,31,5,876.0,763.6073777651808,12.830208017673426
S2_ridge_10,Batch1,32,2,731.0,710.7479705232305,2.7704554687783185
S2_ridge_10,Batch1,33,3,757.0,728.9121400980554,3.710417424299158
S2_ridge_10,Batch1,34,2,742.0,785.0713198483576,5.804760087379727
S2_ridge_10,Batch1,36,4,704.0,735.0722484234221,4.413671651054281
S2_ridge_10,Batch1,37,5,648.0,723.4282512004703,11.640162222294798
S2_ridge_10,Batch1,38,4,617.0,645.8286579781062,4.672391892723859
S2_ridge_10,Batch1,39,1,625.0,659.3417616077028,5.494681857232445
S2_ridge_10,Batch1,41,2,1051.0,873.7273040933608,16.8670500386907
S2_ridge_10,Batch1,42,3,702.0,729.4945329199853,3.9166001310520397
S2_ridge_10,Batch1,43,4,651.0,734.8092459120942,12.873924103240276
S2_ridge_10,Batch1,5,1,1074.0,924.9667852979012,13.876463193863948
S2_ridge_10,Batch1,6,4,636.0,784.1689236827268,23.297000579045097
S2_ridge_10,Batch1,7,4,870.0,791.7198856037439,8.997714298420238
S2_elasticnet_0.001_0.1,Batch1,11,1,788.0,964.1009253583503,22.34783316730334
S2_elasticnet_0.001_0.1,Batch1,14,2,880.0,899.2827362933966,2.1912200333405254
S2_elasticnet_0.001_0.1,Batch1,15,3,719.0,919.5136900346905,27.88785675030466
S2_elasticnet_0.001_0.1,Batch1,16,3,862.0,970.5628130612923,12.594293858618599
S2_elasticnet_0.001_0.1,Batch1,17,3,857.0,888.5447858781025,3.6808384921939927
S2_elasticnet_0.001_0.1,Batch1,18,3,691.0,707.9256556535448,2.4494436546374563
S2_elasticnet_0.001_0.1,Batch1,19,5,788.0,673.1532334128846,14.574462764862364
S2_elasticnet_0.001_0.1,Batch1,20,5,534.0,615.7220668173793,15.303757830969907
S2_elasticnet_0.001_0.1,Batch1,21,1,559.0,554.326945169867,0.8359668748001734
S2_elasticnet_0.001_0.1,Batch1,23,1,1014.0,889.4033374103133,12.287639308647606
S2_elasticnet_0.001_0.1,Batch1,24,5,1017.0,822.0858814799062,19.165596707973823
S2_elasticnet_0.001_0.1,Batch1,25,2,854.0,888.1202409582022,3.995344374496745
S2_elasticnet_0.001_0.1,Batch1,28,1,860.0,795.5191120919791,7.4977776637233635
S2_elasticnet_0.001_0.1,Batch1,29,2,917.0,789.4892890130513,13.905202942960594
S2_elasticnet_0.001_0.1,Batch1,31,5,876.0,747.4521968375478,14.674406753704584
S2_elasticnet_0.001_0.1,Batch1,32,2,731.0,698.5595295036927,4.437820861327946
S2_elasticnet_0.001_0.1,Batch1,33,3,757.0,714.5073152104075,5.613300500606678
S2_elasticnet_0.001_0.1,Batch1,34,2,742.0,792.9159799233712,6.861991903419299
S2_elasticnet_0.001_0.1,Batch1,36,4,704.0,726.7447563813406,3.2307892587131546
S2_elasticnet_0.001_0.1,Batch1,37,5,648.0,704.0036272020423,8.642535062043558
S2_elasticnet_0.001_0.1,Batch1,38,4,617.0,619.2387423134393,0.3628431626319732
S2_elasticnet_0.001_0.1,Batch1,39,1,625.0,636.8103146413473,1.8896503426155686
S2_elasticnet_0.001_0.1,Batch1,41,2,1051.0,910.5541637322244,13.363067199598056
S2_elasticnet_0.001_0.1,Batch1,42,3,702.0,714.2277540117606,1.7418453008205936
S2_elasticnet_0.001_0.1,Batch1,43,4,651.0,726.7029260943774,11.628713685772258
S2_elasticnet_0.001_0.1,Batch1,5,1,1074.0,959.2715807511004,10.682348160977618
S2_elasticnet_0.001_0.1,Batch1,6,4,636.0,792.5797948879468,24.619464605023087
S2_elasticnet_0.001_0.1,Batch1,7,4,870.0,794.2354449127193,8.708569550262144
S2_elasticnet_0.001_0.5,Batch1,11,1,788.0,962.5122975536693,22.14623065401895
S2_elasticnet_0.001_0.5,Batch1,14,2,880.0,898.4001305418999,2.0909239252158973
S2_elasticnet_0.001_0.5,Batch1,15,3,719.0,918.6465637724538,27.767255044847534
S2_elasticnet_0.001_0.5,Batch1,16,3,862.0,969.8702168437811,12.513946269580178
S2_elasticnet_0.001_0.5,Batch1,17,3,857.0,887.8391195971943,3.598497035845312
S2_elasticnet_0.001_0.5,Batch1,18,3,691.0,707.8960384522321,2.4451575184127523
S2_elasticnet_0.001_0.5,Batch1,19,5,788.0,681.367219668031,13.532078722331093
S2_elasticnet_0.001_0.5,Batch1,20,5,534.0,597.4177608957273,11.875985186465781
S2_elasticnet_0.001_0.5,Batch1,21,1,559.0,555.4235003975853,0.6398031489114029
S2_elasticnet_0.001_0.5,Batch1,23,1,1014.0,888.3655786635763,12.389982380317916
S2_elasticnet_0.001_0.5,Batch1,24,5,1017.0,829.8111713153332,18.405981188266153
S2_elasticnet_0.001_0.5,Batch1,25,2,854.0,887.3475943024866,3.90487052722326
S2_elasticnet_0.001_0.5,Batch1,28,1,860.0,795.3038620117788,7.522806742816413
S2_elasticnet_0.001_0.5,Batch1,29,2,917.0,789.1860416627812,13.938272446806844
S2_elasticnet_0.001_0.5,Batch1,31,5,876.0,752.7546757653715,14.06910094002608
S2_elasticnet_0.001_0.5,Batch1,32,2,731.0,698.7582692743049,4.410633478207265
S2_elasticnet_0.001_0.5,Batch1,33,3,757.0,714.6702248309437,5.591780075172569
S2_elasticnet_0.001_0.5,Batch1,34,2,742.0,792.6797161380279,6.830150422914805
S2_elasticnet_0.001_0.5,Batch1,36,4,704.0,727.252893442496,3.30296781853636
S2_elasticnet_0.001_0.5,Batch1,37,5,648.0,707.2732832131403,9.147111606966096
S2_elasticnet_0.001_0.5,Batch1,38,4,617.0,620.1902294383084,0.5170550143125434
S2_elasticnet_0.001_0.5,Batch1,39,1,625.0,637.6260319269231,2.0201651083077015
S2_elasticnet_0.001_0.5,Batch1,41,2,1051.0,909.7653796261485,13.438118018444483
S2_elasticnet_0.001_0.5,Batch1,42,3,702.0,714.3561042097015,1.7601288048007793
S2_elasticnet_0.001_0.5,Batch1,43,4,651.0,727.2217410802473,11.708408768087141
S2_elasticnet_0.001_0.5,Batch1,5,1,1074.0,957.546823003321,10.842940130044596
S2_elasticnet_0.001_0.5,Batch1,6,4,636.0,792.9752159359348,24.68163772577591
S2_elasticnet_0.001_0.5,Batch1,7,4,870.0,794.3324025125403,8.697424998558589
S2_elasticnet_0.01_0.1,Batch1,11,1,788.0,960.0448327282668,21.833100600033855
S2_elasticnet_0.01_0.1,Batch1,14,2,880.0,895.8597613379064,1.8022456065802765
S2_elasticnet_0.01_0.1,Batch1,15,3,719.0,917.6458296823911,27.62807088767609
S2_elasticnet_0.01_0.1,Batch1,16,3,862.0,962.7973026718854,11.693422583745408
S2_elasticnet_0.01_0.1,Batch1,17,3,857.0,887.4854155515885,3.5572246851328493
S2_elasticnet_0.01_0.1,Batch1,18,3,691.0,712.7211908420608,3.143442958330067
S2_elasticnet_0.01_0.1,Batch1,19,5,788.0,687.1124209206088,12.80299226895828
S2_elasticnet_0.01_0.1,Batch1,20,5,534.0,589.6482747046563,10.421025225591062
S2_elasticnet_0.01_0.1,Batch1,21,1,559.0,559.5680066261286,0.10161120324304751
S2_elasticnet_0.01_0.1,Batch1,23,1,1014.0,887.8127820559371,12.44449881105157
S2_elasticnet_0.01_0.1,Batch1,24,5,1017.0,833.3716758410625,18.055882414841445
S2_elasticnet_0.01_0.1,Batch1,25,2,854.0,884.5955736975642,3.5826198709091557
S2_elasticnet_0.01_0.1,Batch1,28,1,860.0,795.0316850727153,7.554455224102874
S2_elasticnet_0.01_0.1,Batch1,29,2,917.0,789.619745575851,13.8909764911831
S2_elasticnet_0.01_0.1,Batch1,31,5,876.0,756.0058990066362,13.697956734402256
S2_elasticnet_0.01_0.1,Batch1,32,2,731.0,700.5399127401233,4.166906601898313
S2_elasticnet_0.01_0.1,Batch1,33,3,757.0,716.944006293179,5.291412642908987
S2_elasticnet_0.01_0.1,Batch1,34,2,742.0,792.0981177674624,6.751767893189009
S2_elasticnet_0.01_0.1,Batch1,36,4,704.0,726.5089712799227,3.197297056807196
S2_elasticnet_0.01_0.1,Batch1,37,5,648.0,709.9610702053222,9.56189355020405
S2_elasticnet_0.01_0.1,Batch1,38,4,617.0,621.3997131923612,0.7130815546776692
S2_elasticnet_0.01_0.1,Batch1,39,1,625.0,639.3539290187321,2.2966286429971294
S2_elasticnet_0.01_0.1,Batch1,41,2,1051.0,905.1740872112539,13.874967915199438
S2_elasticnet_0.01_0.1,Batch1,42,3,702.0,717.0309368384378,2.1411590937945597
S2_elasticnet_0.01_0.1,Batch1,43,4,651.0,726.3653941717208,11.576865464166024
S2_elasticnet_0.01_0.1,Batch1,5,1,1074.0,957.0105685871808,10.8928707088286
S2_elasticnet_0.01_0.1,Batch1,6,4,636.0,788.7309954153274,24.01430745524015
S2_elasticnet_0.01_0.1,Batch1,7,4,870.0,793.1799997049973,8.829885091379625
S2_elasticnet_0.01_0.5,Batch1,11,1,788.0,944.5447042013526,19.86607921336962
S2_elasticnet_0.01_0.5,Batch1,14,2,880.0,886.8805241202962,0.7818777409427469
S2_elasticnet_0.01_0.5,Batch1,15,3,719.0,909.3241344382201,26.47067238361893
S2_elasticnet_0.01_0.5,Batch1,16,3,862.0,954.0491128013035,10.678551369060735
S2_elasticnet_0.01_0.5,Batch1,17,3,857.0,880.8605931314703,2.7841998986546437
S2_elasticnet_0.01_0.5,Batch1,18,3,691.0,714.1125627949176,3.344799246731926
S2_elasticnet_0.01_0.5,Batch1,19,5,788.0,692.4221175011173,12.129172905949579
S2_elasticnet_0.01_0.5,Batch1,20,5,534.0,599.8750053560858,12.3361433251097
S2_elasticnet_0.01_0.5,Batch1,21,1,559.0,571.4536573042767,2.2278456716058503
S2_elasticnet_0.01_0.5,Batch1,23,1,1014.0,878.0053037690063,13.411705742701546
S2_elasticnet_0.01_0.5,Batch1,24,5,1017.0,829.8096223974272,18.406133490911778
S2_elasticnet_0.01_0.5,Batch1,25,2,854.0,876.5676647878438,2.642583698810749
S2_elasticnet_0.01_0.5,Batch1,28,1,860.0,792.9327465021821,7.798517848583476
S2_elasticnet_0.01_0.5,Batch1,29,2,917.0,786.9242308651668,14.184925750799694
S2_elasticnet_0.01_0.5,Batch1,31,5,876.0,757.3418421295964,13.545451811689905
S2_elasticnet_0.01_0.5,Batch1,32,2,731.0,702.9691480453325,3.8345898706795443
S2_elasticnet_0.01_0.5,Batch1,33,3,757.0,719.2446033563288,4.987502859137549
S2_elasticnet_0.01_0.5,Batch1,34,2,742.0,789.7113244095453,6.430097629318779
S2_elasticnet_0.01_0.5,Batch1,36,4,704.0,730.9730955648428,3.8314056200060747
S2_elasticnet_0.01_0.5,Batch1,37,5,648.0,713.9957762573251,10.184533373044003
S2_elasticnet_0.01_0.5,Batch1,38,4,617.0,630.7463154145614,2.2279279440131967
S2_elasticnet_0.01_0.5,Batch1,39,1,625.0,647.643730165362,3.622996826457911
S2_elasticnet_0.01_0.5,Batch1,41,2,1051.0,896.4391871947755,14.70607162751898
S2_elasticnet_0.01_0.5,Batch1,42,3,702.0,719.1490892713167,2.442890209589275
S2_elasticnet_0.01_0.5,Batch1,43,4,651.0,730.8887673922001,12.271700060245784
S2_elasticnet_0.01_0.5,Batch1,5,1,1074.0,940.8938917065555,12.393492392313274
S2_elasticnet_0.01_0.5,Batch1,6,4,636.0,790.898447494788,24.355101807356604
S2_elasticnet_0.01_0.5,Batch1,7,4,870.0,793.6743329578757,8.77306517725567
S2_elasticnet_0.1_0.1,Batch1,11,1,788.0,918.7649529002848,16.594537170086905
S2_elasticnet_0.1_0.1,Batch1,14,2,880.0,868.6500097219434,1.289771622506428
S2_elasticnet_0.1_0.1,Batch1,15,3,719.0,894.6384231417616,24.42815342722692
S2_elasticnet_0.1_0.1,Batch1,16,3,862.0,926.3072405990529,7.4602367284284075
S2_elasticnet_0.1_0.1,Batch1,17,3,857.0,870.0607177305733,1.5240044026339892
S2_elasticnet_0.1_0.1,Batch1,18,3,691.0,726.636284275676,5.157204670864828
S2_elasticnet_0.1_0.1,Batch1,19,5,788.0,707.3367307249731,10.23645549175468
S2_elasticnet_0.1_0.1,Batch1,20,5,534.0,613.1734306343409,14.826485137517022
S2_elasticnet_0.1_0.1,Batch1,21,1,559.0,597.3099950930953,6.853308603415969
S2_elasticnet_0.1_0.1,Batch1,23,1,1014.0,863.593974679489,14.832941353107598
S2_elasticnet_0.1_0.1,Batch1,24,5,1017.0,825.9689421773685,18.78378149681726
S2_elasticnet_0.1_0.1,Batch1,25,2,854.0,859.2060803643355,0.6096112838800408
S2_elasticnet_0.1_0.1,Batch1,28,1,860.0,789.4988078147588,8.197813044795485
S2_elasticnet_0.1_0.1,Batch1,29,2,917.0,784.0236898717961,14.501233383664543
S2_elasticnet_0.1_0.1,Batch1,31,5,876.0,762.5169531097646,12.954685718063404
S2_elasticnet_0.1_0.1,Batch1,32,2,731.0,710.4848528349779,2.8064496805775767
S2_elasticnet_0.1_0.1,Batch1,33,3,757.0,727.6689567838947,3.874642432774807
S2_elasticnet_0.1_0.1,Batch1,34,2,742.0,785.0123001567038,5.796805951038243
S2_elasticnet_0.1_0.1,Batch1,36,4,704.0,736.023917345614,4.548851895683806
S2_elasticnet_0.1_0.1,Batch1,37,5,648.0,723.8903735341466,11.711477397244852
S2_elasticnet_0.1_0.1,Batch1,38,4,617.0,647.3418432267782,4.917640717468108
S2_elasticnet_0.1_0.1,Batch1,39,1,625.0,662.9090209375787,6.065443350012592
S2_elasticnet_0.1_0.1,Batch1,41,2,1051.0,874.1483726776241,16.82698642458381
S2_elasticnet_0.1_0.1,Batch1,42,3,702.0,728.1537473082399,3.7256050296637993
S2_elasticnet_0.1_0.1,Batch1,43,4,651.0,735.7923517951442,13.024938831819385
S2_elasticnet_0.1_0.1,Batch1,5,1,1074.0,918.1271653033562,14.51329931998546
S2_elasticnet_0.1_0.1,Batch1,6,4,636.0,785.3285550912751,23.479332561521247
S2_elasticnet_0.1_0.1,Batch1,7,4,870.0,792.019372239621,8.963290547169997
S2_elasticnet_0.1_0.5,Batch1,11,1,788.0,784.0816502584094,0.49725250527800074
S2_elasticnet_0.1_0.5,Batch1,14,2,880.0,784.7673021455615,10.821897483458917
S2_elasticnet_0.1_0.5,Batch1,15,3,719.0,820.0144753687334,14.049301163940672
S2_elasticnet_0.1_0.5,Batch1,16,3,862.0,833.091349752801,3.353671722412881
S2_elasticnet_0.1_0.5,Batch1,17,3,857.0,811.1312389339441,5.352247498956344
S2_elasticnet_0.1_0.5,Batch1,18,3,691.0,755.1149638091905,9.278576528102823
S2_elasticnet_0.1_0.5,Batch1,19,5,788.0,760.0489116341289,3.547092432217145
S2_elasticnet_0.1_0.5,Batch1,20,5,534.0,738.6898717859253,38.33143666403097
S2_elasticnet_0.1_0.5,Batch1,21,1,559.0,742.2803319564682,32.78717924087088
S2_elasticnet_0.1_0.5,Batch1,23,1,1014.0,777.7273206389082,23.301053191429176
S2_elasticnet_0.1_0.5,Batch1,24,5,1017.0,787.8776825562162,22.529234753567728
S2_elasticnet_0.1_0.5,Batch1,25,2,854.0,782.4514955249462,8.378045020498108
S2_elasticnet_0.1_0.5,Batch1,28,1,860.0,769.6081684078858,10.510678092106298
S2_elasticnet_0.1_0.5,Batch1,29,2,917.0,760.9824875790645,17.013905389414997
S2_elasticnet_0.1_0.5,Batch1,31,5,876.0,773.7027281764633,11.677770756111494
S2_elasticnet_0.1_0.5,Batch1,32,2,731.0,739.2836858470226,1.1331991582794307
S2_elasticnet_0.1_0.5,Batch1,33,3,757.0,756.6544716834406,0.04564442755077316
S2_elasticnet_0.1_0.5,Batch1,34,2,742.0,761.7573097915072,2.6627102144888366
S2_elasticnet_0.1_0.5,Batch1,36,4,704.0,776.4219610035149,10.287210369817451
S2_elasticnet_0.1_0.5,Batch1,37,5,648.0,764.6959892234139,18.00864031225523
S2_elasticnet_0.1_0.5,Batch1,38,4,617.0,747.3389776670851,21.124631712655614
S2_elasticnet_0.1_0.5,Batch1,39,1,625.0,753.0721154889637,20.491538478234197
S2_elasticnet_0.1_0.5,Batch1,41,2,1051.0,787.0734392034723,25.111946793199593
S2_elasticnet_0.1_0.5,Batch1,42,3,702.0,756.6707898753239,7.78786180560169
S2_elasticnet_0.1_0.5,Batch1,43,4,651.0,776.4039523798778,19.263279935465093
S2_elasticnet_0.1_0.5,Batch1,5,1,1074.0,783.2174838705585,27.07472217220126
S2_elasticnet_0.1_0.5,Batch1,6,4,636.0,792.5144764390706,24.609194408658894
S2_elasticnet_0.1_0.5,Batch1,7,4,870.0,793.0993959831161,8.839149886998149
S3_linear,Batch1,11,1,788.0,817.455832923723,3.738049863416631
S3_linear,Batch1,14,2,880.0,878.0540582131258,0.22112974850843028
S3_linear,Batch1,15,3,719.0,775.594183707472,7.871235564321555
S3_linear,Batch1,16,3,862.0,1123.983947352016,30.392569298377726
S3_linear,Batch1,17,3,857.0,824.1016232655184,3.8387837496477997
S3_linear,Batch1,18,3,691.0,633.4038657086189,8.3351858598236
S3_linear,Batch1,19,5,788.0,748.929330490882,4.958206790497212
S3_linear,Batch1,20,5,534.0,591.0376140031598,10.681201124187224
S3_linear,Batch1,21,1,559.0,561.8393985781278,0.5079425005595296
S3_linear,Batch1,23,1,1014.0,920.8429003771308,9.187090692590647
S3_linear,Batch1,24,5,1017.0,810.7110081624991,20.284069993854565
S3_linear,Batch1,25,2,854.0,881.2064612784785,3.185768299587648
S3_linear,Batch1,28,1,860.0,800.3649525554731,6.934307842386848
S3_linear,Batch1,29,2,917.0,804.1918673786258,12.301868333846693
S3_linear,Batch1,31,5,876.0,878.2074441243325,0.251991338394119
S3_linear,Batch1,32,2,731.0,699.123977608682,4.360604978292472
S3_linear,Batch1,33,3,757.0,839.153070985664,10.852453234565925
S3_linear,Batch1,34,2,742.0,777.1638789516874,4.739067244162718
S3_linear,Batch1,36,4,704.0,709.9433278501793,0.844222705991384
S3_linear,Batch1,37,5,648.0,686.3211010715219,5.913750165358313
S3_linear,Batch1,38,4,617.0,534.380332775489,13.390545741411827
S3_linear,Batch1,39,1,625.0,644.3133196527302,3.0901311444368367
S3_linear,Batch1,41,2,1051.0,958.453152188498,8.805599220885057
S3_linear,Batch1,42,3,702.0,743.030700606467,5.844829146220372
S3_linear,Batch1,43,4,651.0,668.2681816824395,2.6525624704208126
S3_linear,Batch1,5,1,1074.0,984.9920004339009,8.287523237066955
S3_linear,Batch1,6,4,636.0,803.5685163845952,26.347251003867175
S3_linear,Batch1,7,4,870.0,885.9185847797255,1.8297223884741962
S3_ridge_0.1,Batch1,11,1,788.0,822.5913234483886,4.389761858932564
S3_ridge_0.1,Batch1,14,2,880.0,871.6590080225341,0.9478399974393106
S3_ridge_0.1,Batch1,15,3,719.0,809.3376173402369,12.564341771938368
S3_ridge_0.1,Batch1,16,3,862.0,1049.0521254672644,21.699782536805618
S3_ridge_0.1,Batch1,17,3,857.0,855.6609288103842,0.15625101395749888
S3_ridge_0.1,Batch1,18,3,691.0,627.0779215888783,9.250662577586349
S3_ridge_0.1,Batch1,19,5,788.0,728.2599199715908,7.581228430001173
S3_ridge_0.1,Batch1,20,5,534.0,592.6297452891392,10.979353050400606
S3_ridge_0.1,Batch1,21,1,559.0,572.7371849587269,2.4574570588062357
S3_ridge_0.1,Batch1,23,1,1014.0,912.1179555681471,10.047538898604826
S3_ridge_0.1,Batch1,24,5,1017.0,824.8639870594948,18.892429984317133
S3_ridge_0.1,Batch1,25,2,854.0,891.5885819636476,4.401473297851005
S3_ridge_0.1,Batch1,28,1,860.0,795.9666863459689,7.445734145817568
S3_ridge_0.1,Batch1,29,2,917.0,807.327254933302,11.959950388952889
S3_ridge_0.1,Batch1,31,5,876.0,882.7985637350447,0.7760917505758784
S3_ridge_0.1,Batch1,32,2,731.0,693.4034094106945,5.143172447237413
S3_ridge_0.1,Batch1,33,3,757.0,820.9326926006509,8.445534029148066
S3_ridge_0.1,Batch1,34,2,742.0,788.67318763667,6.290187013028307
S3_ridge_0.1,Batch1,36,4,704.0,707.3152792942259,0.4709203542934501
S3_ridge_0.1,Batch1,37,5,648.0,687.9895370391874,6.171224851726457
S3_ridge_0.1,Batch1,38,4,617.0,534.6881705488236,13.340653071503475
S3_ridge_0.1,Batch1,39,1,625.0,650.4394406522086,4.070310504353383
S3_ridge_0.1,Batch1,41,2,1051.0,949.3413274080515,9.672566374114988
S3_ridge_0.1,Batch1,42,3,702.0,730.8887417657925,4.115205379742518
S3_ridge_0.1,Batch1,43,4,651.0,656.4776075917516,0.8414143766131522
S3_ridge_0.1,Batch1,5,1,1074.0,966.6539658762109,9.99497524430066
S3_ridge_0.1,Batch1,6,4,636.0,801.4275473181351,26.010620647505522
S3_ridge_0.1,Batch1,7,4,870.0,915.7546338897536,5.25915332066133
S3_ridge_1,Batch1,11,1,788.0,823.7008704529521,4.5305673163644835
S3_ridge_1,Batch1,14,2,880.0,868.829350090862,1.2693920351293158
S3_ridge_1,Batch1,15,3,719.0,818.4563830266567,13.832598473804824
S3_ridge_1,Batch1,16,3,862.0,1014.2138461953737,17.658218816168638
S3_ridge_1,Batch1,17,3,857.0,861.0798320201192,0.4760597456381762
S3_ridge_1,Batch1,18,3,691.0,646.5747039580447,6.429131120398746
S3_ridge_1,Batch1,19,5,788.0,727.9975979594066,7.614518025456021
S3_ridge_1,Batch1,20,5,534.0,580.844007602472,8.772286067878643
S3_ridge_1,Batch1,21,1,559.0,577.3157954576615,3.276528704411711
S3_ridge_1,Batch1,23,1,1014.0,904.5638130057159,10.792523372217364
S3_ridge_1,Batch1,24,5,1017.0,832.9949992814403,18.09292042463714
S3_ridge_1,Batch1,25,2,854.0,887.1011610271923,3.8760141718023826
S3_ridge_1,Batch1,28,1,860.0,794.5662918660071,7.608570713254991
S3_ridge_1,Batch1,29,2,917.0,806.9138658373953,12.005030988288409
S3_ridge_1,Batch1,31,5,876.0,882.0613046814749,0.6919297581592345
S3_ridge_1,Batch1,32,2,731.0,696.4179763442783,4.730782989838816
S3_ridge_1,Batch1,33,3,757.0,817.0612379883097,7.934113340595732
S3_ridge_1,Batch1,34,2,742.0,790.0818043474138,6.480027540082725
S3_ridge_1,Batch1,36,4,704.0,712.0412088548413,1.1422171668808707
S3_ridge_1,Batch1,37,5,648.0,693.0611550176435,6.953881947167208
S3_ridge_1,Batch1,38,4,617.0,555.9402496214358,9.89623182796827
S3_ridge_1,Batch1,39,1,625.0,657.268160304013,5.162905648642082
S3_ridge_1,Batch1,41,2,1051.0,937.0302286948784,10.843936375368378
S3_ridge_1,Batch1,42,3,702.0,732.7873048272203,4.385655958293487
S3_ridge_1,Batch1,43,4,651.0,658.9364411211062,1.219115379586208
S3_ridge_1,Batch1,5,1,1074.0,956.8144564700082,10.911130682494584
S3_ridge_1,Batch1,6,4,636.0,786.32463443787,23.63594881098585
S3_ridge_1,Batch1,7,4,870.0,907.0595465456248,4.2597179937499785
S3_ridge_10,Batch1,11,1,788.0,826.1678615605621,4.843637253878436
S3_ridge_10,Batch1,14,2,880.0,859.147661056971,2.369583970798756
S3_ridge_10,Batch1,15,3,719.0,841.8972794145884,17.092806594518557
S3_ridge_10,Batch1,16,3,862.0,960.7465365269732,11.455514678303151
S3_ridge_10,Batch1,17,3,857.0,860.3337862256227,0.38900656074944023
S3_ridge_10,Batch1,18,3,691.0,667.1461145147134,3.45208183578677
S3_ridge_10,Batch1,19,5,788.0,735.1143637727669,6.711375155740246
S3_ridge_10,Batch1,20,5,534.0,551.6116015028502,3.29805271588956
S3_ridge_10,Batch1,21,1,559.0,595.3054270018796,6.494709660443577
S3_ridge_10,Batch1,23,1,1014.0,867.1415438910457,14.483082456504372
S3_ridge_10,Batch1,24,5,1017.0,826.3163463306527,18.749621796396003
S3_ridge_10,Batch1,25,2,854.0,853.9343177233965,0.007691133091747631
S3_ridge_10,Batch1,28,1,860.0,789.8225552586995,8.160167993174479
S3_ridge_10,Batch1,29,2,917.0,795.7461431875387,13.222885148578117
S3_ridge_10,Batch1,31,5,876.0,826.6403742970034,5.634660468378607
S3_ridge_10,Batch1,32,2,731.0,714.735258904893,2.224998781820377
S3_ridge_10,Batch1,33,3,757.0,791.3595483510649,4.53890995390553
S3_ridge_10,Batch1,34,2,742.0,788.0439403368625,6.205382794725409
S3_ridge_10,Batch1,36,4,704.0,742.0871436017742,5.410105625252015
S3_ridge_10,Batch1,37,5,648.0,715.2272215955444,10.374571233880308
S3_ridge_10,Batch1,38,4,617.0,636.0719302118887,3.0910745886367397
S3_ridge_10,Batch1,39,1,625.0,688.786936267156,10.205909802744953
S3_ridge_10,Batch1,41,2,1051.0,885.0086204987922,15.793661227517394
S3_ridge_10,Batch1,42,3,702.0,753.7547150177628,7.372466526746839
S3_ridge_10,Batch1,43,4,651.0,699.3260217046992,7.423352028371612
S3_ridge_10,Batch1,5,1,1074.0,911.9364416398803,15.089716793307236
S3_ridge_10,Batch1,6,4,636.0,786.4638450424899,23.65783727083174
S3_ridge_10,Batch1,7,4,870.0,862.0562028687003,0.9130801300344454
S3_elasticnet_0.001_0.1,Batch1,11,1,788.0,823.4139368461679,4.494154422102522
S3_elasticnet_0.001_0.1,Batch1,14,2,880.0,872.4805758856103,0.854480012998832
S3_elasticnet_0.001_0.1,Batch1,15,3,719.0,804.2110141850294,11.851323252438025
S3_elasticnet_0.001_0.1,Batch1,16,3,862.0,1063.791169443603,23.409648427332126
S3_elasticnet_0.001_0.1,Batch1,17,3,857.0,850.8085552041382,0.7224556354564525
S3_elasticnet_0.001_0.1,Batch1,18,3,691.0,624.6180753649647,9.606646112161398
S3_elasticnet_0.001_0.1,Batch1,19,5,788.0,731.8258284483684,7.128701973557312
S3_elasticnet_0.001_0.1,Batch1,20,5,534.0,593.0575881157589,11.059473429917396
S3_elasticnet_0.001_0.1,Batch1,21,1,559.0,574.8289760823559,2.8316594065037375
S3_elasticnet_0.001_0.1,Batch1,23,1,1014.0,911.2556775405484,10.132576179433098
S3_elasticnet_0.001_0.1,Batch1,24,5,1017.0,822.3260937785993,19.14197701292042
S3_elasticnet_0.001_0.1,Batch1,25,2,854.0,891.7970683057321,4.425886218469797
S3_elasticnet_0.001_0.1,Batch1,28,1,860.0,795.3652021753236,7.515674165660047
S3_elasticnet_0.001_0.1,Batch1,29,2,917.0,806.7294655425808,12.02514007169239
S3_elasticnet_0.001_0.1,Batch1,31,5,876.0,882.1924613447633,0.7069019799958075
S3_elasticnet_0.001_0.1,Batch1,32,2,731.0,693.0099411031392,5.196998481102705
S3_elasticnet_0.001_0.1,Batch1,33,3,757.0,823.033401973358,8.723038569796296
S3_elasticnet_0.001_0.1,Batch1,34,2,742.0,788.7206975658372,6.2965899684416735
S3_elasticnet_0.001_0.1,Batch1,36,4,704.0,707.0661793968461,0.4355368461429133
S3_elasticnet_0.001_0.1,Batch1,37,5,648.0,687.499711627564,6.095634510426545
S3_elasticnet_0.001_0.1,Batch1,38,4,617.0,531.625519803493,13.837030826014093
S3_elasticnet_0.001_0.1,Batch1,39,1,625.0,651.4058874955477,4.22494199928764
S3_elasticnet_0.001_0.1,Batch1,41,2,1051.0,950.924604106443,9.521921588349858
S3_elasticnet_0.001_0.1,Batch1,42,3,702.0,732.4791862502843,4.341764423117426
S3_elasticnet_0.001_0.1,Batch1,43,4,651.0,656.3734828423379,0.8254197914497575
S3_elasticnet_0.001_0.1,Batch1,5,1,1074.0,964.7459281663419,10.172632386746569
S3_elasticnet_0.001_0.1,Batch1,6,4,636.0,806.5281318192059,26.812599342642436
S3_elasticnet_0.001_0.1,Batch1,7,4,870.0,919.8840937097747,5.733803874686744
S3_elasticnet_0.001_0.5,Batch1,11,1,788.0,823.4003181714722,4.492426163892416
S3_elasticnet_0.001_0.5,Batch1,14,2,880.0,872.4108893995202,0.8623989318727028
S3_elasticnet_0.001_0.5,Batch1,15,3,719.0,815.035241271772,13.356779036407783
S3_elasticnet_0.001_0.5,Batch1,16,3,862.0,1034.0378307132285,19.957985001534624
S3_elasticnet_0.001_0.5,Batch1,17,3,857.0,860.5440949677346,0.4135466706808194
S3_elasticnet_0.001_0.5,Batch1,18,3,691.0,631.1255786648439,8.664894549226636
S3_elasticnet_0.001_0.5,Batch1,19,5,788.0,719.0249025823869,8.753184951473749
S3_elasticnet_0.001_0.5,Batch1,20,5,534.0,592.4675685544992,10.948982875374377
S3_elasticnet_0.001_0.5,Batch1,21,1,559.0,578.161502519776,3.4278179820708474
S3_elasticnet_0.001_0.5,Batch1,23,1,1014.0,908.730451409386,10.381612287042804
S3_elasticnet_0.001_0.5,Batch1,24,5,1017.0,827.7223533627676,18.61137135076031
S3_elasticnet_0.001_0.5,Batch1,25,2,854.0,891.9580224433288,4.444733307181357
S3_elasticnet_0.001_0.5,Batch1,28,1,860.0,795.0840958050446,7.548360952901787
S3_elasticnet_0.001_0.5,Batch1,29,2,917.0,806.1260279800279,12.090945694653449
S3_elasticnet_0.001_0.5,Batch1,31,5,876.0,878.1956781578542,0.2506481915358696
S3_elasticnet_0.001_0.5,Batch1,32,2,731.0,692.8020441381367,5.225438558394433
S3_elasticnet_0.001_0.5,Batch1,33,3,757.0,817.7105330366404,8.01988547379662
S3_elasticnet_0.001_0.5,Batch1,34,2,742.0,791.2613778917843,6.638999715873891
S3_elasticnet_0.001_0.5,Batch1,36,4,704.0,709.5540137705569,0.7889224105904737
S3_elasticnet_0.001_0.5,Batch1,37,5,648.0,688.7984847653115,6.296062463782641
S3_elasticnet_0.001_0.5,Batch1,38,4,617.0,537.5754236972836,12.872702804330057
S3_elasticnet_0.001_0.5,Batch1,39,1,625.0,656.3285108696966,5.012561739151461
S3_elasticnet_0.001_0.5,Batch1,41,2,1051.0,947.6862412897326,9.830043645125347
S3_elasticnet_0.001_0.5,Batch1,42,3,702.0,728.2670028278086,3.741738294559629
S3_elasticnet_0.001_0.5,Batch1,43,4,651.0,658.8223985681511,1.2015973222966405
S3_elasticnet_0.001_0.5,Batch1,5,1,1074.0,963.1841464011976,10.318049683314934
S3_elasticnet_0.001_0.5,Batch1,6,4,636.0,806.2304179205693,26.765788981221583
S3_elasticnet_0.001_0.5,Batch1,7,4,870.0,917.2542229894896,5.431519883849375
S3_elasticnet_0.01_0.1,Batch1,11,1,788.0,823.5526046375171,4.511751857552932
S3_elasticnet_0.01_0.1,Batch1,14,2,880.0,871.6529554802521,0.9485277863349882
S3_elasticnet_0.01_0.1,Batch1,15,3,719.0,816.8590917090447,13.610443909463799
S3_elasticnet_0.01_0.1,Batch1,16,3,862.0,1028.2934992147327,19.29158923604788
S3_elasticnet_0.01_0.1,Batch1,17,3,857.0,860.0965825963018,0.361328190933699
S3_elasticnet_0.01_0.1,Batch1,18,3,691.0,633.8748287000931,8.26702913167973
S3_elasticnet_0.01_0.1,Batch1,19,5,788.0,721.346632915615,8.45854912238388
S3_elasticnet_0.01_0.1,Batch1,20,5,534.0,580.6039322853617,8.727328143326158
S3_elasticnet_0.01_0.1,Batch1,21,1,559.0,579.5647265192841,3.6788419533603105
S3_elasticnet_0.01_0.1,Batch1,23,1,1014.0,903.6475125653049,10.882888307169146
S3_elasticnet_0.01_0.1,Batch1,24,5,1017.0,828.1556750991293,18.568763510410097
S3_elasticnet_0.01_0.1,Batch1,25,2,854.0,887.7342375787943,3.950144915549678
S3_elasticnet_0.01_0.1,Batch1,28,1,860.0,794.5585407468277,7.609472006182825
S3_elasticnet_0.01_0.1,Batch1,29,2,917.0,805.8826698516044,12.11748420375088
S3_elasticnet_0.01_0.1,Batch1,31,5,876.0,871.6490850617627,0.49667978747001573
S3_elasticnet_0.01_0.1,Batch1,32,2,731.0,695.8074940713772,4.814296296665231
S3_elasticnet_0.01_0.1,Batch1,33,3,757.0,815.0905582860034,7.673785770938368
S3_elasticnet_0.01_0.1,Batch1,34,2,742.0,791.3200061535464,6.646901098860699
S3_elasticnet_0.01_0.1,Batch1,36,4,704.0,713.1202676923766,1.29549256993986
S3_elasticnet_0.01_0.1,Batch1,37,5,648.0,691.9084492317146,6.775995251807809
S3_elasticnet_0.01_0.1,Batch1,38,4,617.0,553.8455475196315,10.235729737498945
S3_elasticnet_0.01_0.1,Batch1,39,1,625.0,661.2464518156348,5.7994322905015725
S3_elasticnet_0.01_0.1,Batch1,41,2,1051.0,939.7893382704242,10.581414056096651
S3_elasticnet_0.01_0.1,Batch1,42,3,702.0,729.7072775700176,3.9469056367546433
S3_elasticnet_0.01_0.1,Batch1,43,4,651.0,660.4979734501206,1.458982096792725
S3_elasticnet_0.01_0.1,Batch1,5,1,1074.0,957.4287111014797,10.853937513828702
S3_elasticnet_0.01_0.1,Batch1,6,4,636.0,793.146847805468,24.708623868784283
S3_elasticnet_0.01_0.1,Batch1,7,4,870.0,908.9500099257951,4.477012635148867
S3_elasticnet_0.01_0.5,Batch1,11,1,788.0,830.0350057216054,5.334391589036224
S3_elasticnet_0.01_0.5,Batch1,14,2,880.0,868.2540073696268,1.3347718898151326
S3_elasticnet_0.01_0.5,Batch1,15,3,719.0,823.877667632379,14.586601896019337
S3_elasticnet_0.01_0.5,Batch1,16,3,862.0,1007.6583807769953,16.897723988050494
S3_elasticnet_0.01_0.5,Batch1,17,3,857.0,857.8021002838941,0.09359396544855376
S3_elasticnet_0.01_0.5,Batch1,18,3,691.0,648.2804022545037,6.182286214977762
S3_elasticnet_0.01_0.5,Batch1,19,5,788.0,721.2204910503434,8.474556973306674
S3_elasticnet_0.01_0.5,Batch1,20,5,534.0,564.8043260373728,5.768600381530485
S3_elasticnet_0.01_0.5,Batch1,21,1,559.0,589.9458072429812,5.535922583717573
S3_elasticnet_0.01_0.5,Batch1,23,1,1014.0,892.0446709514487,12.027152766129323
S3_elasticnet_0.01_0.5,Batch1,24,5,1017.0,825.4589622596585,18.83392701478284
S3_elasticnet_0.01_0.5,Batch1,25,2,854.0,877.9777375927729,2.807697610394951
S3_elasticnet_0.01_0.5,Batch1,28,1,860.0,792.6122888152679,7.835780370317686
S3_elasticnet_0.01_0.5,Batch1,29,2,917.0,800.0543326839028,12.753071681144736
S3_elasticnet_0.01_0.5,Batch1,31,5,876.0,840.399035570863,4.064037035289609
S3_elasticnet_0.01_0.5,Batch1,32,2,731.0,699.8620569610139,4.259636530641057
S3_elasticnet_0.01_0.5,Batch1,33,3,757.0,801.9135075283654,5.933092143773495
S3_elasticnet_0.01_0.5,Batch1,34,2,742.0,789.9605508347678,6.46368609632989
S3_elasticnet_0.01_0.5,Batch1,36,4,704.0,727.8790303513969,3.391907720368873
S3_elasticnet_0.01_0.5,Batch1,37,5,648.0,701.5436626688752,8.262910905690616
S3_elasticnet_0.01_0.5,Batch1,38,4,617.0,595.7159187103133,3.4496079886040025
S3_elasticnet_0.01_0.5,Batch1,39,1,625.0,666.4447097591802,6.631153561468835
S3_elasticnet_0.01_0.5,Batch1,41,2,1051.0,924.047888108406,12.079173348391434
S3_elasticnet_0.01_0.5,Batch1,42,3,702.0,729.292237631061,3.8877831383277734
S3_elasticnet_0.01_0.5,Batch1,43,4,651.0,679.1189598355587,4.319348669056637
S3_elasticnet_0.01_0.5,Batch1,5,1,1074.0,942.811092951225,12.214982034336595
S3_elasticnet_0.01_0.5,Batch1,6,4,636.0,788.1692691702993,23.925985718600526
S3_elasticnet_0.01_0.5,Batch1,7,4,870.0,884.5141948409363,1.6682982575788832
S3_elasticnet_0.1_0.1,Batch1,11,1,788.0,838.2450317784346,6.376273068329267
S3_elasticnet_0.1_0.1,Batch1,14,2,880.0,855.749734858911,2.7557119478510246
S3_elasticnet_0.1_0.1,Batch1,15,3,719.0,839.195264626973,16.717004815990677
S3_elasticnet_0.1_0.1,Batch1,16,3,862.0,956.0053721747867,10.905495611924207
S3_elasticnet_0.1_0.1,Batch1,17,3,857.0,855.5726527389384,0.16655160572481223
S3_elasticnet_0.1_0.1,Batch1,18,3,691.0,685.3141756827055,0.8228399880310466
S3_elasticnet_0.1_0.1,Batch1,19,5,788.0,725.7382761078766,7.901233996462364
S3_elasticnet_0.1_0.1,Batch1,20,5,534.0,589.3947068630519,10.373540611058399
S3_elasticnet_0.1_0.1,Batch1,21,1,559.0,606.6274146573774,8.520109956597024
S3_elasticnet_0.1_0.1,Batch1,23,1,1014.0,870.7021297399052,14.131939867859446
S3_elasticnet_0.1_0.1,Batch1,24,5,1017.0,824.2098775935538,18.956747532590583
S3_elasticnet_0.1_0.1,Batch1,25,2,854.0,859.2525688785528,0.6150549038118008
S3_elasticnet_0.1_0.1,Batch1,28,1,860.0,789.0277416142084,8.252588184394375
S3_elasticnet_0.1_0.1,Batch1,29,2,917.0,793.1771678378514,13.50303513218633
S3_elasticnet_0.1_0.1,Batch1,31,5,876.0,812.3129271047414,7.270213800828602
S3_elasticnet_0.1_0.1,Batch1,32,2,731.0,709.195240404227,2.982867249763751
S3_elasticnet_0.1_0.1,Batch1,33,3,757.0,782.370546261134,3.3514592154734473
S3_elasticnet_0.1_0.1,Batch1,34,2,742.0,785.0401617829306,5.800560887187409
S3_elasticnet_0.1_0.1,Batch1,36,4,704.0,735.0922674179376,4.416515258229771
S3_elasticnet_0.1_0.1,Batch1,37,5,648.0,716.583496232201,10.583872875339663
S3_elasticnet_0.1_0.1,Batch1,38,4,617.0,625.481428471808,1.3746237393530056
S3_elasticnet_0.1_0.1,Batch1,39,1,625.0,675.9949741398707,8.159195862379311
S3_elasticnet_0.1_0.1,Batch1,41,2,1051.0,890.1997207945982,15.299741123254215
S3_elasticnet_0.1_0.1,Batch1,42,3,702.0,736.4174164839467,4.902765880904085
S3_elasticnet_0.1_0.1,Batch1,43,4,651.0,703.919377449471,8.128936628182945
S3_elasticnet_0.1_0.1,Batch1,5,1,1074.0,914.6089144218223,14.840883200947644
S3_elasticnet_0.1_0.1,Batch1,6,4,636.0,785.9646201366694,23.579342788784498
S3_elasticnet_0.1_0.1,Batch1,7,4,870.0,847.9707166148744,2.532101538520185
S3_elasticnet_0.1_0.5,Batch1,11,1,788.0,784.0816502584094,0.49725250527800074
S3_elasticnet_0.1_0.5,Batch1,14,2,880.0,784.7673021455615,10.821897483458917
S3_elasticnet_0.1_0.5,Batch1,15,3,719.0,820.0144753687334,14.049301163940672
S3_elasticnet_0.1_0.5,Batch1,16,3,862.0,833.091349752801,3.353671722412881
S3_elasticnet_0.1_0.5,Batch1,17,3,857.0,811.1312389339441,5.352247498956344
S3_elasticnet_0.1_0.5,Batch1,18,3,691.0,755.1149638091905,9.278576528102823
S3_elasticnet_0.1_0.5,Batch1,19,5,788.0,760.0489116341289,3.547092432217145
S3_elasticnet_0.1_0.5,Batch1,20,5,534.0,738.6898717859253,38.33143666403097
S3_elasticnet_0.1_0.5,Batch1,21,1,559.0,742.2803319564682,32.78717924087088
S3_elasticnet_0.1_0.5,Batch1,23,1,1014.0,777.7273206389082,23.301053191429176
S3_elasticnet_0.1_0.5,Batch1,24,5,1017.0,787.8776825562162,22.529234753567728
S3_elasticnet_0.1_0.5,Batch1,25,2,854.0,782.4514955249462,8.378045020498108
S3_elasticnet_0.1_0.5,Batch1,28,1,860.0,769.6081684078858,10.510678092106298
S3_elasticnet_0.1_0.5,Batch1,29,2,917.0,760.9824875790645,17.013905389414997
S3_elasticnet_0.1_0.5,Batch1,31,5,876.0,773.7027281764633,11.677770756111494
S3_elasticnet_0.1_0.5,Batch1,32,2,731.0,739.2836858470226,1.1331991582794307
S3_elasticnet_0.1_0.5,Batch1,33,3,757.0,756.6544716834406,0.04564442755077316
S3_elasticnet_0.1_0.5,Batch1,34,2,742.0,761.7573097915072,2.6627102144888366
S3_elasticnet_0.1_0.5,Batch1,36,4,704.0,776.4219610035149,10.287210369817451
S3_elasticnet_0.1_0.5,Batch1,37,5,648.0,764.6959892234139,18.00864031225523
S3_elasticnet_0.1_0.5,Batch1,38,4,617.0,747.3389776670851,21.124631712655614
S3_elasticnet_0.1_0.5,Batch1,39,1,625.0,753.0721154889637,20.491538478234197
S3_elasticnet_0.1_0.5,Batch1,41,2,1051.0,787.0734392034723,25.111946793199593
S3_elasticnet_0.1_0.5,Batch1,42,3,702.0,756.6707898753239,7.78786180560169
S3_elasticnet_0.1_0.5,Batch1,43,4,651.0,776.4039523798778,19.263279935465093
S3_elasticnet_0.1_0.5,Batch1,5,1,1074.0,783.2174838705585,27.07472217220126
S3_elasticnet_0.1_0.5,Batch1,6,4,636.0,792.5144764390706,24.609194408658894
S3_elasticnet_0.1_0.5,Batch1,7,4,870.0,793.0993959831161,8.839149886998149
S4_linear,Batch1,11,1,788.0,810.6396307738754,2.873049590593326
S4_linear,Batch1,14,2,880.0,878.9876792062926,0.1150364538303899
S4_linear,Batch1,15,3,719.0,780.6078660214172,8.568548820781249
S4_linear,Batch1,16,3,862.0,1106.2595111873434,28.33637020734842
S4_linear,Batch1,17,3,857.0,821.049286983649,4.194949010075958
S4_linear,Batch1,18,3,691.0,144.36524295552493,79.10777960122648
S4_linear,Batch1,19,5,788.0,742.5513550514996,5.767594536611722
S4_linear,Batch1,20,5,534.0,569.561126114272,6.659386912785027
S4_linear,Batch1,21,1,559.0,573.0004509866995,2.504552949320134
S4_linear,Batch1,23,1,1014.0,920.7942839607224,9.191885210974123
S4_linear,Batch1,24,5,1017.0,806.6037253613978,20.687932609498745
S4_linear,Batch1,25,2,854.0,880.817363792705,3.140206533103631
S4_linear,Batch1,28,1,860.0,797.4097565658611,7.277935283039403
S4_linear,Batch1,29,2,917.0,800.8186986421534,12.669716614814238
S4_linear,Batch1,31,5,876.0,870.2002151771338,0.6620758930212526
S4_linear,Batch1,32,2,731.0,694.7411697401292,4.960168298203943
S4_linear,Batch1,33,3,757.0,838.9280427636762,10.822726917262381
S4_linear,Batch1,34,2,742.0,779.4996763511523,5.05386473735206
S4_linear,Batch1,36,4,704.0,712.20612850002,1.165643252843748
S4_linear,Batch1,37,5,648.0,683.3051485714814,5.448325396833544
S4_linear,Batch1,38,4,617.0,535.0090228269771,13.288651081527208
S4_linear,Batch1,39,1,625.0,653.0476499260657,4.487623988170508
S4_linear,Batch1,41,2,1051.0,958.901634353908,8.762927273652904
S4_linear,Batch1,42,3,702.0,755.1723318192481,7.5744062420581395
S4_linear,Batch1,43,4,651.0,676.3727257618876,3.897500117033431
S4_linear,Batch1,5,1,1074.0,990.9019782899036,7.7372459692827205
S4_linear,Batch1,6,4,636.0,807.3745525488516,26.945684363026988
S4_linear,Batch1,7,4,870.0,875.21416497208,0.5993293071356288
S4_ridge_0.1,Batch1,11,1,788.0,813.7772762673474,3.2712279527090558
S4_ridge_0.1,Batch1,14,2,880.0,872.8465380516881,0.8128934032172647
S4_ridge_0.1,Batch1,15,3,719.0,811.3884369536012,12.849573985201832
S4_ridge_0.1,Batch1,16,3,862.0,1038.7853931398472,20.508746303926593
S4_ridge_0.1,Batch1,17,3,857.0,848.2199642452899,1.0245082560921903
S4_ridge_0.1,Batch1,18,3,691.0,114.79976487093134,83.38643055413439
S4_ridge_0.1,Batch1,19,5,788.0,725.6615404684671,7.91097202176813
S4_ridge_0.1,Batch1,20,5,534.0,567.9758075980737,6.362510786156132
S4_ridge_0.1,Batch1,21,1,559.0,578.2702521388243,3.4472722967485288
S4_ridge_0.1,Batch1,23,1,1014.0,912.1083864203034,10.048482601547986
S4_ridge_0.1,Batch1,24,5,1017.0,820.4510492356596,19.32634717446808
S4_ridge_0.1,Batch1,25,2,854.0,888.7716664885534,4.071623710603438
S4_ridge_0.1,Batch1,28,1,860.0,793.5416340731849,7.727716968234311
S4_ridge_0.1,Batch1,29,2,917.0,803.871707009217,12.336782223640464
S4_ridge_0.1,Batch1,31,5,876.0,876.3298305129441,0.03765188503928234
S4_ridge_0.1,Batch1,32,2,731.0,690.3848115019238,5.556113337630128
S4_ridge_0.1,Batch1,33,3,757.0,822.6944210968915,8.678259061676547
S4_ridge_0.1,Batch1,34,2,742.0,788.678512091638,6.290904594560381
S4_ridge_0.1,Batch1,36,4,704.0,706.2358728369427,0.31759557342935935
S4_ridge_0.1,Batch1,37,5,648.0,684.9768415322764,5.706302705598203
S4_ridge_0.1,Batch1,38,4,617.0,534.6637137694166,13.344616893125345
S4_ridge_0.1,Batch1,39,1,625.0,656.7334434222913,5.077350947566611
S4_ridge_0.1,Batch1,41,2,1051.0,949.631492495024,9.64495789771418
S4_ridge_0.1,Batch1,42,3,702.0,746.4207047432413,6.327735718410449
S4_ridge_0.1,Batch1,43,4,651.0,652.8333580811112,0.28162182505548605
S4_ridge_0.1,Batch1,5,1,1074.0,972.8088520011869,9.42189459951705
S4_ridge_0.1,Batch1,6,4,636.0,798.6387095535855,25.57212414364552
S4_ridge_0.1,Batch1,7,4,870.0,918.3029332291428,5.55206129070607
S4_ridge_1,Batch1,11,1,788.0,816.67059702993,3.6384006383159946
S4_ridge_1,Batch1,14,2,880.0,868.7420791189076,1.2793091910332324
S4_ridge_1,Batch1,15,3,719.0,820.4589009331398,14.111112786250324
S4_ridge_1,Batch1,16,3,862.0,1009.2090411919409,17.077614987464134
S4_ridge_1,Batch1,17,3,857.0,855.8231357477067,0.13732371672033664
S4_ridge_1,Batch1,18,3,691.0,197.04615562956238,71.48391380179994
S4_ridge_1,Batch1,19,5,788.0,728.5338107327926,7.546470719188753
S4_ridge_1,Batch1,20,5,534.0,565.2333075881611,5.848934005273613
S4_ridge_1,Batch1,21,1,559.0,575.8121303204927,3.007536729962908
S4_ridge_1,Batch1,23,1,1014.0,902.5930112601733,10.986882518720584
S4_ridge_1,Batch1,24,5,1017.0,831.3056503731511,18.25903142840205
S4_ridge_1,Batch1,25,2,854.0,884.4469327918926,3.5652146126337882
S4_ridge_1,Batch1,28,1,860.0,792.493176178011,7.849630676975462
S4_ridge_1,Batch1,29,2,917.0,805.1897918286488,12.19304342108519
S4_ridge_1,Batch1,31,5,876.0,880.441722614584,0.5070459605689525
S4_ridge_1,Batch1,32,2,731.0,694.8736797808813,4.942041069646884
S4_ridge_1,Batch1,33,3,757.0,817.8890854699316,8.04347232099493
S4_ridge_1,Batch1,34,2,742.0,789.3035393557893,6.3751400749042215
S4_ridge_1,Batch1,36,4,704.0,710.3261044094053,0.8985943763359766
S4_ridge_1,Batch1,37,5,648.0,691.4279456285694,6.701843461198987
S4_ridge_1,Batch1,38,4,617.0,554.2306182729662,10.173319566780188
S4_ridge_1,Batch1,39,1,625.0,659.25852576044,5.481364121670395
S4_ridge_1,Batch1,41,2,1051.0,935.6302162056065,10.977144033719647
S4_ridge_1,Batch1,42,3,702.0,745.2025442992579,6.154208589637871
S4_ridge_1,Batch1,43,4,651.0,653.3616099802802,0.3627665100276728
S4_ridge_1,Batch1,5,1,1074.0,956.8673941627058,10.906201660828142
S4_ridge_1,Batch1,6,4,636.0,785.0721912307803,23.439023778424573
S4_ridge_1,Batch1,7,4,870.0,911.5590342707649,4.776900490892514
S4_ridge_10,Batch1,11,1,788.0,824.0706425827981,4.577492713553057
S4_ridge_10,Batch1,14,2,880.0,858.9567989262353,2.3912728492914486
S4_ridge_10,Batch1,15,3,719.0,842.319011530071,17.151461965239353
S4_ridge_10,Batch1,16,3,862.0,960.3901383553335,11.41416918275331
S4_ridge_10,Batch1,17,3,857.0,860.1666058412624,0.3694989313024932
S4_ridge_10,Batch1,18,3,691.0,621.8098508331477,10.013046189124788
S4_ridge_10,Batch1,19,5,788.0,735.2833980183528,6.689924109346086
S4_ridge_10,Batch1,20,5,534.0,544.5398727192726,1.973758936193367
S4_ridge_10,Batch1,21,1,559.0,593.8852769516512,6.240657773103978
S4_ridge_10,Batch1,23,1,1014.0,866.4268587913685,14.553564221758526
S4_ridge_10,Batch1,24,5,1017.0,825.5703612685243,18.82297332659545
S4_ridge_10,Batch1,25,2,854.0,852.9023922181975,0.12852550138202348
S4_ridge_10,Batch1,28,1,860.0,788.948494482991,8.261802967094068
S4_ridge_10,Batch1,29,2,917.0,794.9735898599005,13.307133057808018
S4_ridge_10,Batch1,31,5,876.0,826.1196788186762,5.694100591475317
S4_ridge_10,Batch1,32,2,731.0,713.8310440762407,2.3486943808152274
S4_ridge_10,Batch1,33,3,757.0,791.3456841772941,4.537078491056018
S4_ridge_10,Batch1,34,2,742.0,787.4789950388811,6.129244614404456
S4_ridge_10,Batch1,36,4,704.0,741.3938218862249,5.3116224270205885
S4_ridge_10,Batch1,37,5,648.0,713.9909260309065,10.183784881312732
S4_ridge_10,Batch1,38,4,617.0,635.1004160301267,2.9336168606364126
S4_ridge_10,Batch1,39,1,625.0,688.5950926497684,10.175214823962943
S4_ridge_10,Batch1,41,2,1051.0,884.3374129751055,15.857524931008038
S4_ridge_10,Batch1,42,3,702.0,754.9625208285014,7.544518636538661
S4_ridge_10,Batch1,43,4,651.0,697.6576090537063,7.167067442965642
S4_ridge_10,Batch1,5,1,1074.0,911.8223081449313,15.1003437481442
S4_ridge_10,Batch1,6,4,636.0,786.4305380403854,23.65260032081531
S4_ridge_10,Batch1,7,4,870.0,863.0371634939123,0.8003260351824923
S4_elasticnet_0.001_0.1,Batch1,11,1,788.0,813.2468356245607,3.203913150324966
S4_elasticnet_0.001_0.1,Batch1,14,2,880.0,873.502641071114,0.7383362419188638
S4_elasticnet_0.001_0.1,Batch1,15,3,719.0,807.5790363892612,12.319754713388205
S4_elasticnet_0.001_0.1,Batch1,16,3,862.0,1049.4947095297275,21.751126395560036
S4_elasticnet_0.001_0.1,Batch1,17,3,857.0,844.7960643149135,1.4240298348992473
S4_elasticnet_0.001_0.1,Batch1,18,3,691.0,115.27438910342985,83.31774397924315
S4_elasticnet_0.001_0.1,Batch1,19,5,788.0,726.6477399161193,7.785819807599067
S4_elasticnet_0.001_0.1,Batch1,20,5,534.0,568.9759191481811,6.549797593292342
S4_elasticnet_0.001_0.1,Batch1,21,1,559.0,584.3192225473058,4.52937791543932
S4_elasticnet_0.001_0.1,Batch1,23,1,1014.0,913.1548426140824,9.945281793482994
S4_elasticnet_0.001_0.1,Batch1,24,5,1017.0,817.5554359246398,19.611068247331385
S4_elasticnet_0.001_0.1,Batch1,25,2,854.0,889.9964914007595,4.215045831470668
S4_elasticnet_0.001_0.1,Batch1,28,1,860.0,792.9609704111168,7.795235998707347
S4_elasticnet_0.001_0.1,Batch1,29,2,917.0,803.0546871719882,12.425879261506191
S4_elasticnet_0.001_0.1,Batch1,31,5,876.0,873.9897210457476,0.22948389888725856
S4_elasticnet_0.001_0.1,Batch1,32,2,731.0,688.8805682797648,5.7618921641908605
S4_elasticnet_0.001_0.1,Batch1,33,3,757.0,824.222260082074,8.88008719710356
S4_elasticnet_0.001_0.1,Batch1,34,2,742.0,789.9839000324881,6.466832888475489
S4_elasticnet_0.001_0.1,Batch1,36,4,704.0,706.8752896383013,0.4084218236223433
S4_elasticnet_0.001_0.1,Batch1,37,5,648.0,684.2505391540708,5.594219005257838
S4_elasticnet_0.001_0.1,Batch1,38,4,617.0,531.5174604475518,13.854544497965673
S4_elasticnet_0.001_0.1,Batch1,39,1,625.0,659.9553330613153,5.592853289810446
S4_elasticnet_0.001_0.1,Batch1,41,2,1051.0,951.0995947658961,9.505271668325776
S4_elasticnet_0.001_0.1,Batch1,42,3,702.0,747.2026909546196,6.439129765615325
S4_elasticnet_0.001_0.1,Batch1,43,4,651.0,655.2171590348668,0.6477970867690888
S4_elasticnet_0.001_0.1,Batch1,5,1,1074.0,976.1075514949935,9.114753119646792
S4_elasticnet_0.001_0.1,Batch1,6,4,636.0,806.535757544765,26.81379835609513
S4_elasticnet_0.001_0.1,Batch1,7,4,870.0,921.0538215281554,5.868255348063835
S4_elasticnet_0.001_0.5,Batch1,11,1,788.0,815.79523254924,3.527313775284269
S4_elasticnet_0.001_0.5,Batch1,14,2,880.0,873.5559212867976,0.7322816719548215
S4_elasticnet_0.001_0.5,Batch1,15,3,719.0,816.4398595002897,13.552136230916506
S4_elasticnet_0.001_0.5,Batch1,16,3,862.0,1032.4990874065568,19.77947649728037
S4_elasticnet_0.001_0.5,Batch1,17,3,857.0,852.8601592305013,0.48306193343042386
S4_elasticnet_0.001_0.5,Batch1,18,3,691.0,137.8301695414005,80.05352105044855
S4_elasticnet_0.001_0.5,Batch1,19,5,788.0,720.5943774917909,8.554013008655982
S4_elasticnet_0.001_0.5,Batch1,20,5,534.0,568.450766725985,6.451454443068347
S4_elasticnet_0.001_0.5,Batch1,21,1,559.0,583.9138235679976,4.456855736672202
S4_elasticnet_0.001_0.5,Batch1,23,1,1014.0,911.8297925855255,10.07595733870557
S4_elasticnet_0.001_0.5,Batch1,24,5,1017.0,826.34010641523,18.747285504893803
S4_elasticnet_0.001_0.5,Batch1,25,2,854.0,888.7557184667965,4.069756260748999
S4_elasticnet_0.001_0.5,Batch1,28,1,860.0,793.148240200209,7.773460441836165
S4_elasticnet_0.001_0.5,Batch1,29,2,917.0,802.7462603135527,12.459513597213443
S4_elasticnet_0.001_0.5,Batch1,31,5,876.0,877.5360415351669,0.1753472072108303
S4_elasticnet_0.001_0.5,Batch1,32,2,731.0,689.8653721614413,5.62717207093826
S4_elasticnet_0.001_0.5,Batch1,33,3,757.0,819.159060233102,8.211236490502243
S4_elasticnet_0.001_0.5,Batch1,34,2,742.0,790.7402943776301,6.568772827173869
S4_elasticnet_0.001_0.5,Batch1,36,4,704.0,709.3906388967083,0.7657157523733396
S4_elasticnet_0.001_0.5,Batch1,37,5,648.0,686.5951074998688,5.956035108004452
S4_elasticnet_0.001_0.5,Batch1,38,4,617.0,537.4434138249622,12.894098245549069
S4_elasticnet_0.001_0.5,Batch1,39,1,625.0,658.7023974780419,5.392383596486707
S4_elasticnet_0.001_0.5,Batch1,41,2,1051.0,947.9535597180974,9.80460897068531
S4_elasticnet_0.001_0.5,Batch1,42,3,702.0,744.2831211158026,6.023236626182707
S4_elasticnet_0.001_0.5,Batch1,43,4,651.0,657.9532108610501,1.0680815454762118
S4_elasticnet_0.001_0.5,Batch1,5,1,1074.0,972.7265595835283,9.429556835798106
S4_elasticnet_0.001_0.5,Batch1,6,4,636.0,806.2384297419262,26.76704870156073
S4_elasticnet_0.001_0.5,Batch1,7,4,870.0,918.1201711320429,5.531054153108374
S4_elasticnet_0.01_0.1,Batch1,11,1,788.0,818.6594185773187,3.8907891595582056
S4_elasticnet_0.01_0.1,Batch1,14,2,880.0,871.83731753485,0.9275775528579608
S4_elasticnet_0.01_0.1,Batch1,15,3,719.0,820.8941435562854,14.171647226187119
S4_elasticnet_0.01_0.1,Batch1,16,3,862.0,1027.1403096005636,19.15780853834844
S4_elasticnet_0.01_0.1,Batch1,17,3,857.0,857.130522754779,0.01523019308973258
S4_elasticnet_0.01_0.1,Batch1,18,3,691.0,239.1132307347962,65.39605922796004
S4_elasticnet_0.01_0.1,Batch1,19,5,788.0,721.8663242349515,8.392598447341173
S4_elasticnet_0.01_0.1,Batch1,20,5,534.0,558.4119800803913,4.571531850260551
S4_elasticnet_0.01_0.1,Batch1,21,1,559.0,580.2134493335194,3.7948925462467633
S4_elasticnet_0.01_0.1,Batch1,23,1,1014.0,905.6572320092462,10.684691123348502
S4_elasticnet_0.01_0.1,Batch1,24,5,1017.0,825.8392116464814,18.7965376945446
S4_elasticnet_0.01_0.1,Batch1,25,2,854.0,885.5128202177516,3.6900257866219666
S4_elasticnet_0.01_0.1,Batch1,28,1,860.0,793.0610195992432,7.783602372181024
S4_elasticnet_0.01_0.1,Batch1,29,2,917.0,803.3630843664041,12.39224816069748
S4_elasticnet_0.01_0.1,Batch1,31,5,876.0,869.3252378838698,0.7619591456769614
S4_elasticnet_0.01_0.1,Batch1,32,2,731.0,693.2043571862232,5.1704025737040755
S4_elasticnet_0.01_0.1,Batch1,33,3,757.0,815.3344498411467,7.706003942027303
S4_elasticnet_0.01_0.1,Batch1,34,2,742.0,790.5246712542369,6.539713107040009
S4_elasticnet_0.01_0.1,Batch1,36,4,704.0,711.9177164541895,1.1246756326973766
S4_elasticnet_0.01_0.1,Batch1,37,5,648.0,689.6102768103283,6.4213390139395505
S4_elasticnet_0.01_0.1,Batch1,38,4,617.0,553.6027970042871,10.275073419078259
S4_elasticnet_0.01_0.1,Batch1,39,1,625.0,659.1435154819095,5.4629624771055205
S4_elasticnet_0.01_0.1,Batch1,41,2,1051.0,940.1850886644406,10.543759403954269
S4_elasticnet_0.01_0.1,Batch1,42,3,702.0,743.2584193887412,5.877267719193908
S4_elasticnet_0.01_0.1,Batch1,43,4,651.0,656.3695987332943,0.8248231541158695
S4_elasticnet_0.01_0.1,Batch1,5,1,1074.0,961.7725864976636,10.449479841930762
S4_elasticnet_0.01_0.1,Batch1,6,4,636.0,790.4774993771827,24.288914996412366
S4_elasticnet_0.01_0.1,Batch1,7,4,870.0,911.5629681780022,4.77735266413818
S4_elasticnet_0.01_0.5,Batch1,11,1,788.0,830.0350057216054,5.334391589036224
S4_elasticnet_0.01_0.5,Batch1,14,2,880.0,868.2540073696268,1.3347718898151326
S4_elasticnet_0.01_0.5,Batch1,15,3,719.0,828.1462725501848,15.180288254545868
S4_elasticnet_0.01_0.5,Batch1,16,3,862.0,1007.3613266242108,16.863262949444415
S4_elasticnet_0.01_0.5,Batch1,17,3,857.0,859.0839747415013,0.24317091499431334
S4_elasticnet_0.01_0.5,Batch1,18,3,691.0,505.9320877555109,26.782621164180764
S4_elasticnet_0.01_0.5,Batch1,19,5,788.0,721.2204910503434,8.474556973306674
S4_elasticnet_0.01_0.5,Batch1,20,5,534.0,564.8043260373728,5.768600381530485
S4_elasticnet_0.01_0.5,Batch1,21,1,559.0,589.9458072429812,5.535922583717573
S4_elasticnet_0.01_0.5,Batch1,23,1,1014.0,892.0446709514487,12.027152766129323
S4_elasticnet_0.01_0.5,Batch1,24,5,1017.0,825.4589622596585,18.83392701478284
S4_elasticnet_0.01_0.5,Batch1,25,2,854.0,877.9777375927729,2.807697610394951
S4_elasticnet_0.01_0.5,Batch1,28,1,860.0,792.6122888152679,7.835780370317686
S4_elasticnet_0.01_0.5,Batch1,29,2,917.0,800.0543326839028,12.753071681144736
S4_elasticnet_0.01_0.5,Batch1,31,5,876.0,840.399035570863,4.064037035289609
S4_elasticnet_0.01_0.5,Batch1,32,2,731.0,699.8620569610139,4.259636530641057
S4_elasticnet_0.01_0.5,Batch1,33,3,757.0,801.3885671579212,5.863747312803331
S4_elasticnet_0.01_0.5,Batch1,34,2,742.0,789.9605508347678,6.46368609632989
S4_elasticnet_0.01_0.5,Batch1,36,4,704.0,727.8790303513969,3.391907720368873
S4_elasticnet_0.01_0.5,Batch1,37,5,648.0,701.5436626688752,8.262910905690616
S4_elasticnet_0.01_0.5,Batch1,38,4,617.0,595.7159187103133,3.4496079886040025
S4_elasticnet_0.01_0.5,Batch1,39,1,625.0,666.4447097591802,6.631153561468835
S4_elasticnet_0.01_0.5,Batch1,41,2,1051.0,924.047888108406,12.079173348391434
S4_elasticnet_0.01_0.5,Batch1,42,3,702.0,736.108176781309,4.858714641212108
S4_elasticnet_0.01_0.5,Batch1,43,4,651.0,679.1189598355587,4.319348669056637
S4_elasticnet_0.01_0.5,Batch1,5,1,1074.0,942.811092951225,12.214982034336595
S4_elasticnet_0.01_0.5,Batch1,6,4,636.0,788.1692691702993,23.925985718600526
S4_elasticnet_0.01_0.5,Batch1,7,4,870.0,884.5141948409363,1.6682982575788832
S4_elasticnet_0.1_0.1,Batch1,11,1,788.0,838.2450317784346,6.376273068329267
S4_elasticnet_0.1_0.1,Batch1,14,2,880.0,855.749734858911,2.7557119478510246
S4_elasticnet_0.1_0.1,Batch1,15,3,719.0,839.195264626973,16.717004815990677
S4_elasticnet_0.1_0.1,Batch1,16,3,862.0,956.0053721747867,10.905495611924207
S4_elasticnet_0.1_0.1,Batch1,17,3,857.0,855.5726527389384,0.16655160572481223
S4_elasticnet_0.1_0.1,Batch1,18,3,691.0,685.3141756827055,0.8228399880310466
S4_elasticnet_0.1_0.1,Batch1,19,5,788.0,725.7382761078766,7.901233996462364
S4_elasticnet_0.1_0.1,Batch1,20,5,534.0,589.3947068630519,10.373540611058399
S4_elasticnet_0.1_0.1,Batch1,21,1,559.0,606.6274146573774,8.520109956597024
S4_elasticnet_0.1_0.1,Batch1,23,1,1014.0,870.7021297399052,14.131939867859446
S4_elasticnet_0.1_0.1,Batch1,24,5,1017.0,824.2098775935538,18.956747532590583
S4_elasticnet_0.1_0.1,Batch1,25,2,854.0,859.2525688785528,0.6150549038118008
S4_elasticnet_0.1_0.1,Batch1,28,1,860.0,789.0277416142084,8.252588184394375
S4_elasticnet_0.1_0.1,Batch1,29,2,917.0,793.1771678378514,13.50303513218633
S4_elasticnet_0.1_0.1,Batch1,31,5,876.0,812.3129271047414,7.270213800828602
S4_elasticnet_0.1_0.1,Batch1,32,2,731.0,709.195240404227,2.982867249763751
S4_elasticnet_0.1_0.1,Batch1,33,3,757.0,782.370546261134,3.3514592154734473
S4_elasticnet_0.1_0.1,Batch1,34,2,742.0,785.0401617829306,5.800560887187409
S4_elasticnet_0.1_0.1,Batch1,36,4,704.0,735.0922674179376,4.416515258229771
S4_elasticnet_0.1_0.1,Batch1,37,5,648.0,716.583496232201,10.583872875339663
S4_elasticnet_0.1_0.1,Batch1,38,4,617.0,625.481428471808,1.3746237393530056
S4_elasticnet_0.1_0.1,Batch1,39,1,625.0,675.9949741398707,8.159195862379311
S4_elasticnet_0.1_0.1,Batch1,41,2,1051.0,890.1997207945982,15.299741123254215
S4_elasticnet_0.1_0.1,Batch1,42,3,702.0,736.4174164839467,4.902765880904085
S4_elasticnet_0.1_0.1,Batch1,43,4,651.0,703.919377449471,8.128936628182945
S4_elasticnet_0.1_0.1,Batch1,5,1,1074.0,914.6089144218223,14.840883200947644
S4_elasticnet_0.1_0.1,Batch1,6,4,636.0,785.9646201366694,23.579342788784498
S4_elasticnet_0.1_0.1,Batch1,7,4,870.0,847.9707166148744,2.532101538520185
S4_elasticnet_0.1_0.5,Batch1,11,1,788.0,784.0816502584094,0.49725250527800074
S4_elasticnet_0.1_0.5,Batch1,14,2,880.0,784.7673021455615,10.821897483458917
S4_elasticnet_0.1_0.5,Batch1,15,3,719.0,820.0144753687334,14.049301163940672
S4_elasticnet_0.1_0.5,Batch1,16,3,862.0,833.091349752801,3.353671722412881
S4_elasticnet_0.1_0.5,Batch1,17,3,857.0,811.1312389339441,5.352247498956344
S4_elasticnet_0.1_0.5,Batch1,18,3,691.0,755.1149638091905,9.278576528102823
S4_elasticnet_0.1_0.5,Batch1,19,5,788.0,760.0489116341289,3.547092432217145
S4_elasticnet_0.1_0.5,Batch1,20,5,534.0,738.6898717859253,38.33143666403097
S4_elasticnet_0.1_0.5,Batch1,21,1,559.0,742.2803319564682,32.78717924087088
S4_elasticnet_0.1_0.5,Batch1,23,1,1014.0,777.7273206389082,23.301053191429176
S4_elasticnet_0.1_0.5,Batch1,24,5,1017.0,787.8776825562162,22.529234753567728
S4_elasticnet_0.1_0.5,Batch1,25,2,854.0,782.4514955249462,8.378045020498108
S4_elasticnet_0.1_0.5,Batch1,28,1,860.0,769.6081684078858,10.510678092106298
S4_elasticnet_0.1_0.5,Batch1,29,2,917.0,760.9824875790645,17.013905389414997
S4_elasticnet_0.1_0.5,Batch1,31,5,876.0,773.7027281764633,11.677770756111494
S4_elasticnet_0.1_0.5,Batch1,32,2,731.0,739.2836858470226,1.1331991582794307
S4_elasticnet_0.1_0.5,Batch1,33,3,757.0,756.6544716834406,0.04564442755077316
S4_elasticnet_0.1_0.5,Batch1,34,2,742.0,761.7573097915072,2.6627102144888366
S4_elasticnet_0.1_0.5,Batch1,36,4,704.0,776.4219610035149,10.287210369817451
S4_elasticnet_0.1_0.5,Batch1,37,5,648.0,764.6959892234139,18.00864031225523
S4_elasticnet_0.1_0.5,Batch1,38,4,617.0,747.3389776670851,21.124631712655614
S4_elasticnet_0.1_0.5,Batch1,39,1,625.0,753.0721154889637,20.491538478234197
S4_elasticnet_0.1_0.5,Batch1,41,2,1051.0,787.0734392034723,25.111946793199593
S4_elasticnet_0.1_0.5,Batch1,42,3,702.0,756.6707898753239,7.78786180560169
S4_elasticnet_0.1_0.5,Batch1,43,4,651.0,776.4039523798778,19.263279935465093
S4_elasticnet_0.1_0.5,Batch1,5,1,1074.0,783.2174838705585,27.07472217220126
S4_elasticnet_0.1_0.5,Batch1,6,4,636.0,792.5144764390706,24.609194408658894
S4_elasticnet_0.1_0.5,Batch1,7,4,870.0,793.0993959831161,8.839149886998149
S5_linear,Batch1,11,1,788.0,805.9984778643749,2.284070794971431
S5_linear,Batch1,14,2,880.0,822.8224715393576,6.4974464159820915
S5_linear,Batch1,15,3,719.0,774.786730301156,7.75893328249736
S5_linear,Batch1,16,3,862.0,1117.5299356347957,29.643844041159596
S5_linear,Batch1,17,3,857.0,823.0347689990023,3.9632708285878335
S5_linear,Batch1,18,3,691.0,222.6020589864583,67.78551968358056
S5_linear,Batch1,19,5,788.0,672.1138922916127,14.70635884624204
S5_linear,Batch1,20,5,534.0,605.9239381130958,13.46890226837
S5_linear,Batch1,21,1,559.0,527.1282555827319,5.701564296470149
S5_linear,Batch1,23,1,1014.0,945.3000160782957,6.7751463433633425
S5_linear,Batch1,24,5,1017.0,812.106405728926,20.146862760184266
S5_linear,Batch1,25,2,854.0,893.8112389638593,4.661737583590082
S5_linear,Batch1,28,1,860.0,810.7335678548549,5.728654900598271
S5_linear,Batch1,29,2,917.0,825.3589527405727,9.993571129708537
S5_linear,Batch1,31,5,876.0,1014.642473141672,15.826766340373513
S5_linear,Batch1,32,2,731.0,679.7410099648179,7.012173739423002
S5_linear,Batch1,33,3,757.0,871.6512463158905,15.145475074754359
S5_linear,Batch1,34,2,742.0,820.0747796511225,10.522207500151284
S5_linear,Batch1,36,4,704.0,712.9828655516025,1.2759752203980765
S5_linear,Batch1,37,5,648.0,713.1378713183337,10.05214063554533
S5_linear,Batch1,38,4,617.0,531.3348972489879,13.884133347003583
S5_linear,Batch1,39,1,625.0,643.131473028637,2.9010356845819114
S5_linear,Batch1,41,2,1051.0,975.699630029751,7.16464033970019
S5_linear,Batch1,42,3,702.0,769.1837653040151,9.570336937893886
S5_linear,Batch1,43,4,651.0,671.3988421630629,3.133462697859126
S5_linear,Batch1,5,1,1074.0,979.3490800237041,8.812934820884161
S5_linear,Batch1,6,4,636.0,819.3400942178749,28.82705883928851
S5_linear,Batch1,7,4,870.0,885.4714787751552,1.7783308936960023
S5_ridge_0.1,Batch1,11,1,788.0,807.0535229191066,2.4179597613079475
S5_ridge_0.1,Batch1,14,2,880.0,827.7076043711658,5.9423176850948
S5_ridge_0.1,Batch1,15,3,719.0,798.7501278199804,11.091811936019532
S5_ridge_0.1,Batch1,16,3,862.0,1050.2683989843138,21.840881552704612
S5_ridge_0.1,Batch1,17,3,857.0,852.5990078176849,0.5135346770496058
S5_ridge_0.1,Batch1,18,3,691.0,288.32624341753404,58.27406028689811
S5_ridge_0.1,Batch1,19,5,788.0,687.0291262024226,12.813562664667181
S5_ridge_0.1,Batch1,20,5,534.0,608.4999287421467,13.95129751725594
S5_ridge_0.1,Batch1,21,1,559.0,531.5166945748384,4.916512598418886
S5_ridge_0.1,Batch1,23,1,1014.0,940.6643065753113,7.232316905787836
S5_ridge_0.1,Batch1,24,5,1017.0,818.6624362584148,19.502218656989694
S5_ridge_0.1,Batch1,25,2,854.0,888.7314217938418,4.066911217077498
S5_ridge_0.1,Batch1,28,1,860.0,808.440307812027,5.995313045113145
S5_ridge_0.1,Batch1,29,2,917.0,824.8755700415385,10.04628461924335
S5_ridge_0.1,Batch1,31,5,876.0,1027.293720032109,17.270972606405127
S5_ridge_0.1,Batch1,32,2,731.0,685.0011290077803,6.292595210973972
S5_ridge_0.1,Batch1,33,3,757.0,856.2841915064001,13.11548104443859
S5_ridge_0.1,Batch1,34,2,742.0,812.6310954496663,9.519015559254218
S5_ridge_0.1,Batch1,36,4,704.0,711.0566391298001,1.0023635127557027
S5_ridge_0.1,Batch1,37,5,648.0,715.0365464377153,10.345146055202976
S5_ridge_0.1,Batch1,38,4,617.0,535.8185493651044,13.157447428670269
S5_ridge_0.1,Batch1,39,1,625.0,646.3636832609509,3.418189321752143
S5_ridge_0.1,Batch1,41,2,1051.0,967.3976331199752,7.9545544129424135
S5_ridge_0.1,Batch1,42,3,702.0,758.7376054485987,8.082279978432869
S5_ridge_0.1,Batch1,43,4,651.0,652.2038179276052,0.18491826844933956
S5_ridge_0.1,Batch1,5,1,1074.0,972.3297129839004,9.466507170958993
S5_ridge_0.1,Batch1,6,4,636.0,800.2326025878174,25.82273625594613
S5_ridge_0.1,Batch1,7,4,870.0,918.7706354002104,5.605820160943721
S5_ridge_1,Batch1,11,1,788.0,812.0280089368757,3.0492397128014876
S5_ridge_1,Batch1,14,2,880.0,839.0641112036161,4.651805545043624
S5_ridge_1,Batch1,15,3,719.0,808.4293261387081,12.438014761990004
S5_ridge_1,Batch1,16,3,862.0,1014.8866878045502,17.736274687302807
S5_ridge_1,Batch1,17,3,857.0,859.3092611453027,0.26945871007032496
S5_ridge_1,Batch1,18,3,691.0,428.77731965398726,37.948289485674785
S5_ridge_1,Batch1,19,5,788.0,705.0260431256274,10.529689958676721
S5_ridge_1,Batch1,20,5,534.0,592.2381738842048,10.906025071948465
S5_ridge_1,Batch1,21,1,559.0,544.5118277764253,2.591801828904236
S5_ridge_1,Batch1,23,1,1014.0,922.6471065879798,9.009161085998048
S5_ridge_1,Batch1,24,5,1017.0,826.6820902809526,18.71365877276769
S5_ridge_1,Batch1,25,2,854.0,872.6820709668161,2.1875961319456825
S5_ridge_1,Batch1,28,1,860.0,800.6563127743769,6.9004287471654715
S5_ridge_1,Batch1,29,2,917.0,821.4398984173934,10.420948918495819
S5_ridge_1,Batch1,31,5,876.0,1034.1205698537856,18.05029336230429
S5_ridge_1,Batch1,32,2,731.0,695.0974115304623,4.911434811154269
S5_ridge_1,Batch1,33,3,757.0,840.8612526048304,11.078104703412205
S5_ridge_1,Batch1,34,2,742.0,801.6121241913811,8.03397900153384
S5_ridge_1,Batch1,36,4,704.0,726.359809988552,3.1761093733738637
S5_ridge_1,Batch1,37,5,648.0,718.056783358058,10.811231999700317
S5_ridge_1,Batch1,38,4,617.0,560.426530126388,9.169119914685899
S5_ridge_1,Batch1,39,1,625.0,653.5519959834307,4.568319357348919
S5_ridge_1,Batch1,41,2,1051.0,936.2248583299029,10.920565334928366
S5_ridge_1,Batch1,42,3,702.0,753.315892546246,7.309956203168946
S5_ridge_1,Batch1,43,4,651.0,657.0676101221269,0.93204456561089
S5_ridge_1,Batch1,5,1,1074.0,964.8483205493443,10.163098645312449
S5_ridge_1,Batch1,6,4,636.0,781.6813161815297,22.905867324139894
S5_ridge_1,Batch1,7,4,870.0,903.3519598882037,3.83355860783951
S5_ridge_10,Batch1,11,1,788.0,826.6471004817935,4.904454375862116
S5_ridge_10,Batch1,14,2,880.0,848.9169469176718,3.5321651229918416
S5_ridge_10,Batch1,15,3,719.0,835.2193253647989,16.16402299927662
S5_ridge_10,Batch1,16,3,862.0,953.9189219408496,10.663448020980232
S5_ridge_10,Batch1,17,3,857.0,860.476736146824,0.40568683160140134
S5_ridge_10,Batch1,18,3,691.0,705.7549346691098,2.1353016887279077
S5_ridge_10,Batch1,19,5,788.0,722.7618400839194,8.278954304071139
S5_ridge_10,Batch1,20,5,534.0,558.6996310398534,4.625399071133604
S5_ridge_10,Batch1,21,1,559.0,583.6709670603408,4.413410923137887
S5_ridge_10,Batch1,23,1,1014.0,871.741477393248,14.029440099285205
S5_ridge_10,Batch1,24,5,1017.0,820.854157452681,19.286710181643958
S5_ridge_10,Batch1,25,2,854.0,829.808175169546,2.832766373589466
S5_ridge_10,Batch1,28,1,860.0,786.6271506602147,8.53172666741689
S5_ridge_10,Batch1,29,2,917.0,806.7709499477046,12.020616145288486
S5_ridge_10,Batch1,31,5,876.0,949.8661421610981,8.432208009257772
S5_ridge_10,Batch1,32,2,731.0,718.2942481353372,1.7381329500222749
S5_ridge_10,Batch1,33,3,757.0,780.9652287393528,3.1658162139171497
S5_ridge_10,Batch1,34,2,742.0,786.2551946509083,5.964311947561762
S5_ridge_10,Batch1,36,4,704.0,773.2176340187048,9.832050286747835
S5_ridge_10,Batch1,37,5,648.0,730.3748098053705,12.712162007001629
S5_ridge_10,Batch1,38,4,617.0,639.3574987843116,3.6235816506177616
S5_ridge_10,Batch1,39,1,625.0,683.8525387492425,9.416406199878802
S5_ridge_10,Batch1,41,2,1051.0,867.5439954190784,17.455376268403572
S5_ridge_10,Batch1,42,3,702.0,747.6097138714067,6.497110238092124
S5_ridge_10,Batch1,43,4,651.0,700.383340182422,7.585766541078646
S5_ridge_10,Batch1,5,1,1074.0,924.9024974505502,13.882449026950635
S5_ridge_10,Batch1,6,4,636.0,781.6728021727088,22.904528643507668
S5_ridge_10,Batch1,7,4,870.0,853.8230063575037,1.8594245566087717
S5_elasticnet_0.001_0.1,Batch1,11,1,788.0,806.8162920408741,2.3878543199078863
S5_elasticnet_0.001_0.1,Batch1,14,2,880.0,828.3075784292869,5.874138814853764
S5_elasticnet_0.001_0.1,Batch1,15,3,719.0,796.5161313894986,10.78110311397755
S5_elasticnet_0.001_0.1,Batch1,16,3,862.0,1059.7120934274258,22.9364377526016
S5_elasticnet_0.001_0.1,Batch1,17,3,857.0,850.376494921357,0.7728710710201875
S5_elasticnet_0.001_0.1,Batch1,18,3,691.0,285.6740694542134,58.657877068854795
S5_elasticnet_0.001_0.1,Batch1,19,5,788.0,684.5307416367815,13.130616543555648
S5_elasticnet_0.001_0.1,Batch1,20,5,534.0,606.3353519355007,13.545946055337216
S5_elasticnet_0.001_0.1,Batch1,21,1,559.0,535.2588633069735,4.247072753672009
S5_elasticnet_0.001_0.1,Batch1,23,1,1014.0,940.5764712290936,7.24097916872844
S5_elasticnet_0.001_0.1,Batch1,24,5,1017.0,816.0972706434707,19.7544473310255
S5_elasticnet_0.001_0.1,Batch1,25,2,854.0,889.6570805093324,4.175302167369138
S5_elasticnet_0.001_0.1,Batch1,28,1,860.0,807.6241016409117,6.090220739428871
S5_elasticnet_0.001_0.1,Batch1,29,2,917.0,824.1860943641273,10.121472806529198
S5_elasticnet_0.001_0.1,Batch1,31,5,876.0,1020.564509581272,16.502797897405475
S5_elasticnet_0.001_0.1,Batch1,32,2,731.0,683.967818168124,6.4339510029926075
S5_elasticnet_0.001_0.1,Batch1,33,3,757.0,856.7769479825947,13.180574370223873
S5_elasticnet_0.001_0.1,Batch1,34,2,742.0,813.337090031284,9.614163076992451
S5_elasticnet_0.001_0.1,Batch1,36,4,704.0,709.1296793411123,0.7286476336807174
S5_elasticnet_0.001_0.1,Batch1,37,5,648.0,713.689447832171,10.137260467927627
S5_elasticnet_0.001_0.1,Batch1,38,4,617.0,531.376316379153,13.877420359942795
S5_elasticnet_0.001_0.1,Batch1,39,1,625.0,648.2043868971097,3.7127019035375453
S5_elasticnet_0.001_0.1,Batch1,41,2,1051.0,969.5417604067025,7.750546107830404
S5_elasticnet_0.001_0.1,Batch1,42,3,702.0,759.0370511904855,8.124936067020727
S5_elasticnet_0.001_0.1,Batch1,43,4,651.0,653.2887726503992,0.35157798009204455
S5_elasticnet_0.001_0.1,Batch1,5,1,1074.0,975.6196448985062,9.160182039245235
S5_elasticnet_0.001_0.1,Batch1,6,4,636.0,809.156628361296,27.22588496246793
S5_elasticnet_0.001_0.1,Batch1,7,4,870.0,923.9122925896114,6.196815240185219
S5_elasticnet_0.001_0.5,Batch1,11,1,788.0,808.172650533604,2.559981032183254
S5_elasticnet_0.001_0.5,Batch1,14,2,880.0,838.8974632766742,4.670742809468839
S5_elasticnet_0.001_0.5,Batch1,15,3,719.0,802.47905474327,11.610438768187763
S5_elasticnet_0.001_0.5,Batch1,16,3,862.0,1040.921190636933,20.756518635375063
S5_elasticnet_0.001_0.5,Batch1,17,3,857.0,857.2814929073268,0.03284631357371819
S5_elasticnet_0.001_0.5,Batch1,18,3,691.0,372.2457608448192,46.12941232347045
S5_elasticnet_0.001_0.5,Batch1,19,5,788.0,693.452035470858,11.998472655982482
S5_elasticnet_0.001_0.5,Batch1,20,5,534.0,596.4403637859137,11.692952019834035
S5_elasticnet_0.001_0.5,Batch1,21,1,559.0,557.3273158780905,0.299227928785236
S5_elasticnet_0.001_0.5,Batch1,23,1,1014.0,930.7489582676544,8.210161906542957
S5_elasticnet_0.001_0.5,Batch1,24,5,1017.0,821.8478377602672,19.189003170081886
S5_elasticnet_0.001_0.5,Batch1,25,2,854.0,882.6481230501245,3.354581153410359
S5_elasticnet_0.001_0.5,Batch1,28,1,860.0,800.0558886532973,6.9702455054305466
S5_elasticnet_0.001_0.5,Batch1,29,2,917.0,819.8730110321038,10.591819952878536
S5_elasticnet_0.001_0.5,Batch1,31,5,876.0,1024.8113723203812,16.987599579952196
S5_elasticnet_0.001_0.5,Batch1,32,2,731.0,687.8455063994091,5.903487496660855
S5_elasticnet_0.001_0.5,Batch1,33,3,757.0,848.5277690009491,12.090854557589047
S5_elasticnet_0.001_0.5,Batch1,34,2,742.0,806.4992720452477,8.692624264858184
S5_elasticnet_0.001_0.5,Batch1,36,4,704.0,714.1008567438525,1.4347807874790548
S5_elasticnet_0.001_0.5,Batch1,37,5,648.0,713.985772958363,10.182989654068361
S5_elasticnet_0.001_0.5,Batch1,38,4,617.0,539.5132652969926,12.558627990762952
S5_elasticnet_0.001_0.5,Batch1,39,1,625.0,659.2008315768695,5.472133052299123
S5_elasticnet_0.001_0.5,Batch1,41,2,1051.0,957.4015880366363,8.905652898512242
S5_elasticnet_0.001_0.5,Batch1,42,3,702.0,753.8979533420235,7.392870846442089
S5_elasticnet_0.001_0.5,Batch1,43,4,651.0,658.5867856933639,1.1654048684122789
S5_elasticnet_0.001_0.5,Batch1,5,1,1074.0,985.3790263606528,8.251487303477392
S5_elasticnet_0.001_0.5,Batch1,6,4,636.0,805.0948260079364,26.58723679370069
S5_elasticnet_0.001_0.5,Batch1,7,4,870.0,916.1270765838575,5.301962825730747
S5_elasticnet_0.01_0.1,Batch1,11,1,788.0,812.1740333000242,3.067770723353329
S5_elasticnet_0.01_0.1,Batch1,14,2,880.0,851.4104046717582,3.2488176509365663
S5_elasticnet_0.01_0.1,Batch1,15,3,719.0,807.0515593959514,12.246392127392399
S5_elasticnet_0.01_0.1,Batch1,16,3,862.0,1032.7845169674915,19.812588975347044
S5_elasticnet_0.01_0.1,Batch1,17,3,857.0,861.5829306160542,0.5347643659339822
S5_elasticnet_0.01_0.1,Batch1,18,3,691.0,626.1621387478118,9.383192655888307
S5_elasticnet_0.01_0.1,Batch1,19,5,788.0,702.8576203892891,10.804870508973467
S5_elasticnet_0.01_0.1,Batch1,20,5,534.0,570.2470647297348,6.787839837028989
S5_elasticnet_0.01_0.1,Batch1,21,1,559.0,561.0663604082581,0.3696530247331138
S5_elasticnet_0.01_0.1,Batch1,23,1,1014.0,917.0580500580542,9.560350092894067
S5_elasticnet_0.01_0.1,Batch1,24,5,1017.0,820.3786998083365,19.333461179121294
S5_elasticnet_0.01_0.1,Batch1,25,2,854.0,871.0623517410334,1.997933459137395
S5_elasticnet_0.01_0.1,Batch1,28,1,860.0,796.1880126116365,7.419998533530638
S5_elasticnet_0.01_0.1,Batch1,29,2,917.0,814.5527803649394,11.17199777917782
S5_elasticnet_0.01_0.1,Batch1,31,5,876.0,1010.2059507152758,15.320314008593126
S5_elasticnet_0.01_0.1,Batch1,32,2,731.0,693.8291896269097,5.084926179629311
S5_elasticnet_0.01_0.1,Batch1,33,3,757.0,838.9699924399363,10.828268486121042
S5_elasticnet_0.01_0.1,Batch1,34,2,742.0,798.6732782627769,7.637908121668042
S5_elasticnet_0.01_0.1,Batch1,36,4,704.0,723.7394115203198,2.8038936818636047
S5_elasticnet_0.01_0.1,Batch1,37,5,648.0,712.2103639466804,9.90900678189513
S5_elasticnet_0.01_0.1,Batch1,38,4,617.0,558.419918799795,9.494340551086704
S5_elasticnet_0.01_0.1,Batch1,39,1,625.0,660.0878312412648,5.614052998602364
S5_elasticnet_0.01_0.1,Batch1,41,2,1051.0,936.6457429009955,10.880519229210702
S5_elasticnet_0.01_0.1,Batch1,42,3,702.0,750.2597865919419,6.874613474635593
S5_elasticnet_0.01_0.1,Batch1,43,4,651.0,658.1567319964623,1.099344392697746
S5_elasticnet_0.01_0.1,Batch1,5,1,1074.0,971.602559549025,9.534212332493013
S5_elasticnet_0.01_0.1,Batch1,6,4,636.0,788.3593128446865,23.955866799479015
S5_elasticnet_0.01_0.1,Batch1,7,4,870.0,906.7531060073364,4.2244949433720045
S5_elasticnet_0.01_0.5,Batch1,11,1,788.0,829.1092904533763,5.216915032154349
S5_elasticnet_0.01_0.5,Batch1,14,2,880.0,859.2692022272719,2.3557724741736505
S5_elasticnet_0.01_0.5,Batch1,15,3,719.0,822.7220418466312,14.425875082980697
S5_elasticnet_0.01_0.5,Batch1,16,3,862.0,1009.7916853045824,17.145207111900515
S5_elasticnet_0.01_0.5,Batch1,17,3,857.0,861.1493577430648,0.4841724320962424
S5_elasticnet_0.01_0.5,Batch1,18,3,691.0,700.4596267733401,1.3689763781968334
S5_elasticnet_0.01_0.5,Batch1,19,5,788.0,711.2358863463587,9.741638788533159
S5_elasticnet_0.01_0.5,Batch1,20,5,534.0,571.0385064403225,6.936049895191483
S5_elasticnet_0.01_0.5,Batch1,21,1,559.0,589.2881689932993,5.418277100769112
S5_elasticnet_0.01_0.5,Batch1,23,1,1014.0,892.5970213765953,11.972680337613875
S5_elasticnet_0.01_0.5,Batch1,24,5,1017.0,820.7886674482237,19.293149710105833
S5_elasticnet_0.01_0.5,Batch1,25,2,854.0,870.5299211938399,1.9355879618079472
S5_elasticnet_0.01_0.5,Batch1,28,1,860.0,792.840627149109,7.809229401266399
S5_elasticnet_0.01_0.5,Batch1,29,2,917.0,804.0719413983471,12.31494641239399
S5_elasticnet_0.01_0.5,Batch1,31,5,876.0,939.8459559179568,7.288351132186845
S5_elasticnet_0.01_0.5,Batch1,32,2,731.0,698.7802072668795,4.4076323848318015
S5_elasticnet_0.01_0.5,Batch1,33,3,757.0,812.0118993468419,7.267093704998931
S5_elasticnet_0.01_0.5,Batch1,34,2,742.0,792.3412438461058,6.784534211065478
S5_elasticnet_0.01_0.5,Batch1,36,4,704.0,739.4256364495359,5.032050632036348
S5_elasticnet_0.01_0.5,Batch1,37,5,648.0,713.6066564297199,10.124484016932085
S5_elasticnet_0.01_0.5,Batch1,38,4,617.0,596.1797093640199,3.3744393251183284
S5_elasticnet_0.01_0.5,Batch1,39,1,625.0,666.6858045803408,6.669728732854528
S5_elasticnet_0.01_0.5,Batch1,41,2,1051.0,922.5533098802365,12.22137869835999
S5_elasticnet_0.01_0.5,Batch1,42,3,702.0,741.6320633421773,5.645593068686222
S5_elasticnet_0.01_0.5,Batch1,43,4,651.0,681.0746048446505,4.619754968456295
S5_elasticnet_0.01_0.5,Batch1,5,1,1074.0,943.0099403057617,12.196467383076193
S5_elasticnet_0.01_0.5,Batch1,6,4,636.0,787.7262556071948,23.85632949798661
S5_elasticnet_0.01_0.5,Batch1,7,4,870.0,879.5980009752394,1.1032185029010821
S5_elasticnet_0.1_0.1,Batch1,11,1,788.0,838.2450317784346,6.376273068329267
S5_elasticnet_0.1_0.1,Batch1,14,2,880.0,854.7475728583647,2.8695939933676455
S5_elasticnet_0.1_0.1,Batch1,15,3,719.0,839.195264626973,16.717004815990677
S5_elasticnet_0.1_0.1,Batch1,16,3,862.0,956.0053721747867,10.905495611924207
S5_elasticnet_0.1_0.1,Batch1,17,3,857.0,855.5726527389384,0.16655160572481223
S5_elasticnet_0.1_0.1,Batch1,18,3,691.0,685.3141756827055,0.8228399880310466
S5_elasticnet_0.1_0.1,Batch1,19,5,788.0,720.552565986486,8.559319037247969
S5_elasticnet_0.1_0.1,Batch1,20,5,534.0,601.5289607487814,12.645872799397265
S5_elasticnet_0.1_0.1,Batch1,21,1,559.0,606.6274146573774,8.520109956597024
S5_elasticnet_0.1_0.1,Batch1,23,1,1014.0,870.7021297399052,14.131939867859446
S5_elasticnet_0.1_0.1,Batch1,24,5,1017.0,822.131040539059,19.161156289178077
S5_elasticnet_0.1_0.1,Batch1,25,2,854.0,856.3987013204339,0.2808783747580713
S5_elasticnet_0.1_0.1,Batch1,28,1,860.0,789.0277416142084,8.252588184394375
S5_elasticnet_0.1_0.1,Batch1,29,2,917.0,794.417705118916,13.367752985941543
S5_elasticnet_0.1_0.1,Batch1,31,5,876.0,869.4762728721258,0.7447177086614346
S5_elasticnet_0.1_0.1,Batch1,32,2,731.0,709.6902074512062,2.9151562994245936
S5_elasticnet_0.1_0.1,Batch1,33,3,757.0,782.370546261134,3.3514592154734473
S5_elasticnet_0.1_0.1,Batch1,34,2,742.0,784.4844354462766,5.7256651544847195
S5_elasticnet_0.1_0.1,Batch1,36,4,704.0,739.8041132222226,5.085811537247522
S5_elasticnet_0.1_0.1,Batch1,37,5,648.0,723.9616464584475,11.72247630531597
S5_elasticnet_0.1_0.1,Batch1,38,4,617.0,625.5225586471327,1.3812898941868161
S5_elasticnet_0.1_0.1,Batch1,39,1,625.0,675.9949741398707,8.159195862379311
S5_elasticnet_0.1_0.1,Batch1,41,2,1051.0,887.9174287777761,15.516895454065073
S5_elasticnet_0.1_0.1,Batch1,42,3,702.0,736.4174164839467,4.902765880904085
S5_elasticnet_0.1_0.1,Batch1,43,4,651.0,704.4929135673889,8.21703741434545
S5_elasticnet_0.1_0.1,Batch1,5,1,1074.0,914.6089144218223,14.840883200947644
S5_elasticnet_0.1_0.1,Batch1,6,4,636.0,785.3766466851969,23.48689413289259
S5_elasticnet_0.1_0.1,Batch1,7,4,870.0,846.0915247418561,2.748100604384354
S5_elasticnet_0.1_0.5,Batch1,11,1,788.0,784.0816502584094,0.49725250527800074
S5_elasticnet_0.1_0.5,Batch1,14,2,880.0,784.7673021455615,10.821897483458917
S5_elasticnet_0.1_0.5,Batch1,15,3,719.0,820.0144753687334,14.049301163940672
S5_elasticnet_0.1_0.5,Batch1,16,3,862.0,833.091349752801,3.353671722412881
S5_elasticnet_0.1_0.5,Batch1,17,3,857.0,811.1312389339441,5.352247498956344
S5_elasticnet_0.1_0.5,Batch1,18,3,691.0,755.1149638091905,9.278576528102823
S5_elasticnet_0.1_0.5,Batch1,19,5,788.0,760.0489116341289,3.547092432217145
S5_elasticnet_0.1_0.5,Batch1,20,5,534.0,738.6898717859253,38.33143666403097
S5_elasticnet_0.1_0.5,Batch1,21,1,559.0,742.2803319564682,32.78717924087088
S5_elasticnet_0.1_0.5,Batch1,23,1,1014.0,777.7273206389082,23.301053191429176
S5_elasticnet_0.1_0.5,Batch1,24,5,1017.0,787.8776825562162,22.529234753567728
S5_elasticnet_0.1_0.5,Batch1,25,2,854.0,782.4514955249462,8.378045020498108
S5_elasticnet_0.1_0.5,Batch1,28,1,860.0,769.6081684078858,10.510678092106298
S5_elasticnet_0.1_0.5,Batch1,29,2,917.0,760.9824875790645,17.013905389414997
S5_elasticnet_0.1_0.5,Batch1,31,5,876.0,773.7027281764633,11.677770756111494
S5_elasticnet_0.1_0.5,Batch1,32,2,731.0,739.2836858470226,1.1331991582794307
S5_elasticnet_0.1_0.5,Batch1,33,3,757.0,756.6544716834406,0.04564442755077316
S5_elasticnet_0.1_0.5,Batch1,34,2,742.0,761.7573097915072,2.6627102144888366
S5_elasticnet_0.1_0.5,Batch1,36,4,704.0,776.4219610035149,10.287210369817451
S5_elasticnet_0.1_0.5,Batch1,37,5,648.0,764.6959892234139,18.00864031225523
S5_elasticnet_0.1_0.5,Batch1,38,4,617.0,747.3389776670851,21.124631712655614
S5_elasticnet_0.1_0.5,Batch1,39,1,625.0,753.0721154889637,20.491538478234197
S5_elasticnet_0.1_0.5,Batch1,41,2,1051.0,787.0734392034723,25.111946793199593
S5_elasticnet_0.1_0.5,Batch1,42,3,702.0,756.6707898753239,7.78786180560169
S5_elasticnet_0.1_0.5,Batch1,43,4,651.0,776.4039523798778,19.263279935465093
S5_elasticnet_0.1_0.5,Batch1,5,1,1074.0,783.2174838705585,27.07472217220126
S5_elasticnet_0.1_0.5,Batch1,6,4,636.0,792.5144764390706,24.609194408658894
S5_elasticnet_0.1_0.5,Batch1,7,4,870.0,793.0993959831161,8.839149886998149
S6_linear,Batch1,11,1,788.0,808.0053239691725,2.5387466965954997
S6_linear,Batch1,14,2,880.0,834.6542597054785,5.152925033468356
S6_linear,Batch1,15,3,719.0,759.4831803705497,5.630484057100096
S6_linear,Batch1,16,3,862.0,1095.7626240955,27.11863388578887
S6_linear,Batch1,17,3,857.0,802.9377008761284,6.308319617721311
S6_linear,Batch1,18,3,691.0,294.56196761034533,57.37163999850285
S6_linear,Batch1,19,5,788.0,672.1892391363825,14.696797063910847
S6_linear,Batch1,20,5,534.0,574.5410330260049,7.591953750188188
S6_linear,Batch1,21,1,559.0,561.8826251879767,0.5156753466863532
S6_linear,Batch1,23,1,1014.0,949.3753270936014,6.373241903984082
S6_linear,Batch1,24,5,1017.0,834.2372145513968,17.970775363677795
S6_linear,Batch1,25,2,854.0,964.2845869046911,12.913886054413474
S6_linear,Batch1,28,1,860.0,807.5344192286666,6.100648926899233
S6_linear,Batch1,29,2,917.0,831.0729494168467,9.370452626298075
S6_linear,Batch1,31,5,876.0,989.5196804100699,12.958867626720307
S6_linear,Batch1,32,2,731.0,662.0430205773665,9.433239319101707
S6_linear,Batch1,33,3,757.0,864.3353226327105,14.179038656897024
S6_linear,Batch1,34,2,742.0,812.448195397838,9.494365956581946
S6_linear,Batch1,36,4,704.0,773.500540602604,9.872235881051706
S6_linear,Batch1,37,5,648.0,725.9225897997869,12.025091018485636
S6_linear,Batch1,38,4,617.0,529.2105444054461,14.228436887285891
S6_linear,Batch1,39,1,625.0,654.8815857348097,4.7810537175695575
S6_linear,Batch1,41,2,1051.0,1050.895981150378,0.00989713126755279
S6_linear,Batch1,42,3,702.0,769.2142960940985,9.57468605329038
S6_linear,Batch1,43,4,651.0,673.0226161707125,3.3828903488037585
S6_linear,Batch1,5,1,1074.0,998.8990444293725,6.992640183484874
S6_linear,Batch1,6,4,636.0,807.6569831484454,26.990091690007144
S6_linear,Batch1,7,4,870.0,870.8205631752503,0.09431760635060914
S6_ridge_0.1,Batch1,11,1,788.0,809.9544285980422,2.7860949997515516
S6_ridge_0.1,Batch1,14,2,880.0,832.9196640190196,5.350038179656864
S6_ridge_0.1,Batch1,15,3,719.0,797.762698577728,10.954478244468424
S6_ridge_0.1,Batch1,16,3,862.0,1048.6316578602834,21.65100439214425
S6_ridge_0.1,Batch1,17,3,857.0,851.2771489175946,0.667777255823272
S6_ridge_0.1,Batch1,18,3,691.0,293.7025381845758,57.49601473450422
S6_ridge_0.1,Batch1,19,5,788.0,685.3203806943424,13.03040854132711
S6_ridge_0.1,Batch1,20,5,534.0,580.87000796653,8.777155049911988
S6_ridge_0.1,Batch1,21,1,559.0,553.5301411317279,0.9785078476336542
S6_ridge_0.1,Batch1,23,1,1014.0,942.0034888557793,7.1002476473590415
S6_ridge_0.1,Batch1,24,5,1017.0,841.0673793047648,17.29917607622765
S6_ridge_0.1,Batch1,25,2,854.0,957.0396114369144,12.065528271301446
S6_ridge_0.1,Batch1,28,1,860.0,807.1291060252647,6.147778369155265
S6_ridge_0.1,Batch1,29,2,917.0,833.2490213905066,9.13314924858161
S6_ridge_0.1,Batch1,31,5,876.0,1006.8249397555256,14.934353853370506
S6_ridge_0.1,Batch1,32,2,731.0,667.085089490584,8.743489809769633
S6_ridge_0.1,Batch1,33,3,757.0,855.757434321121,13.045896211508714
S6_ridge_0.1,Batch1,34,2,742.0,810.2051533935904,9.19206919051084
S6_ridge_0.1,Batch1,36,4,704.0,762.9256449308192,8.370120018582272
S6_ridge_0.1,Batch1,37,5,648.0,727.8485307045797,12.322304121077119
S6_ridge_0.1,Batch1,38,4,617.0,527.5854097405609,14.491829863766473
S6_ridge_0.1,Batch1,39,1,625.0,653.2209533251954,4.515352532031265
S6_ridge_0.1,Batch1,41,2,1051.0,1035.5025291004968,1.4745452806377966
S6_ridge_0.1,Batch1,42,3,702.0,758.7110151745568,8.078492190107806
S6_ridge_0.1,Batch1,43,4,651.0,647.4476387250227,0.5456776152038908
S6_ridge_0.1,Batch1,5,1,1074.0,973.6060896963178,9.34766390164639
S6_ridge_0.1,Batch1,6,4,636.0,799.1053246131166,25.64549129137054
S6_ridge_0.1,Batch1,7,4,870.0,927.6947986246432,6.631586048809567
S6_ridge_1,Batch1,11,1,788.0,815.2489296157567,3.457985991847291
S6_ridge_1,Batch1,14,2,880.0,837.1240826774541,4.872263332107487
S6_ridge_1,Batch1,15,3,719.0,792.137405054074,10.172100842013068
S6_ridge_1,Batch1,16,3,862.0,987.3055020034278,14.536601160490468
S6_ridge_1,Batch1,17,3,857.0,836.8036662252729,2.356631712336887
S6_ridge_1,Batch1,18,3,691.0,528.9792274327716,23.447289807124225
S6_ridge_1,Batch1,19,5,788.0,701.4165472742992,10.987747807830049
S6_ridge_1,Batch1,20,5,534.0,568.6678273115297,6.4921024927958175
S6_ridge_1,Batch1,21,1,559.0,548.7112102604563,1.8405706153029955
S6_ridge_1,Batch1,23,1,1014.0,928.7816256883762,8.404178926195646
S6_ridge_1,Batch1,24,5,1017.0,856.4975704987875,15.781949803462393
S6_ridge_1,Batch1,25,2,854.0,931.4309727970922,9.06685864134569
S6_ridge_1,Batch1,28,1,860.0,804.9110904582074,6.405687156022401
S6_ridge_1,Batch1,29,2,917.0,832.2824862024368,9.238551122962186
S6_ridge_1,Batch1,31,5,876.0,1013.8839744792409,15.740179735073164
S6_ridge_1,Batch1,32,2,731.0,679.7608463101673,7.009460149087925
S6_ridge_1,Batch1,33,3,757.0,832.9589848523754,10.034212001634788
S6_ridge_1,Batch1,34,2,742.0,802.6514458419821,8.174049304849337
S6_ridge_1,Batch1,36,4,704.0,772.7149457134516,9.760645697933462
S6_ridge_1,Batch1,37,5,648.0,735.6275923651275,13.522776599556712
S6_ridge_1,Batch1,38,4,617.0,553.1578601337013,10.347186364067857
S6_ridge_1,Batch1,39,1,625.0,653.4031473543295,4.544503576692714
S6_ridge_1,Batch1,41,2,1051.0,993.657772407602,5.455968372254804
S6_ridge_1,Batch1,42,3,702.0,753.460227192147,7.3305166940380415
S6_ridge_1,Batch1,43,4,651.0,662.1304603964394,1.7097481407740998
S6_ridge_1,Batch1,5,1,1074.0,955.349154288838,11.047564777575605
S6_ridge_1,Batch1,6,4,636.0,774.2096575102372,21.731078224880065
S6_ridge_1,Batch1,7,4,870.0,899.3563657843476,3.374294917741109
S6_ridge_10,Batch1,11,1,788.0,832.2044083350493,5.60969648921945
S6_ridge_10,Batch1,14,2,880.0,843.4131481081688,4.157596805889909
S6_ridge_10,Batch1,15,3,719.0,810.1083045742904,12.671530538844284
S6_ridge_10,Batch1,16,3,862.0,914.4021078656546,6.07913084288336
S6_ridge_10,Batch1,17,3,857.0,824.6639459532257,3.7731685002070336
S6_ridge_10,Batch1,18,3,691.0,788.8756569720181,14.164349778873817
S6_ridge_10,Batch1,19,5,788.0,713.4446103793351,9.461343860490466
S6_ridge_10,Batch1,20,5,534.0,548.2714178504353,2.6725501592575545
S6_ridge_10,Batch1,21,1,559.0,573.9914715758999,2.6818374912164464
S6_ridge_10,Batch1,23,1,1014.0,883.8372364803015,12.836564449674407
S6_ridge_10,Batch1,24,5,1017.0,854.4170505056431,15.986524040743053
S6_ridge_10,Batch1,25,2,854.0,860.0806796507175,0.7120233783041519
S6_ridge_10,Batch1,28,1,860.0,794.6149537139682,7.602912358840902
S6_ridge_10,Batch1,29,2,917.0,816.0059491877302,11.013527896648839
S6_ridge_10,Batch1,31,5,876.0,933.0564503338695,6.513293417108393
S6_ridge_10,Batch1,32,2,731.0,709.8489988223697,2.893433813629315
S6_ridge_10,Batch1,33,3,757.0,771.1125314412279,1.8642709961991981
S6_ridge_10,Batch1,34,2,742.0,790.3049736710939,6.510104268341493
S6_ridge_10,Batch1,36,4,704.0,805.5645458032608,14.426782074326816
S6_ridge_10,Batch1,37,5,648.0,752.4032492208192,16.111612534077047
S6_ridge_10,Batch1,38,4,617.0,635.145667448908,2.9409509641666034
S6_ridge_10,Batch1,39,1,625.0,680.3700375029694,8.859206000475096
S6_ridge_10,Batch1,41,2,1051.0,897.6415349583458,14.591671269424758
S6_ridge_10,Batch1,42,3,702.0,750.1300112917802,6.856126964641053
S6_ridge_10,Batch1,43,4,651.0,713.8158880198026,9.649137944670143
S6_ridge_10,Batch1,5,1,1074.0,919.550242119058,14.380796823178956
S6_ridge_10,Batch1,6,4,636.0,764.5577879974521,20.213488678844673
S6_ridge_10,Batch1,7,4,870.0,836.5582141649745,3.843883429313274
S6_elasticnet_0.001_0.1,Batch1,11,1,788.0,809.9400411605111,2.784269182805977
S6_elasticnet_0.001_0.1,Batch1,14,2,880.0,833.8267318365263,5.246962291303832
S6_elasticnet_0.001_0.1,Batch1,15,3,719.0,796.5161393304468,10.781104218420971
S6_elasticnet_0.001_0.1,Batch1,16,3,862.0,1059.7120776176625,22.93643591852234
S6_elasticnet_0.001_0.1,Batch1,17,3,857.0,850.3765059496152,0.77286978417559
S6_elasticnet_0.001_0.1,Batch1,18,3,691.0,285.6741228614103,58.65786933988274
S6_elasticnet_0.001_0.1,Batch1,19,5,788.0,682.6875946458346,13.364518445960082
S6_elasticnet_0.001_0.1,Batch1,20,5,534.0,575.9337016237022,7.852753113052843
S6_elasticnet_0.001_0.1,Batch1,21,1,559.0,556.3853870787456,0.4677303973621527
S6_elasticnet_0.001_0.1,Batch1,23,1,1014.0,942.1979653795727,7.081068503000722
S6_elasticnet_0.001_0.1,Batch1,24,5,1017.0,838.6295118931986,17.5388877194495
S6_elasticnet_0.001_0.1,Batch1,25,2,854.0,959.1100953023173,12.307973688795936
S6_elasticnet_0.001_0.1,Batch1,28,1,860.0,806.7318266554889,6.1939736447105895
S6_elasticnet_0.001_0.1,Batch1,29,2,917.0,832.3085932639651,9.235704115161928
S6_elasticnet_0.001_0.1,Batch1,31,5,876.0,997.4004831165274,13.858502638872995
S6_elasticnet_0.001_0.1,Batch1,32,2,731.0,665.5838889813302,8.948852396534852
S6_elasticnet_0.001_0.1,Batch1,33,3,757.0,856.7769414768662,13.180573510814561
S6_elasticnet_0.001_0.1,Batch1,34,2,742.0,810.9910388580616,9.297983673593214
S6_elasticnet_0.001_0.1,Batch1,36,4,704.0,759.0007384471522,7.812604893061397
S6_elasticnet_0.001_0.1,Batch1,37,5,648.0,726.6422193140481,12.136144955871625
S6_elasticnet_0.001_0.1,Batch1,38,4,617.0,523.2216080251511,15.199091081823159
S6_elasticnet_0.001_0.1,Batch1,39,1,625.0,654.7720718043887,4.763531488702192
S6_elasticnet_0.001_0.1,Batch1,41,2,1051.0,1040.2742347252238,1.0205295218626282
S6_elasticnet_0.001_0.1,Batch1,42,3,702.0,759.0370471582057,8.124935492621898
S6_elasticnet_0.001_0.1,Batch1,43,4,651.0,646.2736999728866,0.726006148558132
S6_elasticnet_0.001_0.1,Batch1,5,1,1074.0,974.7304323673039,9.242976502113228
S6_elasticnet_0.001_0.1,Batch1,6,4,636.0,808.8162004090711,27.1723585548854
S6_elasticnet_0.001_0.1,Batch1,7,4,870.0,936.8936273461903,7.688922683470153
S6_elasticnet_0.001_0.5,Batch1,11,1,788.0,811.7091186002684,3.0087713959731506
S6_elasticnet_0.001_0.5,Batch1,14,2,880.0,835.1001059890692,5.102260683060316
S6_elasticnet_0.001_0.5,Batch1,15,3,719.0,801.7137880462021,11.504003900723523
S6_elasticnet_0.001_0.5,Batch1,16,3,862.0,1039.441965187467,20.584914754926572
S6_elasticnet_0.001_0.5,Batch1,17,3,857.0,856.2366428608493,0.08907317843065167
S6_elasticnet_0.001_0.5,Batch1,18,3,691.0,377.1137209830862,45.4249318403638
S6_elasticnet_0.001_0.5,Batch1,19,5,788.0,694.2599445658968,11.895946121079081
S6_elasticnet_0.001_0.5,Batch1,20,5,534.0,568.9616082049197,6.547117641370727
S6_elasticnet_0.001_0.5,Batch1,21,1,559.0,560.553715408017,0.2779455112731585
S6_elasticnet_0.001_0.5,Batch1,23,1,1014.0,935.3798757103987,7.753463933885733
S6_elasticnet_0.001_0.5,Batch1,24,5,1017.0,849.2413991838948,16.49543764170159
S6_elasticnet_0.001_0.5,Batch1,25,2,854.0,949.1555305629188,11.142333789568946
S6_elasticnet_0.001_0.5,Batch1,28,1,860.0,804.7320381451698,6.426507192422118
S6_elasticnet_0.001_0.5,Batch1,29,2,917.0,832.4520209359619,9.220063147659559
S6_elasticnet_0.001_0.5,Batch1,31,5,876.0,1008.5748913351376,15.13412001542667
S6_elasticnet_0.001_0.5,Batch1,32,2,731.0,671.311165610622,8.165367221529142
S6_elasticnet_0.001_0.5,Batch1,33,3,757.0,848.1372159243581,12.039262341394728
S6_elasticnet_0.001_0.5,Batch1,34,2,742.0,808.5955719571614,8.975144468620133
S6_elasticnet_0.001_0.5,Batch1,36,4,704.0,760.748279063072,8.060835094186364
S6_elasticnet_0.001_0.5,Batch1,37,5,648.0,728.5939186409337,12.437333123600876
S6_elasticnet_0.001_0.5,Batch1,38,4,617.0,535.272408489837,13.245962967611517
S6_elasticnet_0.001_0.5,Batch1,39,1,625.0,658.3242460130903,5.331879362094441
S6_elasticnet_0.001_0.5,Batch1,41,2,1051.0,1022.1607573245419,2.743981225067372
S6_elasticnet_0.001_0.5,Batch1,42,3,702.0,753.8734211136064,7.3893762270094525
S6_elasticnet_0.001_0.5,Batch1,43,4,651.0,653.6118297944428,0.4012027334013471
S6_elasticnet_0.001_0.5,Batch1,5,1,1074.0,970.4605358366874,9.640546011481618
S6_elasticnet_0.001_0.5,Batch1,6,4,636.0,795.410843569234,25.06459804547704
S6_elasticnet_0.001_0.5,Batch1,7,4,870.0,921.7675709014127,5.950295505909503
S6_elasticnet_0.01_0.1,Batch1,11,1,788.0,814.204398869577,3.3254313286265162
S6_elasticnet_0.01_0.1,Batch1,14,2,880.0,842.904028966643,4.215451253790573
S6_elasticnet_0.01_0.1,Batch1,15,3,719.0,794.1904970051241,10.457649096679297
S6_elasticnet_0.01_0.1,Batch1,16,3,862.0,1008.6259124362223,17.00996663993298
S6_elasticnet_0.01_0.1,Batch1,17,3,857.0,842.9325248792456,1.6414790105897727
S6_elasticnet_0.01_0.1,Batch1,18,3,691.0,723.2813716665888,4.671689097914446
S6_elasticnet_0.01_0.1,Batch1,19,5,788.0,699.2154204563572,11.267078622289702
S6_elasticnet_0.01_0.1,Batch1,20,5,534.0,554.7579305076089,3.887252904046606
S6_elasticnet_0.01_0.1,Batch1,21,1,559.0,562.2351947591462,0.5787468263231171
S6_elasticnet_0.01_0.1,Batch1,23,1,1014.0,927.4186659115766,8.538593105367202
S6_elasticnet_0.01_0.1,Batch1,24,5,1017.0,851.1199686959673,16.310720875519443
S6_elasticnet_0.01_0.1,Batch1,25,2,854.0,934.1242115646324,9.38222617852839
S6_elasticnet_0.01_0.1,Batch1,28,1,860.0,803.7320589592109,6.542783841952219
S6_elasticnet_0.01_0.1,Batch1,29,2,917.0,828.3773931764863,9.66440641477794
S6_elasticnet_0.01_0.1,Batch1,31,5,876.0,993.5141686814807,13.41485943852519
S6_elasticnet_0.01_0.1,Batch1,32,2,731.0,677.8398599952071,7.272248974663869
S6_elasticnet_0.01_0.1,Batch1,33,3,757.0,834.0423845495731,10.177329530987194
S6_elasticnet_0.01_0.1,Batch1,34,2,742.0,803.433376368305,8.279430777399588
S6_elasticnet_0.01_0.1,Batch1,36,4,704.0,767.2726984014782,8.987599204755432
S6_elasticnet_0.01_0.1,Batch1,37,5,648.0,731.2297561101766,12.84409816515071
S6_elasticnet_0.01_0.1,Batch1,38,4,617.0,558.7992325575499,9.432863442860635
S6_elasticnet_0.01_0.1,Batch1,39,1,625.0,660.4429520497242,5.670872327955876
S6_elasticnet_0.01_0.1,Batch1,41,2,1051.0,1000.6662916420399,4.789125438435781
S6_elasticnet_0.01_0.1,Batch1,42,3,702.0,751.3240081076451,7.0262119811460275
S6_elasticnet_0.01_0.1,Batch1,43,4,651.0,666.2631156247479,2.344564612096453
S6_elasticnet_0.01_0.1,Batch1,5,1,1074.0,960.7476526536665,10.544911298541296
S6_elasticnet_0.01_0.1,Batch1,6,4,636.0,769.0480998061632,20.919512548138872
S6_elasticnet_0.01_0.1,Batch1,7,4,870.0,893.3791945138352,2.687263737222432
S6_elasticnet_0.01_0.5,Batch1,11,1,788.0,828.5608696591205,5.147318484659962
S6_elasticnet_0.01_0.5,Batch1,14,2,880.0,854.210510965057,2.9306237539707976
S6_elasticnet_0.01_0.5,Batch1,15,3,719.0,811.6310056336712,12.883310936532848
S6_elasticnet_0.01_0.5,Batch1,16,3,862.0,987.59727369407,14.570449384462885
S6_elasticnet_0.01_0.5,Batch1,17,3,857.0,843.0221127589472,1.631025349014332
S6_elasticnet_0.01_0.5,Batch1,18,3,691.0,663.4464291223521,3.9874921675322534
S6_elasticnet_0.01_0.5,Batch1,19,5,788.0,707.2656406614867,10.245477073415392
S6_elasticnet_0.01_0.5,Batch1,20,5,534.0,559.8010156114216,4.831650863562093
S6_elasticnet_0.01_0.5,Batch1,21,1,559.0,582.2622948912348,4.1614123240133765
S6_elasticnet_0.01_0.5,Batch1,23,1,1014.0,901.6266443832715,11.082184972063958
S6_elasticnet_0.01_0.5,Batch1,24,5,1017.0,842.7119073672798,17.13747223527239
S6_elasticnet_0.01_0.5,Batch1,25,2,854.0,896.6793770057258,4.997585129476085
S6_elasticnet_0.01_0.5,Batch1,28,1,860.0,801.1207064326921,6.84642948457068
S6_elasticnet_0.01_0.5,Batch1,29,2,917.0,813.6388056718785,11.27166786566211
S6_elasticnet_0.01_0.5,Batch1,31,5,876.0,927.7038881607317,5.902270337983072
S6_elasticnet_0.01_0.5,Batch1,32,2,731.0,694.1754517353687,5.037557902138343
S6_elasticnet_0.01_0.5,Batch1,33,3,757.0,806.0278243625808,6.476595028082002
S6_elasticnet_0.01_0.5,Batch1,34,2,742.0,797.483182355989,7.477517837734368
S6_elasticnet_0.01_0.5,Batch1,36,4,704.0,767.2726892554695,8.987597905606457
S6_elasticnet_0.01_0.5,Batch1,37,5,648.0,729.6787866411141,12.604751024863292
S6_elasticnet_0.01_0.5,Batch1,38,4,617.0,602.4080941066449,2.3649766439797646
S6_elasticnet_0.01_0.5,Batch1,39,1,625.0,671.1088597622352,7.377417561957627
S6_elasticnet_0.01_0.5,Batch1,41,2,1051.0,948.4277105443329,9.759494715096778
S6_elasticnet_0.01_0.5,Batch1,42,3,702.0,742.9959552410927,5.83987966397332
S6_elasticnet_0.01_0.5,Batch1,43,4,651.0,694.0067133295095,6.606253967666585
S6_elasticnet_0.01_0.5,Batch1,5,1,1074.0,933.9415976392057,13.040819586666133
S6_elasticnet_0.01_0.5,Batch1,6,4,636.0,769.0428701534753,20.91869027570366
S6_elasticnet_0.01_0.5,Batch1,7,4,870.0,861.050138343676,1.028719730611948
S6_elasticnet_0.1_0.1,Batch1,11,1,788.0,838.0078528969883,6.3461742255061315
S6_elasticnet_0.1_0.1,Batch1,14,2,880.0,851.8516817310687,3.1986725305603803
S6_elasticnet_0.1_0.1,Batch1,15,3,719.0,831.4296093809947,15.636941499442942
S6_elasticnet_0.1_0.1,Batch1,16,3,862.0,943.9338734097051,9.505089722703612
S6_elasticnet_0.1_0.1,Batch1,17,3,857.0,844.9856592840435,1.4019067346506944
S6_elasticnet_0.1_0.1,Batch1,18,3,691.0,679.6925581302656,1.6363881142886196
S6_elasticnet_0.1_0.1,Batch1,19,5,788.0,717.2321596019838,8.980690405839624
S6_elasticnet_0.1_0.1,Batch1,20,5,534.0,593.292393061442,11.103444393528465
S6_elasticnet_0.1_0.1,Batch1,21,1,559.0,600.5800096019163,7.438284365280205
S6_elasticnet_0.1_0.1,Batch1,23,1,1014.0,875.1454104666548,13.693746502302291
S6_elasticnet_0.1_0.1,Batch1,24,5,1017.0,835.1987626464015,17.876227861710767
S6_elasticnet_0.1_0.1,Batch1,25,2,854.0,866.4235965595601,1.454753695498842
S6_elasticnet_0.1_0.1,Batch1,28,1,860.0,793.5942346327097,7.721600624103525
S6_elasticnet_0.1_0.1,Batch1,29,2,917.0,798.4894157351588,12.923727836951059
S6_elasticnet_0.1_0.1,Batch1,31,5,876.0,862.3893992361578,1.5537215483838096
S6_elasticnet_0.1_0.1,Batch1,32,2,731.0,707.5793189207436,3.203923540253951
S6_elasticnet_0.1_0.1,Batch1,33,3,757.0,781.8098234279117,3.2773875069896614
S6_elasticnet_0.1_0.1,Batch1,34,2,742.0,786.9856046592884,6.062749954081989
S6_elasticnet_0.1_0.1,Batch1,36,4,704.0,760.9288970975025,8.08649106498615
S6_elasticnet_0.1_0.1,Batch1,37,5,648.0,733.8981867198297,13.255893012319401
S6_elasticnet_0.1_0.1,Batch1,38,4,617.0,630.1917695672988,2.1380501729819805
S6_elasticnet_0.1_0.1,Batch1,39,1,625.0,678.1242925588964,8.499886809423423
S6_elasticnet_0.1_0.1,Batch1,41,2,1051.0,898.1384051356698,14.544395324864908
S6_elasticnet_0.1_0.1,Batch1,42,3,702.0,741.3718467780247,5.608525182054807
S6_elasticnet_0.1_0.1,Batch1,43,4,651.0,715.0812172401957,9.843504952411006
S6_elasticnet_0.1_0.1,Batch1,5,1,1074.0,908.7995278479754,15.381794427562815
S6_elasticnet_0.1_0.1,Batch1,6,4,636.0,774.0319556802522,21.70313768557424
S6_elasticnet_0.1_0.1,Batch1,7,4,870.0,833.6825220846075,4.174422748895688
S6_elasticnet_0.1_0.5,Batch1,11,1,788.0,784.0816502584094,0.49725250527800074
S6_elasticnet_0.1_0.5,Batch1,14,2,880.0,784.7673021455615,10.821897483458917
S6_elasticnet_0.1_0.5,Batch1,15,3,719.0,820.0144753687334,14.049301163940672
S6_elasticnet_0.1_0.5,Batch1,16,3,862.0,833.091349752801,3.353671722412881
S6_elasticnet_0.1_0.5,Batch1,17,3,857.0,811.1312389339441,5.352247498956344
S6_elasticnet_0.1_0.5,Batch1,18,3,691.0,755.1149638091905,9.278576528102823
S6_elasticnet_0.1_0.5,Batch1,19,5,788.0,760.0489116341289,3.547092432217145
S6_elasticnet_0.1_0.5,Batch1,20,5,534.0,738.6898717859253,38.33143666403097
S6_elasticnet_0.1_0.5,Batch1,21,1,559.0,742.2803319564682,32.78717924087088
S6_elasticnet_0.1_0.5,Batch1,23,1,1014.0,777.7273206389082,23.301053191429176
S6_elasticnet_0.1_0.5,Batch1,24,5,1017.0,787.8776825562162,22.529234753567728
S6_elasticnet_0.1_0.5,Batch1,25,2,854.0,782.4514955249462,8.378045020498108
S6_elasticnet_0.1_0.5,Batch1,28,1,860.0,769.6081684078858,10.510678092106298
S6_elasticnet_0.1_0.5,Batch1,29,2,917.0,760.9824875790645,17.013905389414997
S6_elasticnet_0.1_0.5,Batch1,31,5,876.0,773.7027281764633,11.677770756111494
S6_elasticnet_0.1_0.5,Batch1,32,2,731.0,739.2836858470226,1.1331991582794307
S6_elasticnet_0.1_0.5,Batch1,33,3,757.0,756.6544716834406,0.04564442755077316
S6_elasticnet_0.1_0.5,Batch1,34,2,742.0,761.7573097915072,2.6627102144888366
S6_elasticnet_0.1_0.5,Batch1,36,4,704.0,776.4219610035149,10.287210369817451
S6_elasticnet_0.1_0.5,Batch1,37,5,648.0,764.6959892234139,18.00864031225523
S6_elasticnet_0.1_0.5,Batch1,38,4,617.0,747.3389776670851,21.124631712655614
S6_elasticnet_0.1_0.5,Batch1,39,1,625.0,753.0721154889637,20.491538478234197
S6_elasticnet_0.1_0.5,Batch1,41,2,1051.0,787.0734392034723,25.111946793199593
S6_elasticnet_0.1_0.5,Batch1,42,3,702.0,756.6707898753239,7.78786180560169
S6_elasticnet_0.1_0.5,Batch1,43,4,651.0,776.4039523798778,19.263279935465093
S6_elasticnet_0.1_0.5,Batch1,5,1,1074.0,783.2174838705585,27.07472217220126
S6_elasticnet_0.1_0.5,Batch1,6,4,636.0,792.5144764390706,24.609194408658894
S6_elasticnet_0.1_0.5,Batch1,7,4,870.0,793.0993959831161,8.839149886998149
S7_linear,Batch1,11,1,788.0,833.2487236322145,5.742223811194731
S7_linear,Batch1,14,2,880.0,762.3750912581438,13.366466902483658
S7_linear,Batch1,15,3,719.0,770.1728763986549,7.117228984513897
S7_linear,Batch1,16,3,862.0,1088.6588772710375,26.294533326106432
S7_linear,Batch1,17,3,857.0,804.6309270222004,6.110743638016294
S7_linear,Batch1,18,3,691.0,248.60443510131861,64.02251300993942
S7_linear,Batch1,19,5,788.0,683.3194109021688,13.284338717998885
S7_linear,Batch1,20,5,534.0,574.7698133791761,7.6347965129543205
S7_linear,Batch1,21,1,559.0,590.614488914241,5.65554363403237
S7_linear,Batch1,23,1,1014.0,1042.1325021912292,2.774408500121218
S7_linear,Batch1,24,5,1017.0,841.1687327218747,17.289210155174562
S7_linear,Batch1,25,2,854.0,954.1649117526069,11.728912383209243
S7_linear,Batch1,28,1,860.0,805.9124020210942,6.289255578942536
S7_linear,Batch1,29,2,917.0,859.2382305049456,6.298993401859805
S7_linear,Batch1,31,5,876.0,991.4610312617526,13.180483020748015
S7_linear,Batch1,32,2,731.0,659.1743165818635,9.825674886201979
S7_linear,Batch1,33,3,757.0,895.2622215090499,18.26449425482826
S7_linear,Batch1,34,2,742.0,786.0786434886342,5.940517990381961
S7_linear,Batch1,36,4,704.0,731.8979451717853,3.9627763028104113
S7_linear,Batch1,37,5,648.0,730.9205589437541,12.79638255304848
S7_linear,Batch1,38,4,617.0,535.9190228514842,13.141163233146806
S7_linear,Batch1,39,1,625.0,691.6632921891527,10.66612675026443
S7_linear,Batch1,41,2,1051.0,838.9061946917304,20.18019080002565
S7_linear,Batch1,42,3,702.0,731.1239296115235,4.148707921869447
S7_linear,Batch1,43,4,651.0,688.0294053555378,5.688080699775399
S7_linear,Batch1,5,1,1074.0,845.5772335830824,21.268414005299594
S7_linear,Batch1,6,4,636.0,1087.5807970006415,71.00326996865432
S7_linear,Batch1,7,4,870.0,1037.8517456242064,19.293304094736364
S7_ridge_0.1,Batch1,11,1,788.0,831.0953826628123,5.4689571907122225
S7_ridge_0.1,Batch1,14,2,880.0,766.7867650429716,12.86514033602595
S7_ridge_0.1,Batch1,15,3,719.0,812.2401632135026,12.96803382663457
S7_ridge_0.1,Batch1,16,3,862.0,1051.7336373917951,22.01086280647275
S7_ridge_0.1,Batch1,17,3,857.0,851.6226860164842,0.6274578743892437
S7_ridge_0.1,Batch1,18,3,691.0,267.8823218379093,61.232659647191134
S7_ridge_0.1,Batch1,19,5,788.0,695.8979284572904,11.688080145013908
S7_ridge_0.1,Batch1,20,5,534.0,579.7711268903529,8.57137207684511
S7_ridge_0.1,Batch1,21,1,559.0,570.2019967050137,2.003935009841449
S7_ridge_0.1,Batch1,23,1,1014.0,1011.4808770854992,0.24843421247542669
S7_ridge_0.1,Batch1,24,5,1017.0,849.5387995758678,16.46619473196974
S7_ridge_0.1,Batch1,25,2,854.0,956.0553888513404,11.950279724981307
S7_ridge_0.1,Batch1,28,1,860.0,810.1174070860094,5.800301501626815
S7_ridge_0.1,Batch1,29,2,917.0,860.1581964030764,6.198669966949135
S7_ridge_0.1,Batch1,31,5,876.0,1020.1424526711631,16.454617884835976
S7_ridge_0.1,Batch1,32,2,731.0,660.6754125025667,9.620326607036018
S7_ridge_0.1,Batch1,33,3,757.0,905.9334584259163,19.67416888057019
S7_ridge_0.1,Batch1,34,2,742.0,792.8727187364489,6.856161554777475
S7_ridge_0.1,Batch1,36,4,704.0,752.6976444109466,6.917279035645827
S7_ridge_0.1,Batch1,37,5,648.0,728.4932773669716,12.42180206280426
S7_ridge_0.1,Batch1,38,4,617.0,536.2499974474459,13.08752067302335
S7_ridge_0.1,Batch1,39,1,625.0,677.113781468088,8.338205034894072
S7_ridge_0.1,Batch1,41,2,1051.0,850.7371396395419,19.054506218882793
S7_ridge_0.1,Batch1,42,3,702.0,723.8780074668399,3.1165252801766243
S7_ridge_0.1,Batch1,43,4,651.0,627.6637281301497,3.584680778778847
S7_ridge_0.1,Batch1,5,1,1074.0,856.1239003121691,20.286415240952596
S7_ridge_0.1,Batch1,6,4,636.0,845.8211647929419,32.99074918128017
S7_ridge_0.1,Batch1,7,4,870.0,988.6321246567643,13.635876397329227
S7_ridge_1,Batch1,11,1,788.0,828.5779313064555,5.14948366833192
S7_ridge_1,Batch1,14,2,880.0,812.1436969488168,7.710943528543546
S7_ridge_1,Batch1,15,3,719.0,801.0246375656969,11.408155433337544
S7_ridge_1,Batch1,16,3,862.0,983.6834578052008,14.116410418236747
S7_ridge_1,Batch1,17,3,857.0,836.9459373608544,2.34003064634138
S7_ridge_1,Batch1,18,3,691.0,504.52681302174267,26.985989432454026
S7_ridge_1,Batch1,19,5,788.0,707.0873303517651,10.268105285308996
S7_ridge_1,Batch1,20,5,534.0,569.2522953661402,6.6015534393520925
S7_ridge_1,Batch1,21,1,559.0,545.9957504934814,2.326341593294918
S7_ridge_1,Batch1,23,1,1014.0,951.4355006012863,6.170068974232119
S7_ridge_1,Batch1,24,5,1017.0,862.4727939358648,15.19441554219618
S7_ridge_1,Batch1,25,2,854.0,938.3361689096549,9.875429614713692
S7_ridge_1,Batch1,28,1,860.0,814.8141152095708,5.254172650049908
S7_ridge_1,Batch1,29,2,917.0,846.4774517745432,7.690572325567811
S7_ridge_1,Batch1,31,5,876.0,1034.9618470349071,18.146329570194876
S7_ridge_1,Batch1,32,2,731.0,678.5432060334126,7.176032006373103
S7_ridge_1,Batch1,33,3,757.0,861.2529265785677,13.77185291658754
S7_ridge_1,Batch1,34,2,742.0,787.2325612145534,6.0960325086999125
S7_ridge_1,Batch1,36,4,704.0,764.5422127250939,8.599746125723568
S7_ridge_1,Batch1,37,5,648.0,733.059926478561,13.126531863975465
S7_ridge_1,Batch1,38,4,617.0,556.4008335902824,9.821582886502036
S7_ridge_1,Batch1,39,1,625.0,657.4405255291522,5.190484084664349
S7_ridge_1,Batch1,41,2,1051.0,889.7979419641863,15.337969365919479
S7_ridge_1,Batch1,42,3,702.0,725.0527714181366,3.2838705723841253
S7_ridge_1,Batch1,43,4,651.0,636.415007226841,2.2403982754468514
S7_ridge_1,Batch1,5,1,1074.0,897.0226646950748,16.478336620570314
S7_ridge_1,Batch1,6,4,636.0,795.8626163238551,25.1356314974615
S7_ridge_1,Batch1,7,4,870.0,936.6561427020598,7.661625597937909
S7_ridge_10,Batch1,11,1,788.0,839.9964351375995,6.59853237786796
S7_ridge_10,Batch1,14,2,880.0,847.5432717425155,3.6882645747141525
S7_ridge_10,Batch1,15,3,719.0,816.1583910624147,13.51298902119815
S7_ridge_10,Batch1,16,3,862.0,914.457572042202,6.085565202111595
S7_ridge_10,Batch1,17,3,857.0,826.6539656561422,3.540960833589009
S7_ridge_10,Batch1,18,3,691.0,807.3154916457133,16.832922090551858
S7_ridge_10,Batch1,19,5,788.0,718.0140845779272,8.881461347978785
S7_ridge_10,Batch1,20,5,534.0,548.0339123701208,2.6280734775507093
S7_ridge_10,Batch1,21,1,559.0,564.7592592039762,1.0302789273660413
S7_ridge_10,Batch1,23,1,1014.0,887.8080332392266,12.44496713617095
S7_ridge_10,Batch1,24,5,1017.0,860.4328275398095,15.395002208474974
S7_ridge_10,Batch1,25,2,854.0,865.5140740292551,1.3482522282500098
S7_ridge_10,Batch1,28,1,860.0,802.6948259348637,6.663392333155381
S7_ridge_10,Batch1,29,2,917.0,823.9278878281931,10.149630553086904
S7_ridge_10,Batch1,31,5,876.0,933.7813878708283,6.5960488437018645
S7_ridge_10,Batch1,32,2,731.0,716.0992410767441,2.0384075134413027
S7_ridge_10,Batch1,33,3,757.0,781.2068245620703,3.197731117842843
S7_ridge_10,Batch1,34,2,742.0,771.5471835969852,3.982100215227113
S7_ridge_10,Batch1,36,4,704.0,796.7317566304893,13.172124521376315
S7_ridge_10,Batch1,37,5,648.0,751.3872230009019,15.954818364336719
S7_ridge_10,Batch1,38,4,617.0,631.1968225878859,2.300943693336449
S7_ridge_10,Batch1,39,1,625.0,678.9357669315323,8.629722709045163
S7_ridge_10,Batch1,41,2,1051.0,844.4683236880201,19.650968250426256
S7_ridge_10,Batch1,42,3,702.0,734.2579818417929,4.595154108517509
S7_ridge_10,Batch1,43,4,651.0,695.3413887977158,6.81127324081656
S7_ridge_10,Batch1,5,1,1074.0,897.323687929649,16.450308386438635
S7_ridge_10,Batch1,6,4,636.0,771.025820351374,21.230474898014783
S7_ridge_10,Batch1,7,4,870.0,847.051075319932,2.6378074344905733
S7_elasticnet_0.001_0.1,Batch1,11,1,788.0,831.8921370931168,5.57006815902498
S7_elasticnet_0.001_0.1,Batch1,14,2,880.0,764.7500982018612,13.096579749788502
S7_elasticnet_0.001_0.1,Batch1,15,3,719.0,813.790659757875,13.183680077590404
S7_elasticnet_0.001_0.1,Batch1,16,3,862.0,1065.7352369987425,23.63517830611862
S7_elasticnet_0.001_0.1,Batch1,17,3,857.0,853.6615535828989,0.38955034038518876
S7_elasticnet_0.001_0.1,Batch1,18,3,691.0,293.45009179558997,57.532548220609264
S7_elasticnet_0.001_0.1,Batch1,19,5,788.0,693.352334872037,12.011125016238964
S7_elasticnet_0.001_0.1,Batch1,20,5,534.0,575.8111535810145,7.829804041388489
S7_elasticnet_0.001_0.1,Batch1,21,1,559.0,571.3050916946365,2.201268639469862
S7_elasticnet_0.001_0.1,Batch1,23,1,1014.0,1019.8824204077149,0.5801203557904244
S7_elasticnet_0.001_0.1,Batch1,24,5,1017.0,844.4040092690442,16.97109053401729
S7_elasticnet_0.001_0.1,Batch1,25,2,854.0,957.0486343777912,12.066584821755415
S7_elasticnet_0.001_0.1,Batch1,28,1,860.0,809.0952533575172,5.919156586335208
S7_elasticnet_0.001_0.1,Batch1,29,2,917.0,860.8559620702698,6.122577745881154
S7_elasticnet_0.001_0.1,Batch1,31,5,876.0,1007.6075901657147,15.023697507501675
S7_elasticnet_0.001_0.1,Batch1,32,2,731.0,659.990355783258,9.714041616517374
S7_elasticnet_0.001_0.1,Batch1,33,3,757.0,910.5472615560668,20.28365410251873
S7_elasticnet_0.001_0.1,Batch1,34,2,742.0,792.9438442803605,6.8657472075957555
S7_elasticnet_0.001_0.1,Batch1,36,4,704.0,748.7534046018178,6.3570176991218466
S7_elasticnet_0.001_0.1,Batch1,37,5,648.0,728.8097747306787,12.470644248561523
S7_elasticnet_0.001_0.1,Batch1,38,4,617.0,532.9038368062597,13.629848167542994
S7_elasticnet_0.001_0.1,Batch1,39,1,625.0,679.8196023688544,8.771136379016697
S7_elasticnet_0.001_0.1,Batch1,41,2,1051.0,847.2229103332343,19.38887627657143
S7_elasticnet_0.001_0.1,Batch1,42,3,702.0,722.5914393279353,2.9332534655178475
S7_elasticnet_0.001_0.1,Batch1,43,4,651.0,628.9033522272097,3.3942623306897595
S7_elasticnet_0.001_0.1,Batch1,5,1,1074.0,850.0595197642739,20.851068923251965
S7_elasticnet_0.001_0.1,Batch1,6,4,636.0,858.0085876231287,34.90701063256741
S7_elasticnet_0.001_0.1,Batch1,7,4,870.0,1000.8650192043392,15.041956230383816
S7_elasticnet_0.001_0.5,Batch1,11,1,788.0,825.2727426291415,4.730043480855517
S7_elasticnet_0.001_0.5,Batch1,14,2,880.0,795.5330094870424,9.598521649199732
S7_elasticnet_0.001_0.5,Batch1,15,3,719.0,813.8563684112364,13.192818972355552
S7_elasticnet_0.001_0.5,Batch1,16,3,862.0,1042.795287006901,20.973931207297092
S7_elasticnet_0.001_0.5,Batch1,17,3,857.0,857.5996958429187,0.0699761777034613
S7_elasticnet_0.001_0.5,Batch1,18,3,691.0,340.4901320926481,50.72501706329261
S7_elasticnet_0.001_0.5,Batch1,19,5,788.0,699.7168569203702,11.20344455325251
S7_elasticnet_0.001_0.5,Batch1,20,5,534.0,573.7850703147942,7.450387699399665
S7_elasticnet_0.001_0.5,Batch1,21,1,559.0,552.8587664936127,1.0986106451497792
S7_elasticnet_0.001_0.5,Batch1,23,1,1014.0,983.4540041998057,3.0124256213209373
S7_elasticnet_0.001_0.5,Batch1,24,5,1017.0,846.3514169127111,16.77960502333224
S7_elasticnet_0.001_0.5,Batch1,25,2,854.0,955.2197314229677,11.852427567092237
S7_elasticnet_0.001_0.5,Batch1,28,1,860.0,819.9063607959972,4.662051070232882
S7_elasticnet_0.001_0.5,Batch1,29,2,917.0,852.073037141036,7.080366723987348
S7_elasticnet_0.001_0.5,Batch1,31,5,876.0,1038.7285753810615,18.57632139053214
S7_elasticnet_0.001_0.5,Batch1,32,2,731.0,669.4376390709295,8.421663601788024
S7_elasticnet_0.001_0.5,Batch1,33,3,757.0,890.8633192673907,17.683397525414886
S7_elasticnet_0.001_0.5,Batch1,34,2,742.0,790.4589472390867,6.530855423057504
S7_elasticnet_0.001_0.5,Batch1,36,4,704.0,752.1815952815211,6.843976602488798
S7_elasticnet_0.001_0.5,Batch1,37,5,648.0,726.8706916999696,12.171403040118765
S7_elasticnet_0.001_0.5,Batch1,38,4,617.0,544.5930894922146,11.735317748425505
S7_elasticnet_0.001_0.5,Batch1,39,1,625.0,665.7790212396076,6.524643398337211
S7_elasticnet_0.001_0.5,Batch1,41,2,1051.0,874.6779887005254,16.776594795382934
S7_elasticnet_0.001_0.5,Batch1,42,3,702.0,726.4069354546388,3.476771432284723
S7_elasticnet_0.001_0.5,Batch1,43,4,651.0,632.9743379054146,2.768918908538466
S7_elasticnet_0.001_0.5,Batch1,5,1,1074.0,906.6065477566154,15.585982518006011
S7_elasticnet_0.001_0.5,Batch1,6,4,636.0,829.817663748294,30.474475432121693
S7_elasticnet_0.001_0.5,Batch1,7,4,870.0,974.6380877178079,12.02736640434574
S7_elasticnet_0.01_0.1,Batch1,11,1,788.0,821.0878100725495,4.198960669105263
S7_elasticnet_0.01_0.1,Batch1,14,2,880.0,828.7683187108041,5.82178196468135
S7_elasticnet_0.01_0.1,Batch1,15,3,719.0,801.6309213237307,11.49247862638814
S7_elasticnet_0.01_0.1,Batch1,16,3,862.0,1007.6211908936407,16.893409616431633
S7_elasticnet_0.01_0.1,Batch1,17,3,857.0,842.0070273209701,1.7494717245075717
S7_elasticnet_0.01_0.1,Batch1,18,3,691.0,762.5192805279651,10.350112956290168
S7_elasticnet_0.01_0.1,Batch1,19,5,788.0,702.2845333812278,10.87759728664622
S7_elasticnet_0.01_0.1,Batch1,20,5,534.0,559.2338589015335,4.725441741860205
S7_elasticnet_0.01_0.1,Batch1,21,1,559.0,551.5913627449776,1.3253376127052643
S7_elasticnet_0.01_0.1,Batch1,23,1,1014.0,932.0161399111232,8.085193302650572
S7_elasticnet_0.01_0.1,Batch1,24,5,1017.0,849.6262062720843,16.45760016990321
S7_elasticnet_0.01_0.1,Batch1,25,2,854.0,944.6769141743977,10.617905641030172
S7_elasticnet_0.01_0.1,Batch1,28,1,860.0,815.4369275365889,5.181752612024549
S7_elasticnet_0.01_0.1,Batch1,29,2,917.0,840.7800047456606,8.311886069175511
S7_elasticnet_0.01_0.1,Batch1,31,5,876.0,1005.8666070689495,14.824955144857253
S7_elasticnet_0.01_0.1,Batch1,32,2,731.0,679.4173666130662,7.056447795750181
S7_elasticnet_0.01_0.1,Batch1,33,3,757.0,860.173676080554,13.62928349809167
S7_elasticnet_0.01_0.1,Batch1,34,2,742.0,786.285114977835,5.968344336635438
S7_elasticnet_0.01_0.1,Batch1,36,4,704.0,763.5440246067265,8.457958040728188
S7_elasticnet_0.01_0.1,Batch1,37,5,648.0,730.9798787387231,12.805536842395536
S7_elasticnet_0.01_0.1,Batch1,38,4,617.0,559.6792578405427,9.29023373735126
S7_elasticnet_0.01_0.1,Batch1,39,1,625.0,660.6916578202837,5.710665251245391
S7_elasticnet_0.01_0.1,Batch1,41,2,1051.0,903.8787045144564,13.998220312611185
S7_elasticnet_0.01_0.1,Batch1,42,3,702.0,728.9314444321388,3.8363880957462744
S7_elasticnet_0.01_0.1,Batch1,43,4,651.0,639.1684232891803,1.8174464993578676
S7_elasticnet_0.01_0.1,Batch1,5,1,1074.0,926.9848887571641,13.68855784383947
S7_elasticnet_0.01_0.1,Batch1,6,4,636.0,795.8364216839254,25.131512843384503
S7_elasticnet_0.01_0.1,Batch1,7,4,870.0,936.4971271321165,7.643347946220285
S7_elasticnet_0.01_0.5,Batch1,11,1,788.0,827.7290411064201,5.041756485586312
S7_elasticnet_0.01_0.5,Batch1,14,2,880.0,851.6929576417907,3.216709358887419
S7_elasticnet_0.01_0.5,Batch1,15,3,719.0,820.8035822282377,14.1590517702695
S7_elasticnet_0.01_0.5,Batch1,16,3,862.0,992.4819621584829,15.137118579870409
S7_elasticnet_0.01_0.5,Batch1,17,3,857.0,846.1692875557123,1.2637937507920252
S7_elasticnet_0.01_0.5,Batch1,18,3,691.0,652.4882690491704,5.573332988542632
S7_elasticnet_0.01_0.5,Batch1,19,5,788.0,707.2656406614867,10.245477073415392
S7_elasticnet_0.01_0.5,Batch1,20,5,534.0,559.8010156114216,4.831650863562093
S7_elasticnet_0.01_0.5,Batch1,21,1,559.0,573.8943079893697,2.664455812051831
S7_elasticnet_0.01_0.5,Batch1,23,1,1014.0,896.7047357347124,11.567580302296612
S7_elasticnet_0.01_0.5,Batch1,24,5,1017.0,842.7119073672798,17.13747223527239
S7_elasticnet_0.01_0.5,Batch1,25,2,854.0,902.0332431676626,5.624501541880865
S7_elasticnet_0.01_0.5,Batch1,28,1,860.0,807.2964885676076,6.128315282836321
S7_elasticnet_0.01_0.5,Batch1,29,2,917.0,816.7374935000656,10.933752071966671
S7_elasticnet_0.01_0.5,Batch1,31,5,876.0,927.7038881607317,5.902270337983072
S7_elasticnet_0.01_0.5,Batch1,32,2,731.0,693.4085385504846,5.142470786527408
S7_elasticnet_0.01_0.5,Batch1,33,3,757.0,816.3320188279265,7.837783200518693
S7_elasticnet_0.01_0.5,Batch1,34,2,742.0,790.7849300932572,6.5747884222718636
S7_elasticnet_0.01_0.5,Batch1,36,4,704.0,766.88627680607,8.932709773589487
S7_elasticnet_0.01_0.5,Batch1,37,5,648.0,729.6787866411141,12.604751024863292
S7_elasticnet_0.01_0.5,Batch1,38,4,617.0,601.2214816239108,2.557296333239742
S7_elasticnet_0.01_0.5,Batch1,39,1,625.0,674.4860337395427,7.917765398326828
S7_elasticnet_0.01_0.5,Batch1,41,2,1051.0,933.2372621289593,11.204827580498641
S7_elasticnet_0.01_0.5,Batch1,42,3,702.0,736.1685025437881,4.867308054670673
S7_elasticnet_0.01_0.5,Batch1,43,4,651.0,690.7002156084521,6.098343411436581
S7_elasticnet_0.01_0.5,Batch1,5,1,1074.0,917.462948555999,14.575144454748697
S7_elasticnet_0.01_0.5,Batch1,6,4,636.0,770.8343488291262,21.200369312755686
S7_elasticnet_0.01_0.5,Batch1,7,4,870.0,864.0968087703214,0.6785277275492592
S7_elasticnet_0.1_0.1,Batch1,11,1,788.0,837.6094157412639,6.295611134678159
S7_elasticnet_0.1_0.1,Batch1,14,2,880.0,851.8516817310687,3.1986725305603803
S7_elasticnet_0.1_0.1,Batch1,15,3,719.0,831.4289862088002,15.63685482737138
S7_elasticnet_0.1_0.1,Batch1,16,3,862.0,943.9309983942792,9.504756194231925
S7_elasticnet_0.1_0.1,Batch1,17,3,857.0,844.984776000696,1.4020098015523919
S7_elasticnet_0.1_0.1,Batch1,18,3,691.0,679.6935513120601,1.6362443832040385
S7_elasticnet_0.1_0.1,Batch1,19,5,788.0,717.2321596019838,8.980690405839624
S7_elasticnet_0.1_0.1,Batch1,20,5,534.0,593.292393061442,11.103444393528465
S7_elasticnet_0.1_0.1,Batch1,21,1,559.0,595.2019842515673,6.476204696165885
S7_elasticnet_0.1_0.1,Batch1,23,1,1014.0,872.12991636463,13.991132508419128
S7_elasticnet_0.1_0.1,Batch1,24,5,1017.0,835.1987626464015,17.876227861710767
S7_elasticnet_0.1_0.1,Batch1,25,2,854.0,866.4235965595601,1.454753695498842
S7_elasticnet_0.1_0.1,Batch1,28,1,860.0,795.6656276582535,7.480740969970527
S7_elasticnet_0.1_0.1,Batch1,29,2,917.0,798.4894157351588,12.923727836951059
S7_elasticnet_0.1_0.1,Batch1,31,5,876.0,862.3893992361578,1.5537215483838096
S7_elasticnet_0.1_0.1,Batch1,32,2,731.0,707.5793189207436,3.203923540253951
S7_elasticnet_0.1_0.1,Batch1,33,3,757.0,781.8100962309693,3.277423544381677
S7_elasticnet_0.1_0.1,Batch1,34,2,742.0,786.9856046592884,6.062749954081989
S7_elasticnet_0.1_0.1,Batch1,36,4,704.0,760.9288970975025,8.08649106498615
S7_elasticnet_0.1_0.1,Batch1,37,5,648.0,733.8981867198297,13.255893012319401
S7_elasticnet_0.1_0.1,Batch1,38,4,617.0,630.1917695672988,2.1380501729819805
S7_elasticnet_0.1_0.1,Batch1,39,1,625.0,679.0696664185589,8.651146626969421
S7_elasticnet_0.1_0.1,Batch1,41,2,1051.0,898.1384051356698,14.544395324864908
S7_elasticnet_0.1_0.1,Batch1,42,3,702.0,741.3728521279318,5.608668394292274
S7_elasticnet_0.1_0.1,Batch1,43,4,651.0,715.0812172401957,9.843504952411006
S7_elasticnet_0.1_0.1,Batch1,5,1,1074.0,900.5850053521326,16.146647546356366
S7_elasticnet_0.1_0.1,Batch1,6,4,636.0,774.0319556802522,21.70313768557424
S7_elasticnet_0.1_0.1,Batch1,7,4,870.0,833.6825220846075,4.174422748895688
S7_elasticnet_0.1_0.5,Batch1,11,1,788.0,784.0816502584094,0.49725250527800074
S7_elasticnet_0.1_0.5,Batch1,14,2,880.0,784.7673021455615,10.821897483458917
S7_elasticnet_0.1_0.5,Batch1,15,3,719.0,820.0144753687334,14.049301163940672
S7_elasticnet_0.1_0.5,Batch1,16,3,862.0,833.091349752801,3.353671722412881
S7_elasticnet_0.1_0.5,Batch1,17,3,857.0,811.1312389339441,5.352247498956344
S7_elasticnet_0.1_0.5,Batch1,18,3,691.0,755.1149638091905,9.278576528102823
S7_elasticnet_0.1_0.5,Batch1,19,5,788.0,760.0489116341289,3.547092432217145
S7_elasticnet_0.1_0.5,Batch1,20,5,534.0,738.6898717859253,38.33143666403097
S7_elasticnet_0.1_0.5,Batch1,21,1,559.0,742.2803319564682,32.78717924087088
S7_elasticnet_0.1_0.5,Batch1,23,1,1014.0,777.7273206389082,23.301053191429176
S7_elasticnet_0.1_0.5,Batch1,24,5,1017.0,787.8776825562162,22.529234753567728
S7_elasticnet_0.1_0.5,Batch1,25,2,854.0,782.4514955249462,8.378045020498108
S7_elasticnet_0.1_0.5,Batch1,28,1,860.0,769.6081684078858,10.510678092106298
S7_elasticnet_0.1_0.5,Batch1,29,2,917.0,760.9824875790645,17.013905389414997
S7_elasticnet_0.1_0.5,Batch1,31,5,876.0,773.7027281764633,11.677770756111494
S7_elasticnet_0.1_0.5,Batch1,32,2,731.0,739.2836858470226,1.1331991582794307
S7_elasticnet_0.1_0.5,Batch1,33,3,757.0,756.6544716834406,0.04564442755077316
S7_elasticnet_0.1_0.5,Batch1,34,2,742.0,761.7573097915072,2.6627102144888366
S7_elasticnet_0.1_0.5,Batch1,36,4,704.0,776.4219610035149,10.287210369817451
S7_elasticnet_0.1_0.5,Batch1,37,5,648.0,764.6959892234139,18.00864031225523
S7_elasticnet_0.1_0.5,Batch1,38,4,617.0,747.3389776670851,21.124631712655614
S7_elasticnet_0.1_0.5,Batch1,39,1,625.0,753.0721154889637,20.491538478234197
S7_elasticnet_0.1_0.5,Batch1,41,2,1051.0,787.0734392034723,25.111946793199593
S7_elasticnet_0.1_0.5,Batch1,42,3,702.0,756.6707898753239,7.78786180560169
S7_elasticnet_0.1_0.5,Batch1,43,4,651.0,776.4039523798778,19.263279935465093
S7_elasticnet_0.1_0.5,Batch1,5,1,1074.0,783.2174838705585,27.07472217220126
S7_elasticnet_0.1_0.5,Batch1,6,4,636.0,792.5144764390706,24.609194408658894
S7_elasticnet_0.1_0.5,Batch1,7,4,870.0,793.0993959831161,8.839149886998149
