experiment,split,candidate,evaluation,cell_id,cycle_life,prediction,ape_pct,uses_external_inputs
scaling,historical28,baseline,Holdout,26,870.0,785.1452128415834,9.75342381131225,False
scaling,historical28,baseline,Holdout,27,842.0,814.517473451328,3.2639580224076026,False
scaling,historical28,baseline,Holdout,30,709.0,759.7719535005831,7.16106537384811,False
scaling,historical28,baseline,Holdout,35,703.0,773.787599266705,10.069359781892604,False
scaling,historical28,baseline,Holdout,40,966.0,915.722424071369,5.204718005034264,False
scaling,historical28,baseline,Holdout,44,616.0,597.0484911715075,3.0765436409890388,False
scaling,historical28,baseline,Holdout,45,599.0,599.354866250314,0.0592431135749565,False
scaling,historical28,baseline,Holdout,9,1054.0,917.8172288663704,12.920566521217223,False
scaling,historical28,y_standard,Holdout,26,870.0,785.1452128415834,9.75342381131225,False
scaling,historical28,y_standard,Holdout,27,842.0,814.517473451328,3.2639580224076026,False
scaling,historical28,y_standard,Holdout,30,709.0,759.7719535005831,7.16106537384811,False
scaling,historical28,y_standard,Holdout,35,703.0,773.787599266705,10.069359781892604,False
scaling,historical28,y_standard,Holdout,40,966.0,915.722424071369,5.204718005034264,False
scaling,historical28,y_standard,Holdout,44,616.0,597.0484911715075,3.0765436409890388,False
scaling,historical28,y_standard,Holdout,45,599.0,599.354866250314,0.0592431135749565,False
scaling,historical28,y_standard,Holdout,9,1054.0,917.8172288663704,12.920566521217223,False
scaling,historical28,y_log,Holdout,26,870.0,771.9807797300529,11.26657704252266,False
scaling,historical28,y_log,Holdout,27,842.0,802.1307727980345,4.735062613060034,False
scaling,historical28,y_log,Holdout,30,709.0,746.8495730531914,5.338444718362683,False
scaling,historical28,y_log,Holdout,35,703.0,760.6286305847076,8.197529243912886,False
scaling,historical28,y_log,Holdout,40,966.0,915.3251302047016,5.245845734502938,False
scaling,historical28,y_log,Holdout,44,616.0,604.0239354516012,1.9441663227920076,False
scaling,historical28,y_log,Holdout,45,599.0,605.843782769285,1.1425346860242045,False
scaling,historical28,y_log,Holdout,9,1054.0,917.8295657526512,12.919396038647893,False
scaling,historical28,y_sqrt,Holdout,26,870.0,778.5543069973369,10.510999195708404,False
scaling,historical28,y_sqrt,Holdout,27,842.0,808.336854496609,3.997998278312468,False
scaling,historical28,y_sqrt,Holdout,30,709.0,753.27664407084,6.244942746239776,False
scaling,historical28,y_sqrt,Holdout,35,703.0,767.1879128641524,9.13057081993633,False
scaling,historical28,y_sqrt,Holdout,40,966.0,915.2368229489988,5.254987272360386,False
scaling,historical28,y_sqrt,Holdout,44,616.0,601.0823721517801,2.421692832503234,False
scaling,historical28,y_sqrt,Holdout,45,599.0,603.1196463287617,0.6877539780904418,False
scaling,historical28,y_sqrt,Holdout,9,1054.0,917.5196124966884,12.948803368435636,False
scaling,historical28,relative_q,Holdout,26,870.0,789.4640327876277,9.257007725560031,False
scaling,historical28,relative_q,Holdout,27,842.0,815.7944513147787,3.1122979436129796,False
scaling,historical28,relative_q,Holdout,30,709.0,760.4778956326292,7.2606340807657475,False
scaling,historical28,relative_q,Holdout,35,703.0,770.9558120237365,9.66654509583734,False
scaling,historical28,relative_q,Holdout,40,966.0,920.7972128723802,4.679377549443042,False
scaling,historical28,relative_q,Holdout,44,616.0,596.7071909318104,3.1319495240567576,False
scaling,historical28,relative_q,Holdout,45,599.0,598.8456356978126,0.0257703342549993,False
scaling,historical28,relative_q,Holdout,9,1054.0,922.8805998591868,12.440170791348503,False
scaling,historical28,coral_spread,Holdout,26,870.0,785.1999666979866,9.74713026459924,True
scaling,historical28,coral_spread,Holdout,27,842.0,813.4445966793394,3.3913780665867717,True
scaling,historical28,coral_spread,Holdout,30,709.0,760.8008123043444,7.306179450542227,True
scaling,historical28,coral_spread,Holdout,35,703.0,774.2783833321083,10.139172593472022,True
scaling,historical28,coral_spread,Holdout,40,966.0,910.764187449816,5.717993017617385,True
scaling,historical28,coral_spread,Holdout,44,616.0,604.3244673666811,1.895378674240078,True
scaling,historical28,coral_spread,Holdout,45,599.0,606.5422983863845,1.259148311583382,True
scaling,historical28,coral_spread,Holdout,9,1054.0,912.778570581714,13.39861759186774,True
scaling,historical28,coral_full,Holdout,26,870.0,800.7547349196184,7.959225871308232,True
scaling,historical28,coral_full,Holdout,27,842.0,828.9993649009712,1.5440184203122138,True
scaling,historical28,coral_full,Holdout,30,709.0,776.3555805259762,9.5000818795453,True
scaling,historical28,coral_full,Holdout,35,703.0,789.8331515537402,12.351799652025637,True
scaling,historical28,coral_full,Holdout,40,966.0,926.3189556714478,4.107768564032315,True
scaling,historical28,coral_full,Holdout,44,616.0,619.8792355883129,0.6297460370637816,True
scaling,historical28,coral_full,Holdout,45,599.0,622.0970666080162,3.855937664109555,True
scaling,historical28,coral_full,Holdout,9,1054.0,928.3333388033458,11.922833130612355,True
scaling,historical28,coral_half,Holdout,26,870.0,793.1027222761596,8.838767554464411,True
scaling,historical28,coral_half,Holdout,27,842.0,821.9001330398112,2.3871575962219502,True
scaling,historical28,coral_half,Holdout,30,709.0,768.2260476012444,8.35346228508384,True
scaling,historical28,coral_half,Holdout,35,703.0,781.9673906189807,11.23291473954207,True
scaling,historical28,coral_half,Holdout,40,966.0,921.1243831934914,4.64550898618101,True
scaling,historical28,coral_half,Holdout,44,616.0,608.6872757023148,1.1871305678060449,True
scaling,historical28,coral_half,Holdout,45,599.0,610.94851229564,1.994743288086802,True
scaling,historical28,coral_half,Holdout,9,1054.0,923.178190183455,12.41193641523198,True
scaling,historical28,robust,Holdout,26,870.0,793.8511934611663,8.752736383773987,True
scaling,historical28,robust,Holdout,27,842.0,837.8693628750299,0.490574480400252,True
scaling,historical28,robust,Holdout,30,709.0,755.8260498369298,6.604520428339883,True
scaling,historical28,robust,Holdout,35,703.0,776.8303258773369,10.502180067899989,True
scaling,historical28,robust,Holdout,40,966.0,989.5382017534612,2.436666848184399,True
scaling,historical28,robust,Holdout,44,616.0,511.9636850165885,16.889012172631737,True
scaling,historical28,robust,Holdout,45,599.0,515.4200893533092,13.953240508629513,True
scaling,historical28,robust,Holdout,9,1054.0,992.6775403825336,5.818070172435152,True
scaling,historical28,quantile,Holdout,26,870.0,807.3777879838732,7.197955404152507,True
scaling,historical28,quantile,Holdout,27,842.0,866.0850382326023,2.860455847102411,True
scaling,historical28,quantile,Holdout,30,709.0,720.9362096494701,1.683527454086055,True
scaling,historical28,quantile,Holdout,35,703.0,762.9750111847164,8.531296043345154,True
scaling,historical28,quantile,Holdout,40,966.0,908.0756014736994,5.996314547236087,True
scaling,historical28,quantile,Holdout,44,616.0,592.9212843920888,3.746544741544034,True
scaling,historical28,quantile,Holdout,45,599.0,710.5481597030602,18.62239727930887,True
scaling,historical28,quantile,Holdout,9,1054.0,945.3740068242156,10.306071458803077,True
scaling,historical28,importance,Holdout,26,870.0,785.2016241185553,9.7469397564879,True
scaling,historical28,importance,Holdout,27,842.0,814.8745151661581,3.221554018271014,True
scaling,historical28,importance,Holdout,30,709.0,759.5686648461495,7.132392785070459,True
scaling,historical28,importance,Holdout,35,703.0,773.7277632998095,10.060848264553265,True
scaling,historical28,importance,Holdout,40,966.0,917.1153168915178,5.060526201706237,True
scaling,historical28,importance,Holdout,44,616.0,595.1796982380622,3.3799191171976948,True
scaling,historical28,importance,Holdout,45,599.0,597.5096794859346,0.2488014213798644,True
scaling,historical28,importance,Holdout,9,1054.0,919.2315623951904,12.7863792793937,True
scaling,historical28,baseline,Batch2,0,477.0,630.4796011975683,32.176017022551,False
scaling,historical28,baseline,Batch2,1,491.0,535.4501587208223,9.052985482855863,False
scaling,historical28,baseline,Batch2,10,492.0,612.2160163315004,24.43414966087407,False
scaling,historical28,baseline,Batch2,11,449.0,629.5396321977073,40.20927220438916,False
scaling,historical28,baseline,Batch2,12,466.0,470.1180379638632,0.8836991338762175,False
scaling,historical28,baseline,Batch2,13,460.0,558.7519923335756,21.467824420342517,False
scaling,historical28,baseline,Batch2,14,426.0,445.2833629429877,4.526611019480683,False
scaling,historical28,baseline,Batch2,15,396.0,645.0379274013787,62.88836550539867,False
scaling,historical28,baseline,Batch2,16,472.0,634.3047145417178,34.38659206392325,False
scaling,historical28,baseline,Batch2,17,471.0,637.048488189037,35.25445609109066,False
scaling,historical28,baseline,Batch2,18,449.0,740.9901641046748,65.03121694981621,False
scaling,historical28,baseline,Batch2,19,392.0,532.3898649045743,35.81374104708529,False
scaling,historical28,baseline,Batch2,2,424.0,616.9110274322571,45.49788382836253,False
scaling,historical28,baseline,Batch2,20,489.0,607.3972396384164,24.21211444548393,False
scaling,historical28,baseline,Batch2,21,408.0,549.8279715564395,34.761757734421444,False
scaling,historical28,baseline,Batch2,24,514.0,707.6330449146936,37.67179862153573,False
scaling,historical28,baseline,Batch2,25,493.0,654.1916482519586,32.696074696137636,False
scaling,historical28,baseline,Batch2,26,450.0,497.2814911448375,10.506998032186113,False
scaling,historical28,baseline,Batch2,27,474.0,629.9466487208023,32.900136860928754,False
scaling,historical28,baseline,Batch2,28,437.0,598.4101304185823,36.93595661752455,False
scaling,historical28,baseline,Batch2,29,452.0,641.0181721617276,41.81817968179815,False
scaling,historical28,baseline,Batch2,3,499.0,634.9887599857743,27.252256510175215,False
scaling,historical28,baseline,Batch2,30,412.0,478.8775993829802,16.232427034703928,False
scaling,historical28,baseline,Batch2,31,425.0,562.725221568482,32.40593448670164,False
scaling,historical28,baseline,Batch2,32,809.0,954.0195090612274,17.92577367876729,False
scaling,historical28,baseline,Batch2,33,1140.0,1004.3243662638358,11.901371380365278,False
scaling,historical28,baseline,Batch2,34,1186.0,1113.287502685956,6.130901965770992,False
scaling,historical28,baseline,Batch2,4,444.0,502.5314471604232,13.182758369464675,False
scaling,historical28,baseline,Batch2,41,442.0,472.3265834261716,6.861217969722073,False
scaling,historical28,baseline,Batch2,42,474.0,628.1305777018022,32.516999515148136,False
scaling,historical28,baseline,Batch2,43,1029.0,1024.490879218127,0.4382041576164218,False
scaling,historical28,baseline,Batch2,44,841.0,1071.0688515862396,27.35658163926749,False
scaling,historical28,baseline,Batch2,45,997.0,975.9916464785518,2.107156822612654,False
scaling,historical28,baseline,Batch2,46,503.0,641.3330497188643,27.501600341722536,False
scaling,historical28,baseline,Batch2,5,416.0,428.8913239409366,3.0988759473405327,False
scaling,historical28,baseline,Batch2,6,393.0,651.9626108870007,65.89379411882969,False
scaling,historical28,baseline,Batch2,7,777.0,1004.3453448684672,29.259375143946876,False
scaling,historical28,baseline,Batch2,8,904.0,939.4327843349812,3.919555789267831,False
scaling,historical28,baseline,Batch2,9,791.0,1060.9750516980628,34.13085356486255,False
scaling,historical28,y_standard,Batch2,0,477.0,630.4796011975682,32.17601702255098,False
scaling,historical28,y_standard,Batch2,1,491.0,535.4501587208223,9.052985482855863,False
scaling,historical28,y_standard,Batch2,10,492.0,612.2160163315004,24.43414966087407,False
scaling,historical28,y_standard,Batch2,11,449.0,629.5396321977072,40.20927220438913,False
scaling,historical28,y_standard,Batch2,12,466.0,470.1180379638632,0.8836991338762175,False
scaling,historical28,y_standard,Batch2,13,460.0,558.7519923335755,21.46782442034249,False
scaling,historical28,y_standard,Batch2,14,426.0,445.2833629429877,4.5266110194806695,False
scaling,historical28,y_standard,Batch2,15,396.0,645.0379274013787,62.88836550539867,False
scaling,historical28,y_standard,Batch2,16,472.0,634.3047145417177,34.38659206392323,False
scaling,historical28,y_standard,Batch2,17,471.0,637.048488189037,35.25445609109066,False
scaling,historical28,y_standard,Batch2,18,449.0,740.9901641046748,65.03121694981621,False
scaling,historical28,y_standard,Batch2,19,392.0,532.3898649045743,35.81374104708529,False
scaling,historical28,y_standard,Batch2,2,424.0,616.911027432257,45.49788382836251,False
scaling,historical28,y_standard,Batch2,20,489.0,607.3972396384164,24.21211444548393,False
scaling,historical28,y_standard,Batch2,21,408.0,549.8279715564394,34.761757734421415,False
scaling,historical28,y_standard,Batch2,24,514.0,707.6330449146936,37.67179862153573,False
scaling,historical28,y_standard,Batch2,25,493.0,654.1916482519584,32.696074696137615,False
scaling,historical28,y_standard,Batch2,26,450.0,497.28149114483745,10.5069980321861,False
scaling,historical28,y_standard,Batch2,27,474.0,629.9466487208022,32.900136860928725,False
scaling,historical28,y_standard,Batch2,28,437.0,598.4101304185823,36.93595661752455,False
scaling,historical28,y_standard,Batch2,29,452.0,641.0181721617276,41.81817968179815,False
scaling,historical28,y_standard,Batch2,3,499.0,634.9887599857742,27.252256510175194,False
scaling,historical28,y_standard,Batch2,30,412.0,478.8775993829802,16.232427034703928,False
scaling,historical28,y_standard,Batch2,31,425.0,562.7252215684819,32.40593448670162,False
scaling,historical28,y_standard,Batch2,32,809.0,954.0195090612274,17.92577367876729,False
scaling,historical28,y_standard,Batch2,33,1140.0,1004.3243662638358,11.901371380365278,False
scaling,historical28,y_standard,Batch2,34,1186.0,1113.287502685956,6.130901965770992,False
scaling,historical28,y_standard,Batch2,4,444.0,502.5314471604231,13.182758369464665,False
scaling,historical28,y_standard,Batch2,41,442.0,472.3265834261716,6.861217969722073,False
scaling,historical28,y_standard,Batch2,42,474.0,628.1305777018022,32.516999515148136,False
scaling,historical28,y_standard,Batch2,43,1029.0,1024.490879218127,0.4382041576164218,False
scaling,historical28,y_standard,Batch2,44,841.0,1071.0688515862396,27.35658163926749,False
scaling,historical28,y_standard,Batch2,45,997.0,975.9916464785516,2.107156822612665,False
scaling,historical28,y_standard,Batch2,46,503.0,641.3330497188642,27.50160034172251,False
scaling,historical28,y_standard,Batch2,5,416.0,428.8913239409366,3.0988759473405327,False
scaling,historical28,y_standard,Batch2,6,393.0,651.9626108870007,65.89379411882969,False
scaling,historical28,y_standard,Batch2,7,777.0,1004.3453448684672,29.259375143946876,False
scaling,historical28,y_standard,Batch2,8,904.0,939.4327843349812,3.9195557892678186,False
scaling,historical28,y_standard,Batch2,9,791.0,1060.9750516980628,34.13085356486255,False
scaling,historical28,y_log,Batch2,0,477.0,630.9458393876542,32.27376087791494,False
scaling,historical28,y_log,Batch2,1,491.0,557.3912563769765,13.521640809974835,False
scaling,historical28,y_log,Batch2,10,492.0,616.0928837711589,25.22213084779652,False
scaling,historical28,y_log,Batch2,11,449.0,630.1727372854962,40.350275564698485,False
scaling,historical28,y_log,Batch2,12,466.0,511.859834957739,9.84116629994399,False
scaling,historical28,y_log,Batch2,13,460.0,574.5926797051094,24.911452109806387,False
scaling,historical28,y_log,Batch2,14,426.0,495.5446559030719,16.325036596965234,False
scaling,historical28,y_log,Batch2,15,396.0,643.0415385336634,62.38422690244025,False
scaling,historical28,y_log,Batch2,16,472.0,634.1016992383345,34.34358034710477,False
scaling,historical28,y_log,Batch2,17,471.0,636.3751315129886,35.11149289023112,False
scaling,historical28,y_log,Batch2,18,449.0,728.7753892442865,62.31077711454043,False
scaling,historical28,y_log,Batch2,19,392.0,555.1707387592295,41.62518845898712,False
scaling,historical28,y_log,Batch2,2,424.0,619.8774033054433,46.19750077958568,False
scaling,historical28,y_log,Batch2,20,489.0,612.2326260755603,25.20094602772195,False
scaling,historical28,y_log,Batch2,21,408.0,567.9431192238283,39.20174490780104,False
scaling,historical28,y_log,Batch2,24,514.0,697.7465212178797,35.74835043149411,False
scaling,historical28,y_log,Batch2,25,493.0,650.765309821622,32.00107704292537,False
scaling,historical28,y_log,Batch2,26,450.0,530.3206097616934,17.849024391487422,False
scaling,historical28,y_log,Batch2,27,474.0,630.5073823227201,33.01843508918146,False
scaling,historical28,y_log,Batch2,28,437.0,605.0976760767705,38.46628743175528,False
scaling,historical28,y_log,Batch2,29,452.0,639.6787617711943,41.52184994937927,False
scaling,historical28,y_log,Batch2,3,499.0,634.6677235487314,27.18792055084797,False
scaling,historical28,y_log,Batch2,30,412.0,517.7416893497581,25.66545858003837,False
scaling,historical28,y_log,Batch2,31,425.0,577.5782480519554,35.900764247518914,False
scaling,historical28,y_log,Batch2,32,809.0,962.209804609248,18.9381711507105,False
scaling,historical28,y_log,Batch2,33,1140.0,1027.4632293987286,9.871646543971178,False
scaling,historical28,y_log,Batch2,34,1186.0,1184.3807092979555,0.1365337860071064,False
scaling,historical28,y_log,Batch2,4,444.0,533.9646188971153,20.262301553404352,False
scaling,historical28,y_log,Batch2,41,442.0,513.3364950595256,16.13947852025467,False
scaling,historical28,y_log,Batch2,42,474.0,629.0155975315732,32.703712559403634,False
scaling,historical28,y_log,Batch2,43,1029.0,1054.8486234974953,2.5120139453348185,False
scaling,historical28,y_log,Batch2,44,841.0,1120.9221702227003,33.284443546099915,False
scaling,historical28,y_log,Batch2,45,997.0,990.1852974195024,0.6835208205113077,False
scaling,historical28,y_log,Batch2,46,503.0,639.9415405427166,27.224958358392954,False
scaling,historical28,y_log,Batch2,5,416.0,485.06182337876874,16.601399850665562,False
scaling,historical28,y_log,Batch2,6,393.0,648.8759790521445,65.10839161632177,False
scaling,historical28,y_log,Batch2,7,777.0,1027.4913449290025,32.23826833063095,False
scaling,historical28,y_log,Batch2,8,904.0,944.075535802051,4.433134491377327,False
scaling,historical28,y_log,Batch2,9,791.0,1106.2608936218564,39.85599160832572,False
scaling,historical28,y_sqrt,Batch2,0,477.0,630.9499469119363,32.27462199411663,False
scaling,historical28,y_sqrt,Batch2,1,491.0,547.9464462443347,11.598054224915408,False
scaling,historical28,y_sqrt,Batch2,10,492.0,614.5433943130603,24.90719396606916,False
scaling,historical28,y_sqrt,Batch2,11,449.0,630.1002780128362,40.33413764205705,False
scaling,historical28,y_sqrt,Batch2,12,466.0,494.2762792424761,6.067871082076418,False
scaling,historical28,y_sqrt,Batch2,13,460.0,567.7579560948723,23.42564262932006,False
scaling,historical28,y_sqrt,Batch2,14,426.0,474.6001212473835,11.40847916605247,False
scaling,historical28,y_sqrt,Batch2,15,396.0,644.1827948498976,62.67242294189334,False
scaling,historical28,y_sqrt,Batch2,16,472.0,634.41349775638,34.40963935516526,False
scaling,historical28,y_sqrt,Batch2,17,471.0,636.9037599033923,35.22372821728074,False
scaling,historical28,y_sqrt,Batch2,18,449.0,734.8342921152312,63.66019868936106,False
scaling,historical28,y_sqrt,Batch2,19,392.0,545.370683108589,39.12517426239515,False
scaling,historical28,y_sqrt,Batch2,2,424.0,618.7403803790428,45.92933499505726,False
scaling,historical28,y_sqrt,Batch2,20,489.0,610.250623661338,24.79562856060081,False
scaling,historical28,y_sqrt,Batch2,21,408.0,560.1290738041697,37.28653769710042,False
scaling,historical28,y_sqrt,Batch2,24,514.0,702.6434824394105,36.7010666224534,False
scaling,historical28,y_sqrt,Batch2,25,493.0,652.5734251273834,32.3678347114368,False
scaling,historical28,y_sqrt,Batch2,26,450.0,516.2550914326616,14.723353651702585,False
scaling,historical28,y_sqrt,Batch2,27,474.0,630.4681233602302,33.01015260764349,False
scaling,historical28,y_sqrt,Batch2,28,437.0,602.2847226735342,37.82259100080875,False
scaling,historical28,y_sqrt,Batch2,29,452.0,640.5152981564363,41.706924370892985,False
scaling,historical28,y_sqrt,Batch2,3,499.0,635.0338842261534,27.26129944411892,False
scaling,historical28,y_sqrt,Batch2,30,412.0,501.3116905900905,21.67759480342003,False
scaling,historical28,y_sqrt,Batch2,31,425.0,571.1711542731404,34.393212770150676,False
scaling,historical28,y_sqrt,Batch2,32,809.0,957.4198039448388,18.34608206981937,False
scaling,historical28,y_sqrt,Batch2,33,1140.0,1014.2729383283385,11.028689620321195,False
scaling,historical28,y_sqrt,Batch2,34,1186.0,1143.042363260589,3.6220604333399096,False
scaling,historical28,y_sqrt,Batch2,4,444.0,520.5581277980388,17.242821576134855,False
scaling,historical28,y_sqrt,Batch2,41,442.0,496.0454279653273,12.22747239034554,False
scaling,historical28,y_sqrt,Batch2,42,474.0,628.8276596253378,32.66406321209658,False
scaling,historical28,y_sqrt,Batch2,43,1029.0,1037.5249832846405,0.8284726224140412,False
scaling,historical28,y_sqrt,Batch2,44,841.0,1092.2366911669042,29.87356613161762,False
scaling,historical28,y_sqrt,Batch2,45,997.0,982.0504118931146,1.4994571822352416,False
scaling,historical28,y_sqrt,Batch2,46,503.0,640.8022044715938,27.396064507275103,False
scaling,historical28,y_sqrt,Batch2,5,416.0,461.8318813831739,11.017279178647566,False
scaling,historical28,y_sqrt,Batch2,6,393.0,650.5252085217168,65.52804288084397,False
scaling,historical28,y_sqrt,Batch2,7,777.0,1014.2969897976908,30.540153127115943,False
scaling,historical28,y_sqrt,Batch2,8,904.0,941.2409573703568,4.119574930349191,False
scaling,historical28,y_sqrt,Batch2,9,791.0,1080.2609411903302,36.56901911382177,False
scaling,historical28,relative_q,Batch2,0,477.0,637.7659935391221,33.703562586818045,False
scaling,historical28,relative_q,Batch2,1,491.0,541.6407644261433,10.313801308786818,False
scaling,historical28,relative_q,Batch2,10,492.0,621.3556973885411,26.2918084123051,False
scaling,historical28,relative_q,Batch2,11,449.0,634.3300229607289,41.27617437878149,False
scaling,historical28,relative_q,Batch2,12,466.0,473.5039832778903,1.6102968407489944,False
scaling,historical28,relative_q,Batch2,13,460.0,560.8032490185379,21.91374978663868,False
scaling,historical28,relative_q,Batch2,14,426.0,440.1149267124679,3.3133630780441026,False
scaling,historical28,relative_q,Batch2,15,396.0,638.7647429304297,61.30422801273478,False
scaling,historical28,relative_q,Batch2,16,472.0,638.3860798098214,35.251288095301135,False
scaling,historical28,relative_q,Batch2,17,471.0,639.181751413436,35.70737821941317,False
scaling,historical28,relative_q,Batch2,18,449.0,739.2365139978625,64.64064899729678,False
scaling,historical28,relative_q,Batch2,19,392.0,533.2419913779268,36.03112024947111,False
scaling,historical28,relative_q,Batch2,2,424.0,612.316081470017,44.41417015802288,False
scaling,historical28,relative_q,Batch2,20,489.0,611.7928904253971,25.111020536891026,False
scaling,historical28,relative_q,Batch2,21,408.0,553.8309218320001,35.74287299803923,False
scaling,historical28,relative_q,Batch2,24,514.0,712.2519486728442,38.57041802973622,False
scaling,historical28,relative_q,Batch2,25,493.0,660.2611102426433,33.92720288897431,False
scaling,historical28,relative_q,Batch2,26,450.0,502.237289755597,11.608286612354885,False
scaling,historical28,relative_q,Batch2,27,474.0,633.2919380699024,33.605894107574336,False
scaling,historical28,relative_q,Batch2,28,437.0,600.0615334957855,37.31385205853216,False
scaling,historical28,relative_q,Batch2,29,452.0,649.0042175029665,43.58500387233773,False
scaling,historical28,relative_q,Batch2,3,499.0,639.7630775705098,28.209033581264496,False
scaling,historical28,relative_q,Batch2,30,412.0,480.0179785621028,16.509218097597774,False
scaling,historical28,relative_q,Batch2,31,425.0,566.1166118620654,33.20390867342715,False
scaling,historical28,relative_q,Batch2,32,809.0,961.8677377573443,18.895888474331823,False
scaling,historical28,relative_q,Batch2,33,1140.0,1005.741716699387,11.777042394790616,False
scaling,historical28,relative_q,Batch2,34,1186.0,1114.307231655826,6.0449214455458735,False
scaling,historical28,relative_q,Batch2,4,444.0,500.8629037445489,12.806960302826324,False
scaling,historical28,relative_q,Batch2,41,442.0,476.7465328966765,7.861206537709618,False
scaling,historical28,relative_q,Batch2,42,474.0,635.1214759065152,33.99187255411714,False
scaling,historical28,relative_q,Batch2,43,1029.0,1037.1707331741486,0.7940459838822749,False
scaling,historical28,relative_q,Batch2,44,841.0,1083.5706598278134,28.843122452772107,False
scaling,historical28,relative_q,Batch2,45,997.0,988.839730491498,0.8184823980443199,False
scaling,historical28,relative_q,Batch2,46,503.0,647.3314611361541,28.694127462456077,False
scaling,historical28,relative_q,Batch2,5,416.0,429.18869499273455,3.1703593732534987,False
scaling,historical28,relative_q,Batch2,6,393.0,653.5765645898598,66.30446936128749,False
scaling,historical28,relative_q,Batch2,7,777.0,1012.867074908198,30.356122896807975,False
scaling,historical28,relative_q,Batch2,8,904.0,946.7194840508896,4.725606642797523,False
scaling,historical28,relative_q,Batch2,9,791.0,1073.1975577250078,35.676050281290486,False
scaling,historical28,coral_spread,Batch2,0,477.0,709.2920195086093,48.69853658461411,True
scaling,historical28,coral_spread,Batch2,1,491.0,662.2439499092785,34.87656820962903,True
scaling,historical28,coral_spread,Batch2,10,492.0,700.2499122467225,42.32721793632571,True
scaling,historical28,coral_spread,Batch2,11,449.0,708.8266508210313,57.86785096236777,True
scaling,historical28,coral_spread,Batch2,12,466.0,629.8987094834235,35.17139688485484,True
scaling,historical28,coral_spread,Batch2,13,460.0,673.7804407170943,46.47400885154224,True
scaling,historical28,coral_spread,Batch2,14,426.0,617.6033251435141,44.97730637171692,True
scaling,historical28,coral_spread,Batch2,15,396.0,716.4996924848476,80.93426577900192,True
scaling,historical28,coral_spread,Batch2,16,472.0,711.1857925767288,50.67495605439169,True
scaling,historical28,coral_spread,Batch2,17,471.0,712.5442058238177,51.28327087554516,True
scaling,historical28,coral_spread,Batch2,18,449.0,764.0046277235534,70.15693267785154,True
scaling,historical28,coral_spread,Batch2,19,392.0,660.7288308818627,68.55327318414864,True
scaling,historical28,coral_spread,Batch2,2,424.0,702.5743624726836,65.70150058318009,True
scaling,historical28,coral_spread,Batch2,20,489.0,697.864186987992,42.712512676480976,True
scaling,historical28,coral_spread,Batch2,21,408.0,669.3622526304778,64.05937564472495,True
scaling,historical28,coral_spread,Batch2,24,514.0,747.4898716187026,45.426045062004405,True
scaling,historical28,coral_spread,Batch2,25,493.0,721.0316026428632,46.25387477542863,True
scaling,historical28,coral_spread,Batch2,26,450.0,643.3470472039082,42.96601048975738,True
scaling,historical28,coral_spread,Batch2,27,474.0,709.0281603869886,49.58400008164317,True
scaling,historical28,coral_spread,Batch2,28,437.0,693.4147644821721,58.676147478757926,True
scaling,historical28,coral_spread,Batch2,29,452.0,714.5095542775898,58.077335017165886,True
scaling,historical28,coral_spread,Batch2,3,499.0,711.5244562247761,42.59007138773069,True
scaling,historical28,coral_spread,Batch2,30,412.0,634.2354754852558,53.94064938962521,True
scaling,historical28,coral_spread,Batch2,31,425.0,675.7475443926074,58.99942221002528,True
scaling,historical28,coral_spread,Batch2,32,809.0,869.4731981686373,7.475055397853805,True
scaling,historical28,coral_spread,Batch2,33,1140.0,894.3785997070277,21.54573686780459,True
scaling,historical28,coral_spread,Batch2,34,1186.0,948.3250934729334,20.040042708858905,True
scaling,historical28,coral_spread,Batch2,4,444.0,645.9462447744415,45.48338846271206,True
scaling,historical28,coral_spread,Batch2,41,442.0,630.9921369298637,42.758402020331154,True
scaling,historical28,coral_spread,Batch2,42,474.0,708.1290428769585,49.394312843240186,True
scaling,historical28,coral_spread,Batch2,43,1029.0,904.3628264931784,12.112456123111922,True
scaling,historical28,coral_spread,Batch2,44,841.0,927.4230868572956,10.276229115017305,True
scaling,historical28,coral_spread,Batch2,45,997.0,880.3513704856989,11.69996283994996,True
scaling,historical28,coral_spread,Batch2,46,503.0,714.6654468182312,42.080605729270616,True
scaling,historical28,coral_spread,Batch2,5,416.0,609.4878003993575,46.51149048061479,True
scaling,historical28,coral_spread,Batch2,6,393.0,719.9280298726483,83.18779386072475,True
scaling,historical28,coral_spread,Batch2,7,777.0,894.3889859917945,15.107977605121553,True
scaling,historical28,coral_spread,Batch2,8,904.0,862.251465384983,4.618200731749666,True
scaling,historical28,coral_spread,Batch2,9,791.0,922.4257535331852,16.61513951114859,True
scaling,historical28,coral_full,Batch2,0,477.0,748.4659660044626,56.91110398416408,True
scaling,historical28,coral_full,Batch2,1,491.0,701.4178964051318,42.854968717949454,True
scaling,historical28,coral_full,Batch2,10,492.0,739.4238587425758,50.28940218345037,True
scaling,historical28,coral_full,Batch2,11,449.0,748.0005973168845,66.5925606496402,True
scaling,historical28,coral_full,Batch2,12,466.0,669.0726559792769,43.57782317151864,True
scaling,historical28,coral_full,Batch2,13,460.0,712.9543872129476,54.99008417672774,True
scaling,historical28,coral_full,Batch2,14,426.0,656.7772716393674,54.173068459945405,True
scaling,historical28,coral_full,Batch2,15,396.0,755.673638980701,90.826676510278,True
scaling,historical28,coral_full,Batch2,16,472.0,750.3597390725821,58.97452098995383,True
scaling,historical28,coral_full,Batch2,17,471.0,751.718152319671,59.60045696808303,True
scaling,historical28,coral_full,Batch2,18,449.0,803.1785742194068,78.881642365124,True
scaling,historical28,coral_full,Batch2,19,392.0,699.902777377716,78.54662688207041,True
scaling,historical28,coral_full,Batch2,2,424.0,741.7483089685369,74.94063890767379,True
scaling,historical28,coral_full,Batch2,20,489.0,737.0381334838453,50.72354467972296,True
scaling,historical28,coral_full,Batch2,21,408.0,708.536199126331,73.66083311919877,True
scaling,historical28,coral_full,Batch2,24,514.0,786.663818114556,53.047435430847464,True
scaling,historical28,coral_full,Batch2,25,493.0,760.2055491387165,54.199908547407,True
scaling,historical28,coral_full,Batch2,26,450.0,682.5209936997614,51.67133193328032,True
scaling,historical28,coral_full,Batch2,27,474.0,748.2021068828419,57.84854575587382,True
scaling,historical28,coral_full,Batch2,28,437.0,732.5887109780255,67.64043729474267,True
scaling,historical28,coral_full,Batch2,29,452.0,753.6835007734431,66.74413733925734,True
scaling,historical28,coral_full,Batch2,3,499.0,750.6984027206295,50.44056166746081,True
scaling,historical28,coral_full,Batch2,30,412.0,673.4094219811092,63.44888883036631,True
scaling,historical28,coral_full,Batch2,31,425.0,714.9214908884608,68.21682138552018,True
scaling,historical28,coral_full,Batch2,32,809.0,908.6471446644908,12.317323197094034,True
scaling,historical28,coral_full,Batch2,33,1140.0,933.552546202881,18.109425771677103,True
scaling,historical28,coral_full,Batch2,34,1186.0,987.4990399687867,16.737011807016295,True
scaling,historical28,coral_full,Batch2,4,444.0,685.1201912702949,54.30634938520154,True
scaling,historical28,coral_full,Batch2,41,442.0,670.1660834257169,51.62128584292238,True
scaling,historical28,coral_full,Batch2,42,474.0,747.3029893728118,57.65885851747084,True
scaling,historical28,coral_full,Batch2,43,1029.0,943.5367729890316,8.305464238189344,True
scaling,historical28,coral_full,Batch2,44,841.0,966.597033353149,14.934248912383945,True
scaling,historical28,coral_full,Batch2,45,997.0,919.5253169815524,7.770780643776093,True
scaling,historical28,coral_full,Batch2,46,503.0,753.8393933140845,49.868666662839864,True
scaling,historical28,coral_full,Batch2,5,416.0,648.6617468952107,55.92830454211797,True
scaling,historical28,coral_full,Batch2,6,393.0,759.1019763685015,93.15571917773576,True
scaling,historical28,coral_full,Batch2,7,777.0,933.5629324876478,20.14966956082983,True
scaling,historical28,coral_full,Batch2,8,904.0,901.4254118808364,0.2847995707039435,True
scaling,historical28,coral_full,Batch2,9,791.0,961.5997000290388,21.567597980915146,True
scaling,historical28,coral_half,Batch2,0,477.0,709.395527466417,48.72023636612515,True
scaling,historical28,coral_half,Batch2,1,491.0,646.4587296818734,31.66165573968908,True
scaling,historical28,coral_half,Batch2,10,492.0,697.2997862142483,41.72759882403422,True
scaling,historical28,coral_half,Batch2,11,449.0,708.7729978868872,57.85590153382788,True
scaling,historical28,coral_half,Batch2,12,466.0,603.1900924495515,29.439934002049668,True
scaling,historical28,coral_half,Batch2,13,460.0,661.8912393533238,43.889399859418226,True
scaling,historical28,coral_half,Batch2,14,426.0,586.742401301451,37.73295805198379,True
scaling,historical28,coral_half,Batch2,15,396.0,719.037322772065,81.57508150809721,True
scaling,historical28,coral_half,Batch2,16,472.0,711.9288516527879,50.8323838247432,True
scaling,historical28,coral_half,Batch2,17,471.0,713.7460182351358,51.53843274631334,True
scaling,historical28,coral_half,Batch2,18,449.0,782.5852755010075,74.29516158151614,True
scaling,historical28,coral_half,Batch2,19,392.0,644.431935795109,64.3959019885482,True
scaling,historical28,coral_half,Batch2,2,424.0,700.4092326820293,65.19085676462954,True
scaling,historical28,coral_half,Batch2,20,489.0,694.1083713601023,41.94445222087981,True
scaling,historical28,coral_half,Batch2,21,408.0,655.9809732669673,60.77965031053121,True
scaling,historical28,coral_half,Batch2,24,514.0,760.4932773747583,47.955890539836254,True
scaling,historical28,coral_half,Batch2,25,493.0,725.0997163117312,47.0790499618116,True
scaling,historical28,coral_half,Batch2,26,450.0,621.1801039178313,38.0400230928514,True
scaling,historical28,coral_half,Batch2,27,474.0,709.0425597820364,49.587037928699665,True
scaling,historical28,coral_half,Batch2,28,437.0,688.156322596113,57.47284269933935,True
scaling,historical28,coral_half,Batch2,29,452.0,716.3750897202065,58.49006409739081,True
scaling,historical28,coral_half,Batch2,3,499.0,712.3818862983248,42.76190106178854,True
scaling,historical28,coral_half,Batch2,30,412.0,608.9914391832352,47.81345611243574,True
scaling,historical28,coral_half,Batch2,31,425.0,664.5226588207182,56.3582726636984,True
scaling,historical28,coral_half,Batch2,32,809.0,923.6719161911826,14.174526105214166,True
scaling,historical28,coral_half,Batch2,33,1140.0,956.988186841888,16.053667820887014,True
scaling,historical28,coral_half,Batch2,34,1186.0,1029.1530938878989,13.224865608102965,True
scaling,historical28,coral_half,Batch2,4,444.0,624.6570833835534,40.688532293593106,True
scaling,historical28,coral_half,Batch2,41,442.0,604.6527841747322,36.79927243772222,True
scaling,historical28,coral_half,Batch2,42,474.0,707.8397989164957,49.33329091065311,True
scaling,historical28,coral_half,Batch2,43,1029.0,970.3442132979432,5.700270816526407,True
scaling,historical28,coral_half,Batch2,44,841.0,1001.1922152617904,19.047825833744408,True
scaling,historical28,coral_half,Batch2,45,997.0,938.2237848908936,5.895307433210257,True
scaling,historical28,coral_half,Batch2,46,503.0,716.5836291436094,42.4619541040973,True
scaling,historical28,coral_half,Batch2,5,416.0,575.886161203011,38.434173366108425,True
scaling,historical28,coral_half,Batch2,6,393.0,723.6234530586149,84.12810510397325,True
scaling,historical28,coral_half,Batch2,7,777.0,957.0020807063902,23.16629095320337,True
scaling,historical28,coral_half,Batch2,8,904.0,914.0113129033203,1.1074461176239443,True
scaling,historical28,coral_half,Batch2,9,791.0,994.507219265994,25.727840615169892,True
scaling,historical28,robust,Batch2,0,477.0,783.5856777728883,64.27372699641265,True
scaling,historical28,robust,Batch2,1,491.0,739.9831909687966,50.70940752928648,True
scaling,historical28,robust,Batch2,10,492.0,775.2057725838939,57.56214889916543,True
scaling,historical28,robust,Batch2,11,449.0,783.1543905334338,74.42191325911665,True
scaling,historical28,robust,Batch2,12,466.0,710.0067662003812,52.36196699578995,True
scaling,historical28,robust,Batch2,13,460.0,750.6748026012634,63.19017447853553,True
scaling,historical28,robust,Batch2,14,426.0,698.6118388846011,63.99338940953077,True
scaling,historical28,robust,Batch2,15,396.0,790.2654941502877,99.56199347229489,True
scaling,historical28,robust,Batch2,16,472.0,785.3407596692516,66.38575416721432,True
scaling,historical28,robust,Batch2,17,471.0,786.5996890192783,67.00630340112066,True
scaling,historical28,robust,Batch2,18,449.0,834.2913878695141,85.81099952550424,True
scaling,historical28,robust,Batch2,19,392.0,738.5790322442808,88.41301842966348,True
scaling,historical28,robust,Batch2,2,424.0,777.3599908369989,83.33962048042427,True
scaling,historical28,robust,Batch2,20,489.0,772.9947667977295,58.07663942693856,True
scaling,historical28,robust,Batch2,21,408.0,746.5801821548714,82.98533876344888,True
scaling,historical28,robust,Batch2,24,514.0,818.9860960420935,59.33581635060186,True
scaling,historical28,robust,Batch2,25,493.0,794.4655081900778,61.14919030224702,True
scaling,historical28,robust,Batch2,26,450.0,722.4702099290637,60.54893553979193,True
scaling,historical28,robust,Batch2,27,474.0,783.3411424717253,65.26184440331758,True
scaling,historical28,robust,Batch2,28,437.0,768.8711993963882,75.9430662234298,True
scaling,historical28,robust,Batch2,29,452.0,788.4211044514273,74.4294478874839,True
scaling,historical28,robust,Batch2,3,499.0,785.6546211596541,57.44581586365813,True
scaling,historical28,robust,Batch2,30,412.0,714.0259275385122,73.3072639656583,True
scaling,historical28,robust,Batch2,31,425.0,752.4978447108394,77.05831640255046,True
scaling,historical28,robust,Batch2,32,809.0,932.0359285114878,15.208396602161654,True
scaling,historical28,robust,Batch2,33,1140.0,955.1173737477384,16.217774232654516,True
scaling,historical28,robust,Batch2,34,1186.0,1005.113076070632,15.251848560654963,True
scaling,historical28,robust,Batch2,4,444.0,724.8790543032444,63.26104826649649,True
scaling,historical28,robust,Batch2,41,442.0,711.0201160829725,60.86427965678112,True
scaling,historical28,robust,Batch2,42,474.0,782.5078721654135,65.08604898004504,True
scaling,historical28,robust,Batch2,43,1029.0,964.370401988846,6.280816133251131,True
scaling,historical28,robust,Batch2,44,841.0,985.7418356478296,17.210682003309092,True
scaling,historical28,robust,Batch2,45,997.0,942.1174338515934,5.504770927623527,True
scaling,historical28,robust,Batch2,46,503.0,788.5655801441403,56.77248114197621,True
scaling,historical28,robust,Batch2,5,416.0,691.0906575996115,66.12756192298353,True
scaling,historical28,robust,Batch2,6,393.0,793.4427559802541,101.8938310382326,True
scaling,historical28,robust,Batch2,7,777.0,955.1269993890952,22.9249677463443,True
scaling,historical28,robust,Batch2,8,904.0,925.3430820018737,2.360960398437338,True
scaling,historical28,robust,Batch2,9,791.0,981.1104838798228,24.03419518076142,True
scaling,historical28,quantile,Batch2,0,477.0,776.0312871237206,62.68999730057036,True
scaling,historical28,quantile,Batch2,1,491.0,712.5040842426771,45.11284811459819,True
scaling,historical28,quantile,Batch2,10,492.0,722.1235614639894,46.773081598371824,True
scaling,historical28,quantile,Batch2,11,449.0,761.2630385078567,69.54633374339792,True
scaling,historical28,quantile,Batch2,12,466.0,603.6321042245426,29.53478631427952,True
scaling,historical28,quantile,Batch2,13,460.0,720.2832509523366,56.58331542442101,True
scaling,historical28,quantile,Batch2,14,426.0,584.6142288840791,37.233387061990406,True
scaling,historical28,quantile,Batch2,15,396.0,810.7318106846847,104.73025522340522,True
scaling,historical28,quantile,Batch2,16,472.0,785.3407596692516,66.38575416721432,True
scaling,historical28,quantile,Batch2,17,471.0,802.4004005611511,70.3610192274206,True
scaling,historical28,quantile,Batch2,18,449.0,878.8785076995972,95.74131574601272,True
scaling,historical28,quantile,Batch2,19,392.0,711.2656220465458,81.44531174656781,True
scaling,historical28,quantile,Batch2,2,424.0,723.4038724055259,70.6141208503599,True
scaling,historical28,quantile,Batch2,20,489.0,721.5541186281962,47.55707947406875,True
scaling,historical28,quantile,Batch2,21,408.0,717.0555167341266,75.74890116032515,True
scaling,historical28,quantile,Batch2,24,514.0,867.7889283737094,68.8305308120057,True
scaling,historical28,quantile,Batch2,25,493.0,835.5369864400324,69.48011895335341,True
scaling,historical28,quantile,Batch2,26,450.0,701.2117678655194,55.82483730344875,True
scaling,historical28,quantile,Batch2,27,474.0,773.4765445279528,63.18070559661451,True
scaling,historical28,quantile,Batch2,28,437.0,721.1053379210845,65.01266313983626,True
scaling,historical28,quantile,Batch2,29,452.0,807.4937377942205,78.64905703411956,True
scaling,historical28,quantile,Batch2,3,499.0,795.2464286123926,59.36802176601054,True
scaling,historical28,quantile,Batch2,30,412.0,648.3990769990827,57.378416747350165,True
scaling,historical28,quantile,Batch2,31,425.0,720.6299948111432,69.55999877909251,True
scaling,historical28,quantile,Batch2,32,809.0,898.9723332824756,11.121425622061258,True
scaling,historical28,quantile,Batch2,33,1140.0,908.7907721712886,20.28151121304486,True
scaling,historical28,quantile,Batch2,34,1186.0,951.3675965178388,19.78350788213838,True
scaling,historical28,quantile,Batch2,4,444.0,708.8738312098714,59.65626829051156,True
scaling,historical28,quantile,Batch2,41,442.0,624.2569339249874,41.23460043551751,True
scaling,historical28,quantile,Batch2,42,474.0,733.8714756781021,54.82520583926205,True
scaling,historical28,quantile,Batch2,43,1029.0,914.5292114437576,11.124469247448229,True
scaling,historical28,quantile,Batch2,44,841.0,937.772594056482,11.506848282578124,True
scaling,historical28,quantile,Batch2,45,997.0,901.8401154699708,9.54462231996281,True
scaling,historical28,quantile,Batch2,46,503.0,809.3489347597791,60.90436078723243,True
scaling,historical28,quantile,Batch2,5,416.0,569.0239574456356,36.78460515520086,True
scaling,historical28,quantile,Batch2,6,393.0,811.8582837589496,106.57971596919838,True
scaling,historical28,quantile,Batch2,7,777.0,910.313047125278,17.157406322429615,True
scaling,historical28,quantile,Batch2,8,904.0,892.6666575663313,1.2536883223084834,True
scaling,historical28,quantile,Batch2,9,791.0,921.8702874250456,16.544916235783276,True
scaling,historical28,importance,Batch2,0,477.0,627.844702079612,31.623627270358917,True
scaling,historical28,importance,Batch2,1,491.0,531.0693171880199,8.16075706476984,True
scaling,historical28,importance,Batch2,10,492.0,609.245566813229,23.83039975878637,True
scaling,historical28,importance,Batch2,11,449.0,626.887463360991,39.618588721824274,True
scaling,historical28,importance,Batch2,12,466.0,464.53687242927214,0.3139758735467517,True
scaling,historical28,importance,Batch2,13,460.0,554.7992671675312,20.60853634076765,True
scaling,historical28,importance,Batch2,14,426.0,439.2459186873205,3.109370583878054,True
scaling,historical28,importance,Batch2,15,396.0,642.6705032737616,62.29053112973778,True
scaling,historical28,importance,Batch2,16,472.0,631.7400928815166,33.84324001727047,True
scaling,historical28,importance,Batch2,17,471.0,634.534276913899,34.72065327259002,True
scaling,historical28,importance,Batch2,18,449.0,740.3856365646142,64.89657829946864,True
scaling,historical28,importance,Batch2,19,392.0,527.9527976733314,34.68183614115596,True
scaling,historical28,importance,Batch2,2,424.0,614.0268376962734,44.81765040006449,True
scaling,historical28,importance,Batch2,20,489.0,604.3382564363008,23.586555508445965,True
scaling,historical28,importance,Batch2,21,408.0,545.7112885055577,33.75276679057787,True
scaling,historical28,importance,Batch2,24,514.0,706.4156587940397,37.43495307277037,True
scaling,historical28,importance,Batch2,25,493.0,651.992402207577,32.24998016380872,True
scaling,historical28,importance,Batch2,26,450.0,492.199390150733,9.377642255718444,True
scaling,historical28,importance,Batch2,27,474.0,627.3019578550463,32.34218520148657,True
scaling,historical28,importance,Batch2,28,437.0,595.1860302299326,36.19817625398916,True
scaling,historical28,importance,Batch2,29,452.0,638.5768944894901,41.27807400209957,True
scaling,historical28,importance,Batch2,3,499.0,632.4367060511468,26.740822855941232,True
scaling,historical28,importance,Batch2,30,412.0,473.4573701794723,14.916837422202018,True
scaling,historical28,importance,Batch2,31,425.0,558.8454951411899,31.49305768027997,True
scaling,historical28,importance,Batch2,32,809.0,957.3288945072138,18.334844809297135,True
scaling,historical28,importance,Batch2,33,1140.0,1008.557985100798,11.530001306947549,True
scaling,historical28,importance,Batch2,34,1186.0,1119.523062780025,5.605138045529095,True
scaling,historical28,importance,Batch2,4,444.0,497.5458017557107,12.059865260295208,True
scaling,historical28,importance,Batch2,41,442.0,466.7859947180594,5.607691112683118,True
scaling,historical28,importance,Batch2,42,474.0,625.452520804027,31.952008608444515,True
scaling,historical28,importance,Batch2,43,1029.0,1029.0950102817085,0.009233263528499,True
scaling,historical28,importance,Batch2,44,841.0,1076.5287433007888,28.00579587405337,True
scaling,historical28,importance,Batch2,45,997.0,979.70471825229,1.7347323718866563,True
scaling,historical28,importance,Batch2,46,503.0,638.8975571808774,27.01740699421021,True
scaling,historical28,importance,Batch2,5,416.0,422.55271453672617,1.575171763636099,True
scaling,historical28,importance,Batch2,6,393.0,649.7224115256436,65.32376883604161,True
scaling,historical28,importance,Batch2,7,777.0,1008.57934913793,29.80429203834361,True
scaling,historical28,importance,Batch2,8,904.0,942.4741730345964,4.255992592322603,True
scaling,historical28,importance,Batch2,9,791.0,1066.249493588932,34.7976603778675,True
scaling,historical28,baseline,Batch3,0,1009.0,1011.0977724378312,0.2079060889822875,False
scaling,historical28,baseline,Batch3,1,1063.0,1031.4020134567086,2.9725293079295794,False
scaling,historical28,baseline,Batch3,10,1078.0,1094.5897031206412,1.538933499131833,False
scaling,historical28,baseline,Batch3,11,817.0,830.1962005924672,1.6152020309017407,False
scaling,historical28,baseline,Batch3,12,932.0,861.2688296227093,7.589181370953939,False
scaling,historical28,baseline,Batch3,13,816.0,935.4370121275242,14.636888741118163,False
scaling,historical28,baseline,Batch3,14,858.0,887.825824290427,3.4762032972525665,False
scaling,historical28,baseline,Batch3,15,876.0,888.3364592827444,1.408271607619222,False
scaling,historical28,baseline,Batch3,16,1638.0,1236.80110117204,24.49321726666422,False
scaling,historical28,baseline,Batch3,17,1315.0,1108.8316345114229,15.678202698751114,False
scaling,historical28,baseline,Batch3,18,1146.0,1015.5863045679624,11.379903615361052,False
scaling,historical28,baseline,Batch3,19,1155.0,974.3477967594804,15.640883397447585,False
scaling,historical28,baseline,Batch3,2,1267.0,1279.4242503572057,0.9806038166697446,False
scaling,historical28,baseline,Batch3,20,813.0,921.313288417502,13.322667702029769,False
scaling,historical28,baseline,Batch3,21,772.0,739.4954900028727,4.210428756104578,False
scaling,historical28,baseline,Batch3,22,1002.0,911.5085250172764,9.031085327617117,False
scaling,historical28,baseline,Batch3,24,825.0,965.9670762342852,17.086918331428492,False
scaling,historical28,baseline,Batch3,25,989.0,961.6005270931132,2.770421931940007,False
scaling,historical28,baseline,Batch3,26,1028.0,998.2368338886736,2.8952496217243717,False
scaling,historical28,baseline,Batch3,27,850.0,953.3496069662418,12.158777290146098,False
scaling,historical28,baseline,Batch3,28,541.0,612.5965991682717,13.23412184256409,False
scaling,historical28,baseline,Batch3,29,858.0,919.92280649144,7.217110313687651,False
scaling,historical28,baseline,Batch3,3,1115.0,946.557121131996,15.106984651838932,False
scaling,historical28,baseline,Batch3,30,935.0,938.3294093437778,0.35608656083185,False
scaling,historical28,baseline,Batch3,31,731.0,807.4358845432803,10.456345354757904,False
scaling,historical28,baseline,Batch3,33,1284.0,1086.826373404136,15.35620144827602,False
scaling,historical28,baseline,Batch3,34,1158.0,1041.5053540504082,10.059986696855942,False
scaling,historical28,baseline,Batch3,35,1093.0,1005.9465676252132,7.964632422212869,False
scaling,historical28,baseline,Batch3,36,923.0,1015.2879370638176,9.99869307300299,False
scaling,historical28,baseline,Batch3,37,1390.0,1439.8756287861966,3.5881747328198963,False
scaling,historical28,baseline,Batch3,38,1935.0,1059.7834314834822,45.23083041429032,False
scaling,historical28,baseline,Batch3,39,1156.0,1116.3259705662608,3.4320094665864342,False
scaling,historical28,baseline,Batch3,4,1048.0,977.6242710021154,6.715241316592043,False
scaling,historical28,baseline,Batch3,40,796.0,1036.2061664234218,30.176654073294195,False
scaling,historical28,baseline,Batch3,41,786.0,998.2378166883394,27.002266754241656,False
scaling,historical28,baseline,Batch3,42,1642.0,1061.8635050758703,35.331089824855646,False
scaling,historical28,baseline,Batch3,43,1046.0,1047.0743849324692,0.1027136646720104,False
scaling,historical28,baseline,Batch3,44,940.0,954.0342582764148,1.4930061996185826,False
scaling,historical28,baseline,Batch3,45,1801.0,1149.5817669931912,36.16980749621371,False
scaling,historical28,baseline,Batch3,5,828.0,945.4603444252058,14.186031935411329,False
scaling,historical28,baseline,Batch3,6,667.0,649.7871869968105,2.58063163466109,False
scaling,historical28,baseline,Batch3,7,1836.0,1133.4557259269202,38.26493867500435,False
scaling,historical28,baseline,Batch3,8,828.0,934.0996993174678,12.81397334752026,False
scaling,historical28,baseline,Batch3,9,1039.0,879.101644858961,15.3896395708411,False
scaling,historical28,y_standard,Batch3,0,1009.0,1011.0977724378312,0.2079060889822762,False
scaling,historical28,y_standard,Batch3,1,1063.0,1031.4020134567086,2.9725293079295794,False
scaling,historical28,y_standard,Batch3,10,1078.0,1094.5897031206412,1.538933499131833,False
scaling,historical28,y_standard,Batch3,11,817.0,830.1962005924671,1.6152020309017268,False
scaling,historical28,y_standard,Batch3,12,932.0,861.2688296227093,7.589181370953939,False
scaling,historical28,y_standard,Batch3,13,816.0,935.4370121275242,14.636888741118163,False
scaling,historical28,y_standard,Batch3,14,858.0,887.825824290427,3.4762032972525665,False
scaling,historical28,y_standard,Batch3,15,876.0,888.3364592827444,1.408271607619222,False
scaling,historical28,y_standard,Batch3,16,1638.0,1236.80110117204,24.49321726666422,False
scaling,historical28,y_standard,Batch3,17,1315.0,1108.8316345114229,15.678202698751114,False
scaling,historical28,y_standard,Batch3,18,1146.0,1015.5863045679624,11.379903615361052,False
scaling,historical28,y_standard,Batch3,19,1155.0,974.3477967594804,15.640883397447585,False
scaling,historical28,y_standard,Batch3,2,1267.0,1279.4242503572057,0.9806038166697446,False
scaling,historical28,y_standard,Batch3,20,813.0,921.313288417502,13.322667702029769,False
scaling,historical28,y_standard,Batch3,21,772.0,739.4954900028727,4.210428756104578,False
scaling,historical28,y_standard,Batch3,22,1002.0,911.5085250172764,9.031085327617117,False
scaling,historical28,y_standard,Batch3,24,825.0,965.9670762342852,17.086918331428492,False
scaling,historical28,y_standard,Batch3,25,989.0,961.6005270931132,2.770421931940007,False
scaling,historical28,y_standard,Batch3,26,1028.0,998.2368338886736,2.8952496217243717,False
scaling,historical28,y_standard,Batch3,27,850.0,953.3496069662418,12.158777290146098,False
scaling,historical28,y_standard,Batch3,28,541.0,612.5965991682717,13.23412184256409,False
scaling,historical28,y_standard,Batch3,29,858.0,919.92280649144,7.217110313687651,False
scaling,historical28,y_standard,Batch3,3,1115.0,946.557121131996,15.106984651838932,False
scaling,historical28,y_standard,Batch3,30,935.0,938.3294093437776,0.3560865608318378,False
scaling,historical28,y_standard,Batch3,31,731.0,807.4358845432803,10.456345354757904,False
scaling,historical28,y_standard,Batch3,33,1284.0,1086.826373404136,15.356201448276003,False
scaling,historical28,y_standard,Batch3,34,1158.0,1041.5053540504082,10.059986696855942,False
scaling,historical28,y_standard,Batch3,35,1093.0,1005.9465676252132,7.964632422212869,False
scaling,historical28,y_standard,Batch3,36,923.0,1015.2879370638176,9.99869307300299,False
scaling,historical28,y_standard,Batch3,37,1390.0,1439.8756287861966,3.5881747328198963,False
scaling,historical28,y_standard,Batch3,38,1935.0,1059.7834314834822,45.23083041429032,False
scaling,historical28,y_standard,Batch3,39,1156.0,1116.3259705662608,3.4320094665864342,False
scaling,historical28,y_standard,Batch3,4,1048.0,977.6242710021154,6.715241316592043,False
scaling,historical28,y_standard,Batch3,40,796.0,1036.2061664234218,30.176654073294195,False
scaling,historical28,y_standard,Batch3,41,786.0,998.2378166883394,27.002266754241656,False
scaling,historical28,y_standard,Batch3,42,1642.0,1061.8635050758703,35.331089824855646,False
scaling,historical28,y_standard,Batch3,43,1046.0,1047.0743849324692,0.1027136646720104,False
scaling,historical28,y_standard,Batch3,44,940.0,954.0342582764146,1.4930061996185704,False
scaling,historical28,y_standard,Batch3,45,1801.0,1149.5817669931914,36.16980749621369,False
scaling,historical28,y_standard,Batch3,5,828.0,945.4603444252056,14.186031935411313,False
scaling,historical28,y_standard,Batch3,6,667.0,649.7871869968105,2.58063163466109,False
scaling,historical28,y_standard,Batch3,7,1836.0,1133.4557259269202,38.26493867500435,False
scaling,historical28,y_standard,Batch3,8,828.0,934.0996993174678,12.81397334752026,False
scaling,historical28,y_standard,Batch3,9,1039.0,879.101644858961,15.3896395708411,False
scaling,historical28,y_log,Batch3,0,1009.0,1036.581044010701,2.733502875193328,False
scaling,historical28,y_log,Batch3,1,1063.0,1064.4006580973785,0.1317646375708826,False
scaling,historical28,y_log,Batch3,10,1078.0,1155.844642792521,7.221209906541835,False
scaling,historical28,y_log,Batch3,11,817.0,818.7037988214961,0.2085433074046626,False
scaling,historical28,y_log,Batch3,12,932.0,852.5673839687493,8.522812878889566,False
scaling,historical28,y_log,Batch3,13,816.0,939.1678850127092,15.094103555479084,False
scaling,historical28,y_log,Batch3,14,858.0,882.6176802526261,2.869193502637073,False
scaling,historical28,y_log,Batch3,15,876.0,883.205745188704,0.8225736516785372,False
scaling,historical28,y_log,Batch3,16,1638.0,1391.4219627986463,15.05360422474687,False
scaling,historical28,y_log,Batch3,17,1315.0,1177.5169878708475,10.45498191096215,False
scaling,historical28,y_log,Batch3,18,1146.0,1042.6676753133208,9.016782258872528,False
scaling,historical28,y_log,Batch3,19,1155.0,988.0644446635612,14.453294834323698,False
scaling,historical28,y_log,Batch3,2,1267.0,1470.9701471397095,16.09866986106626,False
scaling,historical28,y_log,Batch3,20,813.0,922.02453623448,13.41015205836164,False
scaling,historical28,y_log,Batch3,21,772.0,727.3559579429418,5.78290700220961,False
scaling,historical28,y_log,Batch3,22,1002.0,910.3079006280404,9.15090812095406,False
scaling,historical28,y_log,Batch3,24,825.0,977.3222627472802,18.4633045754279,False
scaling,historical28,y_log,Batch3,25,989.0,971.7716949980636,1.741992416778212,False
scaling,historical28,y_log,Batch3,26,1028.0,1019.3371335210932,0.8426912917224548,False
scaling,historical28,y_log,Batch3,27,850.0,961.3693992054776,13.102282259467945,False
scaling,historical28,y_log,Batch3,28,541.0,616.3987986791993,13.936931363992484,False
scaling,historical28,y_log,Batch3,29,858.0,920.3537861227732,7.267341039950252,False
scaling,historical28,y_log,Batch3,3,1115.0,952.889435074845,14.539064118847984,False
scaling,historical28,y_log,Batch3,30,935.0,942.717801313686,0.8254332955813762,False
scaling,historical28,y_log,Batch3,31,731.0,794.7556525113102,8.721703489919323,False
scaling,historical28,y_log,Batch3,33,1284.0,1144.1994165447943,10.887895907726282,False
scaling,historical28,y_log,Batch3,34,1158.0,1078.520582540833,6.8635075526051,False
scaling,historical28,y_log,Batch3,35,1093.0,1029.6395759455272,5.796928092815443,False
scaling,historical28,y_log,Batch3,36,923.0,1042.2619702991285,12.921123542700787,False
scaling,historical28,y_log,Batch3,37,1390.0,1813.408995257324,30.46107879549092,False
scaling,historical28,y_log,Batch3,38,1935.0,1104.5427660627124,42.91768650838695,False
scaling,historical28,y_log,Batch3,39,1156.0,1189.0840270426484,2.8619400555924184,False
scaling,historical28,y_log,Batch3,4,1048.0,992.2961735221312,5.315250618117263,False
scaling,historical28,y_log,Batch3,40,796.0,1071.0915011372051,34.559233811206674,False
scaling,historical28,y_log,Batch3,41,786.0,1019.3384402351847,29.68682445740264,False
scaling,historical28,y_log,Batch3,42,1642.0,1107.5436415496852,32.54910831000699,False
scaling,historical28,y_log,Batch3,43,1046.0,1086.3835020713163,3.86075545614879,False
scaling,historical28,y_log,Batch3,44,940.0,962.228316054108,2.3647144738412713,False
scaling,historical28,y_log,Batch3,45,1801.0,1241.7986018193687,31.049494624132773,False
scaling,historical28,y_log,Batch3,5,828.0,951.527214082534,14.9187456621418,False
scaling,historical28,y_log,Batch3,6,667.0,647.0373800343535,2.992896546573683,False
scaling,historical28,y_log,Batch3,7,1836.0,1215.9512011966087,33.77172106772284,False
scaling,historical28,y_log,Batch3,8,828.0,937.531087465636,13.2283922059947,False
scaling,historical28,y_log,Batch3,9,1039.0,872.6308887033407,16.012426496309846,False
scaling,historical28,y_sqrt,Batch3,0,1009.0,1022.0533043680156,1.293687251537718,False
scaling,historical28,y_sqrt,Batch3,1,1063.0,1045.5541676787084,1.6411883651262105,False
scaling,historical28,y_sqrt,Batch3,10,1078.0,1120.399063255858,3.9331227510072337,False
scaling,historical28,y_sqrt,Batch3,11,817.0,824.4634266210697,0.9135161102900544,False
scaling,historical28,y_sqrt,Batch3,12,932.0,856.8942427891606,8.058557640648008,False
scaling,historical28,y_sqrt,Batch3,13,816.0,936.8331073990056,14.80797884791734,False
scaling,historical28,y_sqrt,Batch3,14,858.0,885.1078780898941,3.159426350803513,False
scaling,historical28,y_sqrt,Batch3,15,876.0,885.6548446508193,1.1021512158469535,False
scaling,historical28,y_sqrt,Batch3,16,1638.0,1298.3096951514908,20.738113849115337,False
scaling,historical28,y_sqrt,Batch3,17,1315.0,1137.6256843735125,13.488541112280416,False
scaling,historical28,y_sqrt,Batch3,18,1146.0,1027.2254951957202,10.364267434928427,False
scaling,historical28,y_sqrt,Batch3,19,1155.0,980.1968420629356,15.134472548663592,False
scaling,historical28,y_sqrt,Batch3,2,1267.0,1354.1848466976148,6.881203369977492,False
scaling,historical28,y_sqrt,Batch3,20,813.0,921.3357357682918,13.325428753787426,False
scaling,historical28,y_sqrt,Batch3,21,772.0,733.3764493757598,5.003050598994849,False
scaling,historical28,y_sqrt,Batch3,22,1002.0,910.6533872889952,9.11642841427195,False
scaling,historical28,y_sqrt,Batch3,24,825.0,970.7741386734295,17.66959256647631,False
scaling,historical28,y_sqrt,Batch3,25,989.0,965.8827252712516,2.337439305232383,False
scaling,historical28,y_sqrt,Batch3,26,1028.0,1007.3057750139596,2.013056905256855,False
scaling,historical28,y_sqrt,Batch3,27,850.0,956.6737625366538,12.549854416076924,False
scaling,historical28,y_sqrt,Batch3,28,541.0,614.8830747206836,13.656760576836149,False
scaling,historical28,y_sqrt,Batch3,29,858.0,919.8170069129068,7.204779360478645,False
scaling,historical28,y_sqrt,Batch3,3,1115.0,949.1256822403788,14.876620426871847,False
scaling,historical28,y_sqrt,Batch3,30,935.0,940.0227591049734,0.5371934871629278,False
scaling,historical28,y_sqrt,Batch3,31,731.0,801.1052059249598,9.59031544801092,False
scaling,historical28,y_sqrt,Batch3,33,1284.0,1111.0641138720716,13.46852695700377,False
scaling,historical28,y_sqrt,Batch3,34,1158.0,1057.3476703641134,8.691911022097292,False
scaling,historical28,y_sqrt,Batch3,35,1093.0,1016.1335949837552,7.032607961230094,False
scaling,historical28,y_sqrt,Batch3,36,923.0,1026.88127761267,11.254742969953403,False
scaling,historical28,y_sqrt,Batch3,37,1390.0,1575.0785429015664,13.315003086443626,False
scaling,historical28,y_sqrt,Batch3,38,1935.0,1078.8515047592946,44.245400270837486,False
scaling,historical28,y_sqrt,Batch3,39,1156.0,1146.7433877250608,0.8007450064826335,False
scaling,historical28,y_sqrt,Batch3,4,1048.0,983.8930574508202,6.117074670723268,False
scaling,historical28,y_sqrt,Batch3,40,796.0,1051.1537473850574,32.054490877519775,False
scaling,historical28,y_sqrt,Batch3,41,786.0,1007.3068978873874,28.15609387880247,False
scaling,historical28,y_sqrt,Batch3,42,1642.0,1081.312393648818,34.146626452568945,False
scaling,historical28,y_sqrt,Batch3,43,1046.0,1063.876606643552,1.7090446121942535,False
scaling,historical28,y_sqrt,Batch3,44,940.0,957.4362327886092,1.8549183817669397,False
scaling,historical28,y_sqrt,Batch3,45,1801.0,1187.6418496204765,34.0565325030274,False
scaling,historical28,y_sqrt,Batch3,5,828.0,947.9097036294992,14.481848264432251,False
scaling,historical28,y_sqrt,Batch3,6,667.0,648.529360414598,2.769211332144221,False
scaling,historical28,y_sqrt,Batch3,7,1836.0,1167.720316907218,36.39867554971579,False
scaling,historical28,y_sqrt,Batch3,8,828.0,935.3601901848072,12.966206544058831,False
scaling,historical28,y_sqrt,Batch3,9,1039.0,875.7890765305191,15.708462316600665,False
scaling,historical28,relative_q,Batch3,0,1009.0,1011.0211780291788,0.2003149682040576,False
scaling,historical28,relative_q,Batch3,1,1063.0,1030.756430552817,3.033261471983355,False
scaling,historical28,relative_q,Batch3,10,1078.0,1093.4698095401109,1.4350472671716952,False
scaling,historical28,relative_q,Batch3,11,817.0,826.8491913445337,1.20553137631991,False
scaling,historical28,relative_q,Batch3,12,932.0,860.9921222129285,7.618871007196512,False
scaling,historical28,relative_q,Batch3,13,816.0,933.503355802566,14.399921054236048,False
scaling,historical28,relative_q,Batch3,14,858.0,888.1717941722659,3.5165261273037167,False
scaling,historical28,relative_q,Batch3,15,876.0,886.2163792955907,1.1662533442455183,False
scaling,historical28,relative_q,Batch3,16,1638.0,1238.034632111824,24.41791012748327,False
scaling,historical28,relative_q,Batch3,17,1315.0,1109.8346988544904,15.60192404148362,False
scaling,historical28,relative_q,Batch3,18,1146.0,1015.355749165508,11.40002188782652,False
scaling,historical28,relative_q,Batch3,19,1155.0,974.9453120940092,15.589150468051164,False
scaling,historical28,relative_q,Batch3,2,1267.0,1281.02568750797,1.10699980331256,False
scaling,historical28,relative_q,Batch3,20,813.0,918.44953645758,12.970422688509233,False
scaling,historical28,relative_q,Batch3,21,772.0,733.4394437928552,4.994890700407361,False
scaling,historical28,relative_q,Batch3,22,1002.0,904.7403595175696,9.706550946350356,False
scaling,historical28,relative_q,Batch3,24,825.0,956.5360575791814,15.943764555052288,False
scaling,historical28,relative_q,Batch3,25,989.0,958.1317062176294,3.121162162019276,False
scaling,historical28,relative_q,Batch3,26,1028.0,999.8831494111382,2.7351021973600953,False
scaling,historical28,relative_q,Batch3,27,850.0,949.439306906519,11.698741989002242,False
scaling,historical28,relative_q,Batch3,28,541.0,597.3392946382241,10.413917678045127,False
scaling,historical28,relative_q,Batch3,29,858.0,918.0709349113564,7.001274465193068,False
scaling,historical28,relative_q,Batch3,3,1115.0,943.0153209867012,15.424634889085093,False
scaling,historical28,relative_q,Batch3,30,935.0,937.5186329220198,0.2693725050288592,False
scaling,historical28,relative_q,Batch3,31,731.0,803.8722441036431,9.968843242632431,False
scaling,historical28,relative_q,Batch3,33,1284.0,1084.8044134339414,15.513674966203943,False
scaling,historical28,relative_q,Batch3,34,1158.0,1039.2832956988568,10.251874291981276,False
scaling,historical28,relative_q,Batch3,35,1093.0,1003.5678917048342,8.182260594251215,False
scaling,historical28,relative_q,Batch3,36,923.0,1011.0261014831452,9.53695574031908,False
scaling,historical28,relative_q,Batch3,37,1390.0,1438.5900161126394,3.495684612420103,False
scaling,historical28,relative_q,Batch3,38,1935.0,1061.3434650900697,45.15020852247703,False
scaling,historical28,relative_q,Batch3,39,1156.0,1109.909762697689,3.987044749334855,False
scaling,historical28,relative_q,Batch3,4,1048.0,978.6501987176408,6.617347450606781,False
scaling,historical28,relative_q,Batch3,40,796.0,1033.633818962243,29.85349484450288,False
scaling,historical28,relative_q,Batch3,41,786.0,990.994940844141,26.08078127788053,False
scaling,historical28,relative_q,Batch3,42,1642.0,1062.2302820093723,35.30875261818682,False
scaling,historical28,relative_q,Batch3,43,1046.0,1048.6557956340057,0.253900156214694,False
scaling,historical28,relative_q,Batch3,44,940.0,954.0501359087324,1.4946953094396276,False
scaling,historical28,relative_q,Batch3,45,1801.0,1152.4581253296612,36.010098538053235,False
scaling,historical28,relative_q,Batch3,5,828.0,937.130466083178,13.180007981060164,False
scaling,historical28,relative_q,Batch3,6,667.0,639.2384878309733,4.1621457524777625,False
scaling,historical28,relative_q,Batch3,7,1836.0,1135.614086235944,38.1473809239682,False
scaling,historical28,relative_q,Batch3,8,828.0,931.6863434406268,12.522505246452518,False
scaling,historical28,relative_q,Batch3,9,1039.0,877.6844240464027,15.52604195896028,False
scaling,historical28,coral_spread,Batch3,0,1009.0,962.478909148059,4.610613563125971,True
scaling,historical28,coral_spread,Batch3,1,1063.0,978.3864762564274,7.95987993824766,True
scaling,historical28,coral_spread,Batch3,10,1078.0,1027.8915236412197,4.648281665935115,True
scaling,historical28,coral_spread,Batch3,11,817.0,820.7497062951192,0.4589603788395537,True
scaling,historical28,coral_spread,Batch3,12,932.0,845.0938780901869,9.324691192040037,True
scaling,historical28,coral_spread,Batch3,13,816.0,903.2017058786836,10.68648356356418,True
scaling,historical28,coral_spread,Batch3,14,858.0,865.900229555407,0.9207726754553625,True
scaling,historical28,coral_spread,Batch3,15,876.0,866.3002918084416,1.1072726246071285,True
scaling,historical28,coral_spread,Batch3,16,1638.0,1139.308510662515,30.445145869199337,True
scaling,historical28,coral_spread,Batch3,17,1315.0,1039.0495117256305,20.98482800565549,True
scaling,historical28,coral_spread,Batch3,18,1146.0,965.99549595432,15.707199305905762,True
scaling,historical28,coral_spread,Batch3,19,1155.0,933.6867615474296,19.161319346542896,True
scaling,historical28,coral_spread,Batch3,2,1267.0,1172.7020566415367,7.442615892538537,True
scaling,historical28,coral_spread,Batch3,20,813.0,892.1363288213316,9.733865783681626,True
scaling,historical28,coral_spread,Batch3,21,772.0,749.6892988098435,2.8899872007974694,True
scaling,historical28,coral_spread,Batch3,22,1002.0,884.4546857780997,11.731069283622784,True
scaling,historical28,coral_spread,Batch3,24,825.0,927.1207995867202,12.378278737784266,True
scaling,historical28,coral_spread,Batch3,25,989.0,923.6997816116776,6.6026509998303835,True
scaling,historical28,coral_spread,Batch3,26,1028.0,952.4028741533444,7.353806016211641,True
scaling,historical28,coral_spread,Batch3,27,850.0,917.2355131122064,7.91006036614194,True
scaling,historical28,coral_spread,Batch3,28,541.0,650.2690535491547,20.19760694069403,True
scaling,historical28,coral_spread,Batch3,29,858.0,891.0469414105321,3.851624873022389,True
scaling,historical28,coral_spread,Batch3,3,1115.0,911.9138700061948,18.214002690027364,True
scaling,historical28,coral_spread,Batch3,30,935.0,905.467784319086,3.158525741274233,True
scaling,historical28,coral_spread,Batch3,31,731.0,802.9179018645327,9.838290268745926,True
scaling,historical28,coral_spread,Batch3,33,1284.0,1021.8092628792988,20.419839339618477,True
scaling,historical28,coral_spread,Batch3,34,1158.0,986.3020426823556,14.827112030884663,True
scaling,historical28,coral_spread,Batch3,35,1093.0,958.4431445918028,12.310782745489222,True
scaling,historical28,coral_spread,Batch3,36,923.0,965.7617368548922,4.6329075682440095,True
scaling,historical28,coral_spread,Batch3,37,1390.0,1298.4093444744756,6.589255793203195,True
scaling,historical28,coral_spread,Batch3,38,1935.0,1000.62219102517,48.288258861748325,True
scaling,historical28,coral_spread,Batch3,39,1156.0,1044.9210266280666,9.60890773113611,True
scaling,historical28,coral_spread,Batch3,4,1048.0,936.2537490967352,10.662810200693206,True
scaling,historical28,coral_spread,Batch3,40,796.0,982.1503394634198,23.38572103811806,True
scaling,historical28,coral_spread,Batch3,41,786.0,952.4036441378825,21.17094709133363,True
scaling,historical28,coral_spread,Batch3,42,1642.0,1002.2518461415808,38.96151972341164,True
scaling,historical28,coral_spread,Batch3,43,1046.0,990.665157383496,5.290137917447804,True
scaling,historical28,coral_spread,Batch3,44,940.0,917.7719102448194,2.364690399487295,True
scaling,historical28,coral_spread,Batch3,45,1801.0,1070.97562344416,40.534390702711825,True
scaling,historical28,coral_spread,Batch3,5,828.0,911.054588979638,10.030747461308934,True
scaling,historical28,coral_spread,Batch3,6,667.0,679.4064032847155,1.8600304774685836,True
scaling,historical28,coral_spread,Batch3,7,1836.0,1058.3415101958235,42.3561268956523,True
scaling,historical28,coral_spread,Batch3,8,828.0,902.153974360373,8.955794004875967,True
scaling,historical28,coral_spread,Batch3,9,1039.0,859.0651811710588,17.318076884402423,True
scaling,historical28,coral_full,Batch3,0,1009.0,799.510196906189,20.762121218415363,True
scaling,historical28,coral_full,Batch3,1,1063.0,815.4177640145574,23.29089708235584,True
scaling,historical28,coral_full,Batch3,10,1078.0,864.9228113993494,19.765972968520465,True
scaling,historical28,coral_full,Batch3,11,817.0,657.7809940532491,19.48825042187894,True
scaling,historical28,coral_full,Batch3,12,932.0,682.1251658483168,26.81060452271279,True
scaling,historical28,coral_full,Batch3,13,816.0,740.2329936368136,9.285172348429706,True
scaling,historical28,coral_full,Batch3,14,858.0,702.9315173135369,18.073249730357,True
scaling,historical28,coral_full,Batch3,15,876.0,703.3315795665716,19.7110068987932,True
scaling,historical28,coral_full,Batch3,16,1638.0,976.3397984206448,40.39439570081532,True
scaling,historical28,coral_full,Batch3,17,1315.0,876.0807994837602,33.37788597081671,True
scaling,historical28,coral_full,Batch3,18,1146.0,803.02678371245,29.927854824393545,True
scaling,historical28,coral_full,Batch3,19,1155.0,770.7180493055596,33.27116456228921,True
scaling,historical28,coral_full,Batch3,2,1267.0,1009.7333443996666,20.305181973191267,True
scaling,historical28,coral_full,Batch3,20,813.0,729.1676165794615,10.311486275588988,True
scaling,historical28,coral_full,Batch3,21,772.0,586.7205865679734,23.99992401969256,True
scaling,historical28,coral_full,Batch3,22,1002.0,721.4859735362297,27.995411822731565,True
scaling,historical28,coral_full,Batch3,24,825.0,764.1520873448501,7.375504564260595,True
scaling,historical28,coral_full,Batch3,25,989.0,760.7310693698074,23.08078166129349,True
scaling,historical28,coral_full,Batch3,26,1028.0,789.4341619114743,23.20679358837798,True
scaling,historical28,coral_full,Batch3,27,850.0,754.2668008703365,11.262729309372174,True
scaling,historical28,coral_full,Batch3,28,541.0,487.3003413072846,9.925999758357742,True
scaling,historical28,coral_full,Batch3,29,858.0,728.078229168662,15.142397532789976,True
scaling,historical28,coral_full,Batch3,3,1115.0,748.9451577643248,32.83003069378253,True
scaling,historical28,coral_full,Batch3,30,935.0,742.4990720772159,20.588334537196157,True
scaling,historical28,coral_full,Batch3,31,731.0,639.9491896226626,12.455651214410036,True
scaling,historical28,coral_full,Batch3,33,1284.0,858.8405506374288,33.11210664817533,True
scaling,historical28,coral_full,Batch3,34,1158.0,823.3333304404856,28.90040324348138,True
scaling,historical28,coral_full,Batch3,35,1093.0,795.4744323499327,27.221003444653913,True
scaling,historical28,coral_full,Batch3,36,923.0,802.7930246130222,13.023507625891416,True
scaling,historical28,coral_full,Batch3,37,1390.0,1135.4406322326056,18.31362358038809,True
scaling,historical28,coral_full,Batch3,38,1935.0,837.6534787832999,56.710414533162805,True
scaling,historical28,coral_full,Batch3,39,1156.0,881.9523143861966,23.7065471984259,True
scaling,historical28,coral_full,Batch3,4,1048.0,773.2850368548651,26.213259842093024,True
scaling,historical28,coral_full,Batch3,40,796.0,819.1816272215498,2.9122647263253487,True
scaling,historical28,coral_full,Batch3,41,786.0,789.4349318960124,0.4370142361338878,True
scaling,historical28,coral_full,Batch3,42,1642.0,839.283133899711,48.886532649225884,True
scaling,historical28,coral_full,Batch3,43,1046.0,827.6964451416259,20.870320732158135,True
scaling,historical28,coral_full,Batch3,44,940.0,754.8031980029493,19.701787446494752,True
scaling,historical28,coral_full,Batch3,45,1801.0,908.00691120229,49.5831809437929,True
scaling,historical28,coral_full,Batch3,5,828.0,748.0858767377679,9.651464162105327,True
scaling,historical28,coral_full,Batch3,6,667.0,516.4376910428454,22.57305981366636,True
scaling,historical28,coral_full,Batch3,7,1836.0,895.3727979539536,51.23241841209403,True
scaling,historical28,coral_full,Batch3,8,828.0,739.1852621185029,10.726417618538294,True
scaling,historical28,coral_full,Batch3,9,1039.0,696.0964689291889,33.0032272445439,True
scaling,historical28,coral_half,Batch3,0,1009.0,892.4589816020324,11.550150485427908,True
scaling,historical28,coral_half,Batch3,1,1063.0,910.2979735384368,14.365195339751953,True
scaling,historical28,coral_half,Batch3,10,1078.0,965.8136998020738,10.40689241168147,True
scaling,historical28,coral_half,Batch3,11,817.0,733.5216601610592,10.217667054949912,True
scaling,historical28,coral_half,Batch3,12,932.0,760.8215911556736,18.366782064841892,True
scaling,historical28,coral_half,Batch3,13,816.0,825.9846084982597,1.2236039826298672,True
scaling,historical28,coral_half,Batch3,14,858.0,784.1541556820742,8.606741761996007,True
scaling,historical28,coral_half,Batch3,15,876.0,784.6027916838793,10.433471268963547,True
scaling,historical28,coral_half,Batch3,16,1638.0,1090.7584333060277,33.40913105579807,True
scaling,historical28,coral_half,Batch3,17,1315.0,978.3264403178492,25.6025520670837,True
scaling,historical28,coral_half,Batch3,18,1146.0,896.4025364682919,21.779883379730197,True
scaling,historical28,coral_half,Batch3,19,1155.0,860.171021703426,25.52631846723584,True
scaling,historical28,coral_half,Batch3,2,1267.0,1128.2064725561236,10.954500982152837,True
scaling,historical28,coral_half,Batch3,20,813.0,813.5757234214503,0.0708146889852809,True
scaling,historical28,coral_half,Batch3,21,772.0,653.833419495988,15.306551878758034,True
scaling,historical28,coral_half,Batch3,22,1002.0,804.9614100338009,19.664529936746415,True
scaling,historical28,coral_half,Batch3,24,825.0,852.8078503476871,3.3706485269923783,True
scaling,historical28,coral_half,Batch3,25,989.0,848.9714678477524,14.158597790924938,True
scaling,historical28,coral_half,Batch3,26,1028.0,881.159560025047,14.284089491726949,True
scaling,historical28,coral_half,Batch3,27,850.0,841.722337113226,0.9738426925616482,True
scaling,historical28,coral_half,Batch3,28,541.0,542.3420178606141,0.2480624511301438,True
scaling,historical28,coral_half,Batch3,29,858.0,812.3540675199234,5.320038750591675,True
scaling,historical28,coral_half,Batch3,3,1115.0,835.7545641778773,25.04443370601997,True
scaling,historical28,coral_half,Batch3,30,935.0,828.5258239305259,11.387612413847496,True
scaling,historical28,coral_half,Batch3,31,731.0,713.5247987125585,2.390588411414699,True
scaling,historical28,coral_half,Batch3,33,1284.0,958.9929584562816,25.312074886582423,True
scaling,historical28,coral_half,Batch3,34,1158.0,919.1746122275748,20.623954039069524,True
scaling,historical28,coral_half,Batch3,35,1093.0,887.933212772278,18.76182865761409,True
scaling,historical28,coral_half,Batch3,36,923.0,896.1403953966029,2.910033001451472,True
scaling,historical28,coral_half,Batch3,37,1390.0,1269.1765705429711,8.692333054462507,True
scaling,historical28,coral_half,Batch3,38,1935.0,935.233448193836,51.667522057166096,True
scaling,historical28,coral_half,Batch3,39,1156.0,984.9108479953712,14.800099654379643,True
scaling,historical28,coral_half,Batch3,4,1048.0,863.0496812672019,17.647931176793712,True
scaling,historical28,coral_half,Batch3,40,796.0,914.5188279872572,14.889299998399142,True
scaling,historical28,coral_half,Batch3,41,786.0,881.1604234976239,12.10692410911246,True
scaling,historical28,coral_half,Batch3,42,1642.0,937.0609686614682,42.93173150660973,True
scaling,historical28,coral_half,Batch3,43,1046.0,924.0674765757822,11.65702900805142,True
scaling,historical28,coral_half,Batch3,44,940.0,842.3238611588707,10.391078600120135,True
scaling,historical28,coral_half,Batch3,45,1801.0,1014.1288760786254,43.690789779087986,True
scaling,historical28,coral_half,Batch3,5,828.0,834.7909531367025,0.8201634223070599,True
scaling,historical28,coral_half,Batch3,6,667.0,575.0170927755846,13.79054081325568,True
scaling,historical28,coral_half,Batch3,7,1836.0,999.9607859599216,45.53590490414369,True
scaling,historical28,coral_half,Batch3,8,828.0,824.8096661592248,0.3853060194172976,True
scaling,historical28,coral_half,Batch3,9,1039.0,776.4892266465604,25.2657144709759,True
scaling,historical28,robust,Batch3,0,1009.0,815.8269589708278,19.144999110918945,True
scaling,historical28,robust,Batch3,1,1063.0,842.545708072827,20.738879767372815,True
scaling,historical28,robust,Batch3,10,1078.0,925.695628569532,14.128420355330984,True
scaling,historical28,robust,Batch3,11,817.0,577.7750315040615,29.2809018966877,True
scaling,historical28,robust,Batch3,12,932.0,618.664113653286,33.6197302947118,True
scaling,historical28,robust,Batch3,13,816.0,716.2634801036255,12.222612732398836,True
scaling,historical28,robust,Batch3,14,858.0,653.6109839534452,23.82156364178961,True
scaling,historical28,robust,Batch3,15,876.0,654.2829385578916,25.31016683129091,True
scaling,historical28,robust,Batch3,16,1638.0,1112.834397285248,32.06139210712771,True
scaling,historical28,robust,Batch3,17,1315.0,944.4368654965562,28.17970604588927,True
scaling,historical28,robust,Batch3,18,1146.0,821.7335064605732,28.29550554445261,True
scaling,historical28,robust,Batch3,19,1155.0,767.4669449845128,33.552645455886335,True
scaling,historical28,robust,Batch3,2,1267.0,1168.923035513917,7.740881174907888,True
scaling,historical28,robust,Batch3,20,813.0,697.6777949828082,14.184773064845237,True
scaling,historical28,robust,Batch3,21,772.0,458.420186998261,40.6191467618833,True
scaling,historical28,robust,Batch3,22,1002.0,684.7755144665589,31.659130292758594,True
scaling,historical28,robust,Batch3,24,825.0,756.4385904255572,8.310473887811247,True
scaling,historical28,robust,Batch3,25,989.0,750.6925627441458,24.09579749806413,True
scaling,historical28,robust,Batch3,26,1028.0,798.9029976175473,22.28570062086116,True
scaling,historical28,robust,Batch3,27,850.0,739.8350150758754,12.96058646166172,True
scaling,historical28,robust,Batch3,28,541.0,291.43144694245876,46.130970990303375,True
scaling,historical28,robust,Batch3,29,858.0,695.8480325366879,18.89883070667973,True
scaling,historical28,robust,Batch3,3,1115.0,730.8966497060314,34.44873096806893,True
scaling,historical28,robust,Batch3,30,935.0,720.0696423459151,22.987204027174855,True
scaling,historical28,robust,Batch3,31,731.0,547.8242850843832,25.058237334557703,True
scaling,historical28,robust,Batch3,33,1284.0,915.4797106882112,28.700957111510025,True
scaling,historical28,robust,Batch3,34,1158.0,855.8408921757011,26.09318720417089,True
scaling,historical28,robust,Batch3,35,1093.0,809.0483874973419,25.97910452906296,True
scaling,historical28,robust,Batch3,36,923.0,821.3408788082507,11.013989294880744,True
scaling,historical28,robust,Batch3,37,1390.0,1380.0641522554058,0.7148091902585744,True
scaling,historical28,robust,Batch3,38,1935.0,879.893372864202,54.52747427058389,True
scaling,historical28,robust,Batch3,39,1156.0,954.2988093411504,17.448199883983527,True
scaling,historical28,robust,Batch3,4,1048.0,771.778521720956,26.357011286168326,True
scaling,historical28,robust,Batch3,40,796.0,848.8675872135392,6.641656685117989,True
scaling,historical28,robust,Batch3,41,786.0,798.9042909029091,1.6417672904464518,True
scaling,historical28,robust,Batch3,42,1642.0,882.6305825130156,46.24661495048626,True
scaling,historical28,robust,Batch3,43,1046.0,863.1692891712219,17.47903545208204,True
scaling,historical28,robust,Batch3,44,940.0,740.7359611669829,21.198302003512463,True
scaling,historical28,robust,Batch3,45,1801.0,998.0607642988466,44.582967001729784,True
scaling,historical28,robust,Batch3,5,828.0,729.453379720101,11.901765734287318,True
scaling,historical28,robust,Batch3,6,667.0,340.37127110149686,48.96982442256419,True
scaling,historical28,robust,Batch3,7,1836.0,976.8401904858366,46.79519659663199,True
scaling,historical28,robust,Batch3,8,828.0,714.5036839403723,13.707284548264214,True
scaling,historical28,robust,Batch3,9,1039.0,642.1306650814694,38.19724108936772,True
scaling,historical28,quantile,Batch3,0,1009.0,808.5624925678575,19.864966048775276,True
scaling,historical28,quantile,Batch3,1,1063.0,826.2180911160671,22.27487383668231,True
scaling,historical28,quantile,Batch3,10,1078.0,904.74691990345,16.071714294670695,True
scaling,historical28,quantile,Batch3,11,817.0,626.2745803087265,23.34460461337497,True
scaling,historical28,quantile,Batch3,12,932.0,652.3790632632288,30.002246430984037,True
scaling,historical28,quantile,Batch3,13,816.0,720.7317565957931,11.675029828946933,True
scaling,historical28,quantile,Batch3,14,858.0,702.4610173238376,18.128086558993285,True
scaling,historical28,quantile,Batch3,15,876.0,710.289647262632,18.9167069334895,True
scaling,historical28,quantile,Batch3,16,1638.0,950.6230512142832,41.9644046877727,True
scaling,historical28,quantile,Batch3,17,1315.0,908.5094822341384,30.911826446073125,True
scaling,historical28,quantile,Batch3,18,1146.0,811.4297342198272,29.194613069823102,True
scaling,historical28,quantile,Batch3,19,1155.0,774.6706090020617,32.928951601553095,True
scaling,historical28,quantile,Batch3,2,1267.0,963.6896466578524,23.939254407430752,True
scaling,historical28,quantile,Batch3,20,813.0,718.1933748569888,11.66133150590543,True
scaling,historical28,quantile,Batch3,21,772.0,585.6461612453227,24.13909828428463,True
scaling,historical28,quantile,Batch3,22,1002.0,711.4811443315452,28.993897771302873,True
scaling,historical28,quantile,Batch3,24,825.0,772.0603285237771,6.416929875905804,True
scaling,historical28,quantile,Batch3,25,989.0,745.4831164428894,24.62253625451068,True
scaling,historical28,quantile,Batch3,26,1028.0,790.6106327049941,23.09235090418345,True
scaling,historical28,quantile,Batch3,27,850.0,722.6106362787044,14.986983967211245,True
scaling,historical28,quantile,Batch3,28,541.0,564.2011945056635,4.2885756942076645,True
scaling,historical28,quantile,Batch3,29,858.0,713.5429981809427,16.83648039849152,True
scaling,historical28,quantile,Batch3,3,1115.0,721.7323563895159,35.270640682554635,True
scaling,historical28,quantile,Batch3,30,935.0,720.962795029958,22.89167967594032,True
scaling,historical28,quantile,Batch3,31,731.0,605.2013847452288,17.209112893949552,True
scaling,historical28,quantile,Batch3,33,1284.0,901.1855130141292,29.81421238207716,True
scaling,historical28,quantile,Batch3,34,1158.0,864.924417411848,25.308772244227285,True
scaling,historical28,quantile,Batch3,35,1093.0,806.3661893588322,26.224502345943986,True
scaling,historical28,quantile,Batch3,36,923.0,810.2787726004694,12.21248400861653,True
scaling,historical28,quantile,Batch3,37,1390.0,973.1174403449724,29.991551054318524,True
scaling,historical28,quantile,Batch3,38,1935.0,888.9198777112406,54.060988231977234,True
scaling,historical28,quantile,Batch3,39,1156.0,910.06485012191,21.27466694447146,True
scaling,historical28,quantile,Batch3,4,1048.0,780.0708866335094,25.565755092222386,True
scaling,historical28,quantile,Batch3,40,796.0,852.7628232509984,7.131007946105325,True
scaling,historical28,quantile,Batch3,41,786.0,799.0566962807532,1.6611572876276282,True
scaling,historical28,quantile,Batch3,42,1642.0,898.255387735602,45.29504337785615,True
scaling,historical28,quantile,Batch3,43,1046.0,874.8319854560991,16.364054927715188,True
scaling,historical28,quantile,Batch3,44,940.0,723.918780066796,22.98736382268128,True
scaling,historical28,quantile,Batch3,45,1801.0,920.9925500794571,48.8621571305132,True
scaling,historical28,quantile,Batch3,5,828.0,721.2246488269684,12.895573813168069,True
scaling,historical28,quantile,Batch3,6,667.0,569.1829496304698,14.66522494295805,True
scaling,historical28,quantile,Batch3,7,1836.0,913.4918854898798,50.24554000599783,True
scaling,historical28,quantile,Batch3,8,828.0,720.3774748270125,12.99788951364583,True
scaling,historical28,quantile,Batch3,9,1039.0,686.3898549750244,33.937453804136254,True
scaling,historical28,importance,Batch3,0,1009.0,996.2708136427104,1.2615645547363294,True
scaling,historical28,importance,Batch3,1,1063.0,1014.9625938350322,4.519041031511554,True
scaling,historical28,importance,Batch3,10,1078.0,1073.1322345992835,0.4515552319774125,True
scaling,historical28,importance,Batch3,11,817.0,829.73553590269,1.5588171239522648,True
scaling,historical28,importance,Batch3,12,932.0,858.3405328238186,7.903376306457226,True
scaling,historical28,importance,Batch3,13,816.0,926.6186508463096,13.556207211557563,True
scaling,historical28,importance,Batch3,14,858.0,882.7885043799153,2.8891030745821973,True
scaling,historical28,importance,Batch3,15,876.0,883.2585873062374,0.8286058568764109,True
scaling,historical28,importance,Batch3,16,1638.0,1204.049917794048,26.49267901135238,True
scaling,historical28,importance,Batch3,17,1315.0,1086.2431433411134,17.395958681284153,True
scaling,historical28,importance,Batch3,18,1146.0,1000.402889098502,12.704808979188298,True
scaling,historical28,importance,Batch3,19,1155.0,962.4393364250072,16.671918924241808,True
scaling,historical28,importance,Batch3,2,1267.0,1243.288150581619,1.871495613131887,True
scaling,historical28,importance,Batch3,20,813.0,913.616562325031,12.375960925588076,True
scaling,historical28,importance,Batch3,21,772.0,746.2378201273561,3.3370699316896184,True
scaling,historical28,importance,Batch3,22,1002.0,904.5904439813634,9.721512576710245,True
scaling,historical28,importance,Batch3,24,825.0,954.7241706246904,15.724141893901864,True
scaling,historical28,importance,Batch3,25,989.0,950.7043908816372,3.872154612574611,True
scaling,historical28,importance,Batch3,26,1028.0,984.4312262282232,4.238207565347939,True
scaling,historical28,importance,Batch3,27,850.0,943.1087173840413,10.953966751063678,True
scaling,historical28,importance,Batch3,28,541.0,629.416601746205,16.3431796203706,True
scaling,historical28,importance,Batch3,29,858.0,912.3365054886694,6.332926047630472,True
scaling,historical28,importance,Batch3,3,1115.0,936.855656653766,15.977071152128598,True
scaling,historical28,importance,Batch3,30,935.0,929.2813484051512,0.6116204914276892,True
scaling,historical28,importance,Batch3,31,731.0,808.782729821259,10.640592314809709,True
scaling,historical28,importance,Batch3,33,1284.0,1065.9854295309965,16.97932791814669,True
scaling,historical28,importance,Batch3,34,1158.0,1024.2635778713238,11.548913828037666,True
scaling,historical28,importance,Batch3,35,1093.0,991.5286916400428,9.283742759373943,True
scaling,historical28,importance,Batch3,36,923.0,1000.1282164427344,8.356253135724199,True
scaling,historical28,importance,Batch3,37,1390.0,1390.997286538062,0.0717472329540914,True
scaling,historical28,importance,Batch3,38,1935.0,1041.0901022117123,46.19689394254715,True
scaling,historical28,importance,Batch3,39,1156.0,1093.1423168730953,5.437515841427743,True
scaling,historical28,importance,Batch3,4,1048.0,965.4556095421456,7.876373135291465,True
scaling,historical28,importance,Batch3,40,796.0,1019.3852251060364,28.063470490708102,True
scaling,historical28,importance,Batch3,41,786.0,984.4321309788766,25.245818190696763,True
scaling,historical28,importance,Batch3,42,1642.0,1043.0049868083158,36.47959885454837,True
scaling,historical28,importance,Batch3,43,1046.0,1029.3903442958829,1.5879211954222878,True
scaling,historical28,importance,Batch3,44,940.0,943.7389971263984,0.3977656517445018,True
scaling,historical28,importance,Batch3,45,1801.0,1123.7571050030658,37.60371432520456,True
scaling,historical28,importance,Batch3,5,828.0,935.8459804435438,13.024876865162296,True
scaling,historical28,importance,Batch3,6,667.0,663.6536999104742,0.501694166345699,True
scaling,historical28,importance,Batch3,7,1836.0,1108.9117131116452,39.60175854511736,True
scaling,historical28,importance,Batch3,8,828.0,925.3875407018472,11.76178027800086,True
scaling,historical28,importance,Batch3,9,1039.0,874.757155454352,15.807780995731283,True
scaling,protocol29,baseline,Holdout,36,704.0,727.8870584172215,3.3930480706280552,False
scaling,protocol29,baseline,Holdout,37,648.0,729.9684208091205,12.649447655728473,False
scaling,protocol29,baseline,Holdout,40,966.0,908.7988214591256,5.921447053920742,False
scaling,protocol29,baseline,Holdout,41,1051.0,916.4446693671772,12.802600440801418,False
scaling,protocol29,baseline,Holdout,5,1074.0,966.8020385033216,9.98118822129222,False
scaling,protocol29,baseline,Holdout,6,636.0,774.498047854849,21.77642261868695,False
scaling,protocol29,baseline,Holdout,7,870.0,795.4208018841211,8.57232162251481,False
scaling,protocol29,y_standard,Holdout,36,704.0,727.8870584172214,3.3930480706280393,False
scaling,protocol29,y_standard,Holdout,37,648.0,729.9684208091204,12.649447655728457,False
scaling,protocol29,y_standard,Holdout,40,966.0,908.7988214591256,5.921447053920742,False
scaling,protocol29,y_standard,Holdout,41,1051.0,916.4446693671772,12.802600440801418,False
scaling,protocol29,y_standard,Holdout,5,1074.0,966.8020385033216,9.98118822129222,False
scaling,protocol29,y_standard,Holdout,6,636.0,774.498047854849,21.77642261868695,False
scaling,protocol29,y_standard,Holdout,7,870.0,795.4208018841211,8.57232162251481,False
scaling,protocol29,y_log,Holdout,36,704.0,716.4791737200243,1.7726099034125395,False
scaling,protocol29,y_log,Holdout,37,648.0,718.4828392102636,10.876981359608578,False
scaling,protocol29,y_log,Holdout,40,966.0,913.3189681286616,5.453522968047466,False
scaling,protocol29,y_log,Holdout,41,1051.0,922.7366730164154,12.203932158285884,False
scaling,protocol29,y_log,Holdout,5,1074.0,987.2371097665974,8.078481399758154,False
scaling,protocol29,y_log,Holdout,6,636.0,762.7183805804667,19.92427367617401,False
scaling,protocol29,y_log,Holdout,7,870.0,784.4334213792159,9.835238921929204,False
scaling,protocol29,y_sqrt,Holdout,36,704.0,722.1356767688171,2.576090450116068,False
scaling,protocol29,y_sqrt,Holdout,37,648.0,724.1802036948271,11.756204273893074,False
scaling,protocol29,y_sqrt,Holdout,40,966.0,910.637793821927,5.731077244106941,False
scaling,protocol29,y_sqrt,Holdout,41,1051.0,919.0853453649712,12.551346777833366,False
scaling,protocol29,y_sqrt,Holdout,5,1074.0,975.6972692218976,9.152954448612885,False
scaling,protocol29,y_sqrt,Holdout,6,636.0,768.6141201610566,20.85127675488311,False
scaling,protocol29,y_sqrt,Holdout,7,870.0,789.9487198202553,9.201296572384448,False
scaling,protocol29,relative_q,Holdout,36,704.0,727.1759278390149,3.292035204405524,False
scaling,protocol29,relative_q,Holdout,37,648.0,728.0615363912975,12.355175369027396,False
scaling,protocol29,relative_q,Holdout,40,966.0,913.9567995871728,5.3874948667523,False
scaling,protocol29,relative_q,Holdout,41,1051.0,920.1030616999536,12.454513634638106,False
scaling,protocol29,relative_q,Holdout,5,1074.0,970.3234903107578,9.653306302536514,False
scaling,protocol29,relative_q,Holdout,6,636.0,774.4984666788747,21.77648847152118,False
scaling,protocol29,relative_q,Holdout,7,870.0,801.8298247697243,7.835652325319049,False
scaling,protocol29,coral_spread,Holdout,36,704.0,721.8590511334874,2.5367970360067265,True
scaling,protocol29,coral_spread,Holdout,37,648.0,724.2149584146447,11.761567656580969,True
scaling,protocol29,coral_spread,Holdout,40,966.0,926.6342221735302,4.075132280172852,True
scaling,protocol29,coral_spread,Holdout,41,1051.0,935.2886058730288,11.009647395525338,True
scaling,protocol29,coral_spread,Holdout,5,1074.0,992.2884311170736,7.608153527274347,True
scaling,protocol29,coral_spread,Holdout,6,636.0,774.6183254556605,21.79533419114159,True
scaling,protocol29,coral_spread,Holdout,7,870.0,798.3009233306287,8.241273180387502,True
scaling,protocol29,coral_full,Holdout,36,704.0,656.4160412446029,6.759085050482548,True
scaling,protocol29,coral_full,Holdout,37,648.0,658.7719485257602,1.66233773545682,True
scaling,protocol29,coral_full,Holdout,40,966.0,861.1912122846458,10.84977098502632,True
scaling,protocol29,coral_full,Holdout,41,1051.0,869.8455959841442,17.236384777912065,True
scaling,protocol29,coral_full,Holdout,5,1074.0,926.845421228189,13.701543647282216,True
scaling,protocol29,coral_full,Holdout,6,636.0,709.175315566776,11.505552762071702,True
scaling,protocol29,coral_full,Holdout,7,870.0,732.8579134417442,15.763458225086868,True
scaling,protocol29,coral_half,Holdout,36,704.0,694.362594453012,1.3689496515607984,True
scaling,protocol29,coral_half,Holdout,37,648.0,696.572735902641,7.495792577568063,True
scaling,protocol29,coral_half,Holdout,40,966.0,886.4678173496238,8.233145201902294,True
scaling,protocol29,coral_half,Holdout,41,1051.0,894.5867328469517,14.882327987920869,True
scaling,protocol29,coral_half,Holdout,5,1074.0,948.0598374131,11.726272121685287,True
scaling,protocol29,coral_half,Holdout,6,636.0,743.8575215090985,16.958729797028074,True
scaling,protocol29,coral_half,Holdout,7,870.0,766.0748182664869,11.945423187760127,True
scaling,protocol29,robust,Holdout,36,704.0,714.7234953208941,1.5232237671724618,True
scaling,protocol29,robust,Holdout,37,648.0,716.6937215281167,10.600882951869863,True
scaling,protocol29,robust,Holdout,40,966.0,885.9753148633806,8.28412889613037,True
scaling,protocol29,robust,Holdout,41,1051.0,893.2129059640524,15.013044151850387,True
scaling,protocol29,robust,Holdout,5,1074.0,940.8813988632118,12.394655599328514,True
scaling,protocol29,robust,Holdout,6,636.0,758.8456497770443,19.315353738528977,True
scaling,protocol29,robust,Holdout,7,870.0,778.6512148608515,10.499860360821666,True
scaling,protocol29,quantile,Holdout,36,704.0,611.1907589665599,13.183130828613654,True
scaling,protocol29,quantile,Holdout,37,648.0,704.6255420462196,8.73850957503389,True
scaling,protocol29,quantile,Holdout,40,966.0,811.898005482388,15.952587424183433,True
scaling,protocol29,quantile,Holdout,41,1051.0,891.3209232503174,15.19306153660158,True
scaling,protocol29,quantile,Holdout,5,1074.0,910.7551496428192,15.19970673716766,True
scaling,protocol29,quantile,Holdout,6,636.0,726.7408587949836,14.267430628142082,True
scaling,protocol29,quantile,Holdout,7,870.0,778.6512148608516,10.499860360821652,True
scaling,protocol29,importance,Holdout,36,704.0,736.7280877692608,4.648876103588183,True
scaling,protocol29,importance,Holdout,37,648.0,738.5546510217696,13.97448318237185,True
scaling,protocol29,importance,Holdout,40,966.0,895.4927409623266,7.298888099138035,True
scaling,protocol29,importance,Holdout,41,1051.0,902.2025887415864,14.157698502227744,True
scaling,protocol29,importance,Holdout,5,1074.0,946.3952388611,11.881262675875243,True
scaling,protocol29,importance,Holdout,6,636.0,777.6329877526659,22.269337696960054,True
scaling,protocol29,importance,Holdout,7,870.0,795.9943907451943,8.50639186836847,True
scaling,protocol29,baseline,Batch2,0,477.0,642.4119128001812,34.677549853287466,False
scaling,protocol29,baseline,Batch2,1,491.0,553.6643707659222,12.762600970656248,False
scaling,protocol29,baseline,Batch2,10,492.0,625.3556382040819,27.104804513024767,False
scaling,protocol29,baseline,Batch2,11,449.0,641.5340802447975,42.880641479910345,False
scaling,protocol29,baseline,Batch2,12,466.0,492.6510155156867,5.719102041992856,False
scaling,protocol29,baseline,Batch2,13,460.0,575.4258417808571,25.092574300186328,False
scaling,protocol29,baseline,Batch2,14,426.0,469.45803123756,10.201415783464794,False
scaling,protocol29,baseline,Batch2,15,396.0,656.0078640448419,65.65855152647522,False
scaling,protocol29,baseline,Batch2,16,472.0,645.9841678660655,36.86105251399693,False
scaling,protocol29,baseline,Batch2,17,471.0,648.5465649584987,37.695661349999725,False
scaling,protocol29,baseline,Batch2,18,449.0,745.617199195795,66.06173701465369,False
scaling,protocol29,baseline,Batch2,19,392.0,550.806377000873,40.51183086756964,False
scaling,protocol29,baseline,Batch2,2,424.0,629.7402866262555,48.523652506192334,False
scaling,protocol29,baseline,Batch2,20,489.0,620.8554056869035,26.96429564149356,False
scaling,protocol29,baseline,Batch2,21,408.0,567.0917414389837,38.99307388210385,False
scaling,protocol29,baseline,Batch2,24,514.0,714.4651450502699,39.00100098254279,False
scaling,protocol29,baseline,Batch2,25,493.0,664.5564801872074,34.79847468300353,False
scaling,protocol29,baseline,Batch2,26,450.0,518.0188345846458,15.11529657436573,False
scaling,protocol29,baseline,Batch2,27,474.0,641.9141910299454,35.424934816444186,False
scaling,protocol29,baseline,Batch2,28,437.0,612.462387349993,40.151576052629984,False
scaling,protocol29,baseline,Batch2,29,452.0,652.2538338432477,44.30394554054152,False
scaling,protocol29,baseline,Batch2,3,499.0,646.6229946361436,29.583766460149025,False
scaling,protocol29,baseline,Batch2,30,412.0,500.83152804931535,21.561050497406637,False
scaling,protocol29,baseline,Batch2,31,425.0,579.136421569041,36.267393310362586,False
scaling,protocol29,baseline,Batch2,32,809.0,944.5642860493105,16.757019289160734,False
scaling,protocol29,baseline,Batch2,33,1140.0,991.5437517050028,13.022477920613788,False
scaling,protocol29,baseline,Batch2,34,1186.0,1093.3039039038665,7.815859704564394,False
scaling,protocol29,baseline,Batch2,4,444.0,522.9217434098261,17.775167434645528,False
scaling,protocol29,baseline,Batch2,41,442.0,494.7135655648333,11.926146055392149,False
scaling,protocol29,baseline,Batch2,42,474.0,640.2181709871534,35.06712468083404,False
scaling,protocol29,baseline,Batch2,43,1029.0,1010.3771617456156,1.8097996359945985,False
scaling,protocol29,baseline,Batch2,44,841.0,1053.8761074710012,25.31226010356733,False
scaling,protocol29,baseline,Batch2,45,997.0,965.0839601440382,3.201207608421444,False
scaling,protocol29,baseline,Batch2,46,503.0,652.5478964885639,29.73119214484371,False
scaling,protocol29,baseline,Batch2,5,416.0,454.14958437681247,9.170573167502996,False
scaling,protocol29,baseline,Batch2,6,393.0,662.4747928481394,68.56864957967923,False
scaling,protocol29,baseline,Batch2,7,777.0,991.5633435235784,27.614329925814467,False
scaling,protocol29,baseline,Batch2,8,904.0,930.941813560308,2.9802891106535387,False
scaling,protocol29,baseline,Batch2,9,791.0,1044.4495560095363,32.04166321233076,False
scaling,protocol29,y_standard,Batch2,0,477.0,642.4119128001812,34.677549853287466,False
scaling,protocol29,y_standard,Batch2,1,491.0,553.6643707659221,12.762600970656225,False
scaling,protocol29,y_standard,Batch2,10,492.0,625.3556382040817,27.104804513024742,False
scaling,protocol29,y_standard,Batch2,11,449.0,641.5340802447973,42.88064147991032,False
scaling,protocol29,y_standard,Batch2,12,466.0,492.6510155156866,5.719102041992832,False
scaling,protocol29,y_standard,Batch2,13,460.0,575.425841780857,25.092574300186307,False
scaling,protocol29,y_standard,Batch2,14,426.0,469.45803123756,10.20141578346478,False
scaling,protocol29,y_standard,Batch2,15,396.0,656.0078640448418,65.6585515264752,False
scaling,protocol29,y_standard,Batch2,16,472.0,645.9841678660654,36.861052513996896,False
scaling,protocol29,y_standard,Batch2,17,471.0,648.5465649584986,37.6956613499997,False
scaling,protocol29,y_standard,Batch2,18,449.0,745.6171991957949,66.06173701465364,False
scaling,protocol29,y_standard,Batch2,19,392.0,550.8063770008728,40.511830867569586,False
scaling,protocol29,y_standard,Batch2,2,424.0,629.7402866262555,48.523652506192334,False
scaling,protocol29,y_standard,Batch2,20,489.0,620.8554056869034,26.964295641493536,False
scaling,protocol29,y_standard,Batch2,21,408.0,567.0917414389836,38.99307388210383,False
scaling,protocol29,y_standard,Batch2,24,514.0,714.4651450502698,39.00100098254277,False
scaling,protocol29,y_standard,Batch2,25,493.0,664.5564801872074,34.79847468300353,False
scaling,protocol29,y_standard,Batch2,26,450.0,518.0188345846457,15.115296574365706,False
scaling,protocol29,y_standard,Batch2,27,474.0,641.9141910299453,35.42493481644415,False
scaling,protocol29,y_standard,Batch2,28,437.0,612.4623873499929,40.15157605262996,False
scaling,protocol29,y_standard,Batch2,29,452.0,652.2538338432475,44.3039455405415,False
scaling,protocol29,y_standard,Batch2,3,499.0,646.6229946361436,29.583766460149025,False
scaling,protocol29,y_standard,Batch2,30,412.0,500.8315280493153,21.561050497406622,False
scaling,protocol29,y_standard,Batch2,31,425.0,579.136421569041,36.267393310362586,False
scaling,protocol29,y_standard,Batch2,32,809.0,944.5642860493102,16.75701928916072,False
scaling,protocol29,y_standard,Batch2,33,1140.0,991.5437517050028,13.022477920613795,False
scaling,protocol29,y_standard,Batch2,34,1186.0,1093.3039039038665,7.815859704564394,False
scaling,protocol29,y_standard,Batch2,4,444.0,522.921743409826,17.775167434645503,False
scaling,protocol29,y_standard,Batch2,41,442.0,494.7135655648332,11.926146055392136,False
scaling,protocol29,y_standard,Batch2,42,474.0,640.2181709871534,35.06712468083404,False
scaling,protocol29,y_standard,Batch2,43,1029.0,1010.3771617456156,1.8097996359946096,False
scaling,protocol29,y_standard,Batch2,44,841.0,1053.8761074710012,25.31226010356733,False
scaling,protocol29,y_standard,Batch2,45,997.0,965.083960144038,3.2012076084214556,False
scaling,protocol29,y_standard,Batch2,46,503.0,652.5478964885638,29.731192144843693,False
scaling,protocol29,y_standard,Batch2,5,416.0,454.1495843768123,9.170573167502967,False
scaling,protocol29,y_standard,Batch2,6,393.0,662.4747928481394,68.56864957967923,False
scaling,protocol29,y_standard,Batch2,7,777.0,991.5633435235784,27.614329925814467,False
scaling,protocol29,y_standard,Batch2,8,904.0,930.941813560308,2.9802891106535263,False
scaling,protocol29,y_standard,Batch2,9,791.0,1044.449556009536,32.04166321233073,False
scaling,protocol29,y_log,Batch2,0,477.0,638.8463787580032,33.930058439832955,False
scaling,protocol29,y_log,Batch2,1,491.0,567.1297751380282,15.505045852958904,False
scaling,protocol29,y_log,Batch2,10,492.0,624.3923784223579,26.90902000454428,False
scaling,protocol29,y_log,Batch2,11,449.0,638.0943754103679,42.11456022502626,False
scaling,protocol29,y_log,Batch2,12,466.0,522.5518863896679,12.135597937696964,False
scaling,protocol29,y_log,Batch2,13,460.0,583.9330455320097,26.94196642000211,False
scaling,protocol29,y_log,Batch2,14,426.0,506.5410659976261,18.906353520569496,False
scaling,protocol29,y_log,Batch2,15,396.0,650.6072822928807,64.29476825577794,False
scaling,protocol29,y_log,Batch2,16,472.0,641.9157363982376,35.999096694541876,False
scaling,protocol29,y_log,Batch2,17,471.0,644.1264812577294,36.75721470440115,False
scaling,protocol29,y_log,Batch2,18,449.0,733.7279838047624,63.413804856294526,False
scaling,protocol29,y_log,Batch2,19,392.0,564.9591806713486,44.12223996718076,False
scaling,protocol29,y_log,Batch2,2,424.0,628.0765332309933,48.13125783749841,False
scaling,protocol29,y_log,Batch2,20,489.0,620.6335765694383,26.918931813791072,False
scaling,protocol29,y_log,Batch2,21,408.0,577.4397786662711,41.52935751624291,False
scaling,protocol29,y_log,Batch2,24,514.0,703.6918186324655,36.9050230802462,False
scaling,protocol29,y_log,Batch2,25,493.0,658.1127054623803,33.491420986284034,False
scaling,protocol29,y_log,Batch2,26,450.0,540.6441093749658,20.143135416659057,False
scaling,protocol29,y_log,Batch2,27,474.0,638.4198920917501,34.687740947626594,False
scaling,protocol29,y_log,Batch2,28,437.0,613.683688991838,40.431050112548746,False
scaling,protocol29,y_log,Batch2,29,452.0,647.3384640227415,43.216474341314495,False
scaling,protocol29,y_log,Batch2,3,499.0,642.4661823176486,28.750737939408545,False
scaling,protocol29,y_log,Batch2,30,412.0,528.3190587626452,28.232781253069227,False
scaling,protocol29,y_log,Batch2,31,425.0,586.8474764077845,38.08175915477282,False
scaling,protocol29,y_log,Batch2,32,809.0,958.2158144226472,18.444476442848853,False
scaling,protocol29,y_log,Batch2,33,1140.0,1020.5603466125932,10.477162577842702,False
scaling,protocol29,y_log,Batch2,34,1186.0,1169.8636398718609,1.3605699939409048,False
scaling,protocol29,y_log,Batch2,4,444.0,544.2124142144113,22.570363561804346,False
scaling,protocol29,y_log,Batch2,41,442.0,523.999999136001,18.552036003620124,False
scaling,protocol29,y_log,Batch2,42,474.0,636.9687473578996,34.38159226959907,False
scaling,protocol29,y_log,Batch2,43,1029.0,1046.6779783537042,1.7179765163949705,False
scaling,protocol29,y_log,Batch2,44,841.0,1109.5843242069714,31.93630489975878,False
scaling,protocol29,y_log,Batch2,45,997.0,984.9639427043596,1.2072274117994244,False
scaling,protocol29,y_log,Batch2,46,503.0,647.5939248656365,28.746307130345222,False
scaling,protocol29,y_log,Batch2,5,416.0,496.24288241865554,19.289154427561428,False
scaling,protocol29,y_log,Batch2,6,393.0,656.2771107535209,66.9916312349926,False
scaling,protocol29,y_log,Batch2,7,777.0,1020.587174503858,31.34970070834722,False
scaling,protocol29,y_log,Batch2,8,904.0,940.8608495343532,4.077527603357653,False
scaling,protocol29,y_log,Batch2,9,791.0,1095.6387317009344,38.51311399506123,False
scaling,protocol29,y_sqrt,Batch2,0,477.0,640.6697160761979,34.31230944993667,False
scaling,protocol29,y_sqrt,Batch2,1,491.0,561.2425769456844,14.306023817858328,False
scaling,protocol29,y_sqrt,Batch2,10,492.0,624.9968231606292,27.03187462614415,False
scaling,protocol29,y_sqrt,Batch2,11,449.0,639.8583443427264,42.50742635695464,False
scaling,protocol29,y_sqrt,Batch2,12,466.0,509.68497785513347,9.374458767196025,False
scaling,protocol29,y_sqrt,Batch2,13,460.0,580.2323631944362,26.13747025966004,False
scaling,protocol29,y_sqrt,Batch2,14,426.0,490.7378831823765,15.196686193046125,False
scaling,protocol29,y_sqrt,Batch2,15,396.0,653.3019590957272,64.9752421958907,False
scaling,protocol29,y_sqrt,Batch2,16,472.0,643.9768180641099,36.43576653900634,False
scaling,protocol29,y_sqrt,Batch2,17,471.0,646.3542631281493,37.23020448580665,False
scaling,protocol29,y_sqrt,Batch2,18,449.0,739.6445865370007,64.7315337498888,False
scaling,protocol29,y_sqrt,Batch2,19,392.0,558.7720674582731,42.54389475976355,False
scaling,protocol29,y_sqrt,Batch2,2,424.0,629.0073125108298,48.350781252554206,False
scaling,protocol29,y_sqrt,Batch2,20,489.0,620.893950745588,26.97217806658241,False
scaling,protocol29,y_sqrt,Batch2,21,408.0,572.9224198925318,40.422161738365645,False
scaling,protocol29,y_sqrt,Batch2,24,514.0,709.020713400212,37.9417730350607,False
scaling,protocol29,y_sqrt,Batch2,25,493.0,661.3077803314975,34.139509195029916,False
scaling,protocol29,y_sqrt,Batch2,26,450.0,530.8196935621611,17.959931902702465,False
scaling,protocol29,y_sqrt,Batch2,27,474.0,640.2096137793244,35.06531936272666,False
scaling,protocol29,y_sqrt,Batch2,28,437.0,613.2781140445319,40.338241200121715,False
scaling,protocol29,y_sqrt,Batch2,29,452.0,649.8016974047723,43.76143747893192,False
scaling,protocol29,y_sqrt,Batch2,3,499.0,644.569124855126,29.17216930964449,False
scaling,protocol29,y_sqrt,Batch2,30,412.0,516.4535148122753,25.352794857348385,False
scaling,protocol29,y_sqrt,Batch2,31,425.0,583.5018674969648,37.29455705810936,False
scaling,protocol29,y_sqrt,Batch2,32,809.0,950.488921088468,17.48935983788234,False
scaling,protocol29,y_sqrt,Batch2,33,1140.0,1004.13180096416,11.918263073319308,False
scaling,protocol29,y_sqrt,Batch2,34,1186.0,1125.374239111103,5.111784223347137,False
scaling,protocol29,y_sqrt,Batch2,4,444.0,534.9539665910323,20.48512761059287,False
scaling,protocol29,y_sqrt,Batch2,41,442.0,511.38731765885905,15.698488158112909,False
scaling,protocol29,y_sqrt,Batch2,42,474.0,638.6430257147719,34.734815551639635,False
scaling,protocol29,y_sqrt,Batch2,43,1029.0,1026.049943957109,0.2866915493577252,False
scaling,protocol29,y_sqrt,Batch2,44,841.0,1077.5780626400108,28.130566306778928,False
scaling,protocol29,y_sqrt,Batch2,45,997.0,973.7379239360752,2.3332072280767027,False
scaling,protocol29,y_sqrt,Batch2,46,503.0,650.0755423252386,29.23967044239337,False
scaling,protocol29,y_sqrt,Batch2,5,416.0,478.4285305465481,15.006858304458673,False
scaling,protocol29,y_sqrt,Batch2,6,393.0,659.3537791901758,67.77449852167324,False
scaling,protocol29,y_sqrt,Batch2,7,777.0,1004.154478779972,29.23481065379305,False
scaling,protocol29,y_sqrt,Batch2,8,904.0,935.209666205339,3.4523967041304178,False
scaling,protocol29,y_sqrt,Batch2,9,791.0,1066.3043882086986,34.804600279228644,False
scaling,protocol29,relative_q,Batch2,0,477.0,649.0143815522133,36.061715210107614,False
scaling,protocol29,relative_q,Batch2,1,491.0,559.0326095930927,13.855928634031104,False
scaling,protocol29,relative_q,Batch2,10,492.0,633.6528834353381,28.79123647059718,False
scaling,protocol29,relative_q,Batch2,11,449.0,645.798007204956,43.83029113696124,False
scaling,protocol29,relative_q,Batch2,12,466.0,495.2505165891365,6.276934890372641,False
scaling,protocol29,relative_q,Batch2,13,460.0,576.9704011039605,25.42834806607837,False
scaling,protocol29,relative_q,Batch2,14,426.0,463.9953871967388,8.919104975760286,False
scaling,protocol29,relative_q,Batch2,15,396.0,649.9492998957351,64.12861108478158,False
scaling,protocol29,relative_q,Batch2,16,472.0,649.5948375045155,37.62602489502446,False
scaling,protocol29,relative_q,Batch2,17,471.0,650.3396569598393,38.076360288713225,False
scaling,protocol29,relative_q,Batch2,18,449.0,743.9998220733519,65.70151939272871,False
scaling,protocol29,relative_q,Batch2,19,392.0,551.170610322612,40.60474753127857,False
scaling,protocol29,relative_q,Batch2,2,424.0,625.1909981874742,47.45070711968731,False
scaling,protocol29,relative_q,Batch2,20,489.0,624.7012447928402,27.75076580630678,False
scaling,protocol29,relative_q,Batch2,21,408.0,570.443682148773,39.81462797764043,False
scaling,protocol29,relative_q,Batch2,24,514.0,718.7398666391967,39.83265887922116,False
scaling,protocol29,relative_q,Batch2,25,493.0,670.071813405312,35.91720353048925,False
scaling,protocol29,relative_q,Batch2,26,450.0,522.1474494231768,16.03276653848373,False
scaling,protocol29,relative_q,Batch2,27,474.0,644.8262673320577,36.0392969054974,False
scaling,protocol29,relative_q,Batch2,28,437.0,613.719650327451,40.43927925113294,False
scaling,protocol29,relative_q,Batch2,29,452.0,659.5343596606831,45.9146813408591,False
scaling,protocol29,relative_q,Batch2,3,499.0,650.8838299951847,30.437641281600136,False
scaling,protocol29,relative_q,Batch2,30,412.0,501.3481960809366,21.68645535945063,False
scaling,protocol29,relative_q,Batch2,31,425.0,581.9441817454654,36.928042763638906,False
scaling,protocol29,relative_q,Batch2,32,809.0,952.4024671662504,17.72589210954886,False
scaling,protocol29,relative_q,Batch2,33,1140.0,993.4724173191088,12.853296726393976,False
scaling,protocol29,relative_q,Batch2,34,1186.0,1095.0994043190883,7.664468438525419,False
scaling,protocol29,relative_q,Batch2,4,444.0,520.8609017626809,17.311013910513715,False
scaling,protocol29,relative_q,Batch2,41,442.0,498.2858316989795,12.734351063117549,False
scaling,protocol29,relative_q,Batch2,42,474.0,646.538877620988,36.400607093035454,False
scaling,protocol29,relative_q,Batch2,43,1029.0,1022.8927746948772,0.5935107196426568,False
scaling,protocol29,relative_q,Batch2,44,841.0,1066.3272367772802,26.792774884337717,False
scaling,protocol29,relative_q,Batch2,45,997.0,977.6506535360865,1.9407569171427943,False
scaling,protocol29,relative_q,Batch2,46,503.0,657.9685107848923,30.808849062602835,False
scaling,protocol29,relative_q,Batch2,5,416.0,453.76746160373955,9.07871673166816,False
scaling,protocol29,relative_q,Batch2,6,393.0,663.8144835853524,68.90953780797771,False
scaling,protocol29,relative_q,Batch2,7,777.0,1000.1423869346684,28.718453916945748,False
scaling,protocol29,relative_q,Batch2,8,904.0,938.222353129892,3.7856585320676848,False
scaling,protocol29,relative_q,Batch2,9,791.0,1056.6170897478642,33.579910208326694,False
scaling,protocol29,coral_spread,Batch2,0,477.0,708.2072705147664,48.471125894081005,True
scaling,protocol29,coral_spread,Batch2,1,491.0,663.9743669213618,35.22899529966636,True
scaling,protocol29,coral_spread,Batch2,10,492.0,699.7062063435394,42.21670860641045,True
scaling,protocol29,coral_spread,Batch2,11,449.0,707.7697476053605,57.632460491171614,True
scaling,protocol29,coral_spread,Batch2,12,466.0,633.5645347295925,35.958054663002684,True
scaling,protocol29,coral_spread,Batch2,13,460.0,674.820560825895,46.70012191867282,True
scaling,protocol29,coral_spread,Batch2,14,426.0,622.0048564094685,46.01052967358416,True
scaling,protocol29,coral_spread,Batch2,15,396.0,714.9836655211041,80.55143068714749,True
scaling,protocol29,coral_spread,Batch2,16,472.0,709.9877278696225,50.42112878593697,True
scaling,protocol29,coral_spread,Batch2,17,471.0,711.26485916768,51.01164738167304,True
scaling,protocol29,coral_spread,Batch2,18,449.0,759.6460977636905,69.18621331039877,True
scaling,protocol29,coral_spread,Batch2,19,392.0,662.549906482433,69.01783328633495,True
scaling,protocol29,coral_spread,Batch2,2,424.0,701.8915708787522,65.54046482989438,True
scaling,protocol29,coral_spread,Batch2,20,489.0,697.4632332254398,42.63051804201223,True
scaling,protocol29,coral_spread,Batch2,21,408.0,670.6667392268974,64.37910275169055,True
scaling,protocol29,coral_spread,Batch2,24,514.0,744.1195178024832,44.770334202817736,True
scaling,protocol29,coral_spread,Batch2,25,493.0,719.2444045231636,45.89135994384656,True
scaling,protocol29,coral_spread,Batch2,26,450.0,646.2081783678472,43.60181741507714,True
scaling,protocol29,coral_spread,Batch2,27,474.0,707.9591996547229,49.358480939814946,True
scaling,protocol29,coral_spread,Batch2,28,437.0,693.2800461484285,58.64531948476624,True
scaling,protocol29,coral_spread,Batch2,29,452.0,713.1126091268916,57.76827635550699,True
scaling,protocol29,coral_spread,Batch2,3,499.0,710.306127256085,42.34591728578858,True
scaling,protocol29,coral_spread,Batch2,30,412.0,637.6418062117136,54.7674286921635,True
scaling,protocol29,coral_spread,Batch2,31,425.0,676.6699609814848,59.21646140740819,True
scaling,protocol29,coral_spread,Batch2,32,809.0,858.8038559535811,6.156224468922262,True
scaling,protocol29,coral_spread,Batch2,33,1140.0,882.2190190959668,22.612366745967822,True
scaling,protocol29,coral_spread,Batch2,34,1186.0,932.9375730827908,21.337472758617977,True
scaling,protocol29,coral_spread,Batch2,4,444.0,648.6518504788758,46.09275911686391,True
scaling,protocol29,coral_spread,Batch2,41,442.0,634.59253590449,43.57297192409276,True
scaling,protocol29,coral_spread,Batch2,42,474.0,707.1138816963243,49.180143817789926,True
scaling,protocol29,coral_spread,Batch2,43,1029.0,891.6058301733924,13.35220309296478,True
scaling,protocol29,coral_spread,Batch2,44,841.0,913.2862579191316,8.595274425580461,True
scaling,protocol29,coral_spread,Batch2,45,997.0,869.0311224805774,12.835393933743488,True
scaling,protocol29,coral_spread,Batch2,46,503.0,713.2591736890478,41.80102856641109,True
scaling,protocol29,coral_spread,Batch2,5,416.0,614.3749318094743,47.68628168496979,True
scaling,protocol29,coral_spread,Batch2,6,393.0,718.2068650795915,82.74983844264415,True
scaling,protocol29,coral_spread,Batch2,7,777.0,882.2287839075032,13.54295803185369,True
scaling,protocol29,coral_spread,Batch2,8,904.0,852.0142424217805,5.750636900245517,True
scaling,protocol29,coral_spread,Batch2,9,791.0,908.5879447889238,14.86573259025585,True
scaling,protocol29,coral_full,Batch2,0,477.0,737.76082093575,54.66683877059747,True
scaling,protocol29,coral_full,Batch2,1,491.0,693.5279173423455,41.24804833856325,True
scaling,protocol29,coral_full,Batch2,10,492.0,729.2597567645231,48.2235277976673,True
scaling,protocol29,coral_full,Batch2,11,449.0,737.3232980263442,64.21454299027711,True
scaling,protocol29,coral_full,Batch2,12,466.0,663.1180851505762,42.30001827265584,True
scaling,protocol29,coral_full,Batch2,13,460.0,704.3741112468787,53.12480679279971,True
scaling,protocol29,coral_full,Batch2,14,426.0,651.5584068304522,52.94798282404982,True
scaling,protocol29,coral_full,Batch2,15,396.0,744.5372159420878,88.0144484702242,True
scaling,protocol29,coral_full,Batch2,16,472.0,739.5412782906062,56.68247421411149,True
scaling,protocol29,coral_full,Batch2,17,471.0,740.8184095886636,57.28628653687125,True
scaling,protocol29,coral_full,Batch2,18,449.0,789.1996481846741,75.76829580950425,True
scaling,protocol29,coral_full,Batch2,19,392.0,692.1034569034167,76.5570043120961,True
scaling,protocol29,coral_full,Batch2,2,424.0,731.4451212997359,72.51064181597545,True
scaling,protocol29,coral_full,Batch2,20,489.0,727.0167836464235,48.674188884749185,True
scaling,protocol29,coral_full,Batch2,21,408.0,700.2202896478811,71.62262001173558,True
scaling,protocol29,coral_full,Batch2,24,514.0,773.6730682234669,50.520052183553865,True
scaling,protocol29,coral_full,Batch2,25,493.0,748.7979549441471,51.8859949176769,True
scaling,protocol29,coral_full,Batch2,26,450.0,675.7617287888309,50.16927306418463,True
scaling,protocol29,coral_full,Batch2,27,474.0,737.5127500757065,55.593407188967625,True
scaling,protocol29,coral_full,Batch2,28,437.0,722.8335965694121,65.40814566805768,True
scaling,protocol29,coral_full,Batch2,29,452.0,742.6661595478752,64.30667246634407,True
scaling,protocol29,coral_full,Batch2,3,499.0,739.8596776770686,48.26847248037446,True
scaling,protocol29,coral_full,Batch2,30,412.0,667.1953566326974,61.94062054191686,True
scaling,protocol29,coral_full,Batch2,31,425.0,706.2235114024685,66.17023797705141,True
scaling,protocol29,coral_full,Batch2,32,809.0,888.3574063745648,9.809320936287364,True
scaling,protocol29,coral_full,Batch2,33,1140.0,911.7725695169504,20.019950042372773,True
scaling,protocol29,coral_full,Batch2,34,1186.0,962.4911235037744,18.84560510086219,True
scaling,protocol29,coral_full,Batch2,4,444.0,678.2054008998595,52.74896416663501,True
scaling,protocol29,coral_full,Batch2,41,442.0,664.1460863254737,50.2592955487497,True
scaling,protocol29,coral_full,Batch2,42,474.0,736.6674321173078,55.41507006694258,True
scaling,protocol29,coral_full,Batch2,43,1029.0,921.159380594376,10.48013794029388,True
scaling,protocol29,coral_full,Batch2,44,841.0,942.8398083401154,12.109370789549985,True
scaling,protocol29,coral_full,Batch2,45,997.0,898.5846729015611,9.871146148288751,True
scaling,protocol29,coral_full,Batch2,46,503.0,742.8127241100315,47.676485906566896,True
scaling,protocol29,coral_full,Batch2,5,416.0,643.928482230458,54.7905005361678,True
scaling,protocol29,coral_full,Batch2,6,393.0,747.7604155005752,90.26982582711835,True
scaling,protocol29,coral_full,Batch2,7,777.0,911.7823343284869,17.346503774580018,True
scaling,protocol29,coral_full,Batch2,8,904.0,881.5677928427642,2.481438844826967,True
scaling,protocol29,coral_full,Batch2,9,791.0,938.1414952099074,18.60195893930561,True
scaling,protocol29,coral_half,Batch2,0,477.0,706.0451875477714,48.017859024690026,True
scaling,protocol29,coral_half,Batch2,1,491.0,647.0055076546192,31.773015815604733,True
scaling,protocol29,coral_half,Batch2,10,492.0,694.6984283109389,41.19886754287376,True
scaling,protocol29,coral_half,Batch2,11,449.0,705.4612057057768,57.11830862044027,True
scaling,protocol29,coral_half,Batch2,12,466.0,606.4161135078999,30.132213199120155,True
scaling,protocol29,coral_half,Batch2,13,460.0,661.4824188261973,43.800525831782025,True
scaling,protocol29,coral_half,Batch2,14,426.0,590.9868820479579,38.729315034731904,True
scaling,protocol29,coral_half,Batch2,15,396.0,715.089951953954,80.57827069544294,True
scaling,protocol29,coral_half,Batch2,16,472.0,708.4216454276424,50.089331658398805,True
scaling,protocol29,coral_half,Batch2,17,471.0,710.1262909944796,50.769913162309905,True
scaling,protocol29,coral_half,Batch2,18,449.0,774.7029433842765,72.53963104326871,True
scaling,protocol29,coral_half,Batch2,19,392.0,645.1042151437799,64.56740182239284,True
scaling,protocol29,coral_half,Batch2,2,424.0,697.6153343272116,64.53191847339896,True
scaling,protocol29,coral_half,Batch2,20,489.0,691.7046294837398,41.452889464977474,True
scaling,protocol29,coral_half,Batch2,21,408.0,655.9381231183604,60.769147823127554,True
scaling,protocol29,coral_half,Batch2,24,514.0,753.9789068351182,46.68850327531483,True
scaling,protocol29,coral_half,Batch2,25,493.0,720.7769552106737,46.20222215226647,True
scaling,protocol29,coral_half,Batch2,26,450.0,623.2921630647495,38.50936956994433,True
scaling,protocol29,coral_half,Batch2,27,474.0,705.7140760226856,48.88482616512355,True
scaling,protocol29,coral_half,Batch2,28,437.0,686.1211383290522,57.00712547575565,True
scaling,protocol29,coral_half,Batch2,29,452.0,712.5925673917338,57.6532228742774,True
scaling,protocol29,coral_half,Batch2,3,499.0,708.8466276541702,42.05343239562529,True
scaling,protocol29,coral_half,Batch2,30,412.0,611.8582342729,48.50928016332523,True
scaling,protocol29,coral_half,Batch2,31,425.0,663.9508978160471,56.223740662599326,True
scaling,protocol29,coral_half,Batch2,32,809.0,907.0533392856356,12.120313879559395,True
scaling,protocol29,coral_half,Batch2,33,1140.0,938.3066286758108,17.692400993349942,True
scaling,protocol29,coral_half,Batch2,34,1186.0,1006.0030028399552,15.176812576732283,True
scaling,protocol29,coral_half,Batch2,4,444.0,626.5538440189354,41.11573063489536,True
scaling,protocol29,coral_half,Batch2,41,442.0,607.7882337027129,37.50865015898482,True
scaling,protocol29,coral_half,Batch2,42,474.0,704.5857914739129,48.64679145019259,True
scaling,protocol29,coral_half,Batch2,43,1029.0,950.8356348274968,7.596148218902164,True
scaling,protocol29,coral_half,Batch2,44,841.0,979.7734935270084,16.501009931867827,True
scaling,protocol29,coral_half,Batch2,45,997.0,920.7041397731226,7.652543653648683,True
scaling,protocol29,coral_half,Batch2,46,503.0,712.7881938175485,41.70739439712695,True
scaling,protocol29,coral_half,Batch2,5,416.0,580.8028726477768,39.61607515571557,True
scaling,protocol29,coral_half,Batch2,6,393.0,719.3921038523256,83.05142591662229,True
scaling,protocol29,coral_half,Batch2,7,777.0,938.3196622164668,20.76186128912055,True
scaling,protocol29,coral_half,Batch2,8,904.0,897.9909315088264,0.6647199658377869,True
scaling,protocol29,coral_half,Batch2,9,791.0,973.5024400642956,23.072369161099296,True
scaling,protocol29,robust,Batch2,0,477.0,777.1713674734757,62.92900785607457,True
scaling,protocol29,robust,Batch2,1,491.0,740.4066863985786,50.79565914431336,True
scaling,protocol29,robust,Batch2,10,492.0,770.1056112679754,56.525530745523454,True
scaling,protocol29,robust,Batch2,11,449.0,776.8077153294716,73.00839985066185,True
scaling,protocol29,robust,Batch2,12,466.0,715.131208389076,53.46163270151847,True
scaling,protocol29,robust,Batch2,13,460.0,749.4216238632788,62.91774431810408,True
scaling,protocol29,robust,Batch2,14,426.0,705.5232502347952,65.61578644009278,True
scaling,protocol29,robust,Batch2,15,396.0,782.8036452804131,97.67768820212451,True
scaling,protocol29,robust,Batch2,16,472.0,778.6512148608515,64.96847772475668,True
scaling,protocol29,robust,Batch2,17,471.0,779.7127170696021,65.54410128866287,True
scaling,protocol29,robust,Batch2,18,449.0,819.9253339789758,82.61143295745565,True
scaling,protocol29,robust,Batch2,19,392.0,739.2227298981775,88.5772270148412,True
scaling,protocol29,robust,Batch2,2,424.0,771.9220018650755,82.0570759115744,True
scaling,protocol29,robust,Batch2,20,489.0,768.2413386417761,57.10456822940206,True
scaling,protocol29,robust,Batch2,21,408.0,745.9691277817885,82.8355705347521,True
scaling,protocol29,robust,Batch2,24,514.0,807.0202403928791,57.00782887020995,True
scaling,protocol29,robust,Batch2,25,493.0,786.345006977895,59.50202981296044,True
scaling,protocol29,robust,Batch2,26,450.0,725.6401166501741,61.25335925559426,True
scaling,protocol29,robust,Batch2,27,474.0,776.9651805557615,63.91670475859948,True
scaling,protocol29,robust,Batch2,28,437.0,764.7644351091334,75.00330322863465,True
scaling,protocol29,robust,Batch2,29,452.0,781.2484954706994,72.84258749351756,True
scaling,protocol29,robust,Batch2,3,499.0,778.9158561334511,56.09536195059142,True
scaling,protocol29,robust,Batch2,30,412.0,718.5200789699869,74.39807741989974,True
scaling,protocol29,robust,Batch2,31,425.0,750.9587738438707,76.69618208091076,True
scaling,protocol29,robust,Batch2,32,809.0,902.3414328510536,11.537877979116622,True
scaling,protocol29,robust,Batch2,33,1140.0,921.8032120993608,19.14006911409115,True
scaling,protocol29,robust,Batch2,34,1186.0,963.9585152882652,18.72187898075337,True
scaling,protocol29,robust,Batch2,4,444.0,727.6712025277692,63.8899104792273,True
scaling,protocol29,robust,Batch2,41,442.0,715.9856432615214,61.98770209536684,True
scaling,protocol29,robust,Batch2,42,474.0,776.26258491716,63.76847783062447,True
scaling,protocol29,robust,Batch2,43,1029.0,929.605166923401,9.659361815024194,True
scaling,protocol29,robust,Batch2,44,841.0,947.6251011100934,12.67837111891717,True
scaling,protocol29,robust,Batch2,45,997.0,910.8419417841604,8.641731014627839,True
scaling,protocol29,robust,Batch2,46,503.0,781.3703142740519,55.34201079006996,True
scaling,protocol29,robust,Batch2,5,416.0,699.1815515951852,68.0724883642272,True
scaling,protocol29,robust,Batch2,6,393.0,785.4826442649204,99.86835731931816,True
scaling,protocol29,robust,Batch2,7,777.0,921.8113282335668,18.63723658089664,True
scaling,protocol29,robust,Batch2,8,904.0,896.6981683162859,0.8077247437736851,True
scaling,protocol29,robust,Batch2,9,791.0,943.7200446975668,19.30721171903499,True
scaling,protocol29,quantile,Batch2,0,477.0,777.2186587499248,62.938922169795546,True
scaling,protocol29,quantile,Batch2,1,491.0,707.8057928587842,44.15596595901919,True
scaling,protocol29,quantile,Batch2,10,492.0,726.8848570485051,47.74082460335469,True
scaling,protocol29,quantile,Batch2,11,449.0,765.9423469033457,70.58849596956473,True
scaling,protocol29,quantile,Batch2,12,466.0,611.3740706823312,31.196152506938024,True
scaling,protocol29,quantile,Batch2,13,460.0,717.839543396469,56.05207465140631,True
scaling,protocol29,quantile,Batch2,14,426.0,598.386106716154,40.46622223383898,True
scaling,protocol29,quantile,Batch2,15,396.0,810.0025637392647,104.54610195435978,True
scaling,protocol29,quantile,Batch2,16,472.0,778.6512148608516,64.9684777247567,True
scaling,protocol29,quantile,Batch2,17,471.0,790.7209767847637,67.88131141927042,True
scaling,protocol29,quantile,Batch2,18,449.0,852.4371233554087,89.8523660034318,True
scaling,protocol29,quantile,Batch2,19,392.0,686.2037834800269,75.05198558163951,True
scaling,protocol29,quantile,Batch2,2,424.0,727.846875282977,71.66199888749456,True
scaling,protocol29,quantile,Batch2,20,489.0,726.6449114076928,48.59814139216622,True
scaling,protocol29,quantile,Batch2,21,408.0,715.2263780881017,75.30058286473081,True
scaling,protocol29,quantile,Batch2,24,514.0,828.6974033339088,61.22517574589666,True
scaling,protocol29,quantile,Batch2,25,493.0,812.3041325308809,64.76757252147685,True
scaling,protocol29,quantile,Batch2,26,450.0,632.6769689813332,40.59488199585182,True
scaling,protocol29,quantile,Batch2,27,474.0,773.7401351627135,63.23631543517162,True
scaling,protocol29,quantile,Batch2,28,437.0,726.3090955521748,66.20345435976539,True
scaling,protocol29,quantile,Batch2,29,452.0,802.7534748375116,77.60032629148486,True
scaling,protocol29,quantile,Batch2,3,499.0,783.5376159543581,57.02156632351866,True
scaling,protocol29,quantile,Batch2,30,412.0,614.3508713367152,49.11428915939689,True
scaling,protocol29,quantile,Batch2,31,425.0,719.0928994857678,69.1983292907689,True
scaling,protocol29,quantile,Batch2,32,809.0,872.2443495535086,7.817595742090067,True
scaling,protocol29,quantile,Batch2,33,1140.0,895.6854104840937,21.43110434350055,True
scaling,protocol29,quantile,Batch2,34,1186.0,920.3426042737734,22.39944314723664,True
scaling,protocol29,quantile,Batch2,4,444.0,653.9657059891895,47.289573420988624,True
scaling,protocol29,quantile,Batch2,41,442.0,612.6572526927303,38.610238165776074,True
scaling,protocol29,quantile,Batch2,42,474.0,749.3402518650778,58.08866073102907,True
scaling,protocol29,quantile,Batch2,43,1029.0,902.3517116517336,12.307899742299933,True
scaling,protocol29,quantile,Batch2,44,841.0,910.2236906408666,8.231116604145852,True
scaling,protocol29,quantile,Batch2,45,997.0,885.5979511412746,11.173726064064732,True
scaling,protocol29,quantile,Batch2,46,503.0,808.205835288795,60.677104431171976,True
scaling,protocol29,quantile,Batch2,5,416.0,585.2717502969462,40.69032459061206,True
scaling,protocol29,quantile,Batch2,6,393.0,811.1187404313702,106.3915370054377,True
scaling,protocol29,quantile,Batch2,7,777.0,899.2025643263289,15.727485756284286,True
scaling,protocol29,quantile,Batch2,8,904.0,862.305188267374,4.612257935025003,True
scaling,protocol29,quantile,Batch2,9,791.0,903.8260104836352,14.263718139524045,True
scaling,protocol29,importance,Batch2,0,477.0,638.2111282189557,33.79688222619615,True
scaling,protocol29,importance,Batch2,1,491.0,546.395568317924,11.282193140106724,True
scaling,protocol29,importance,Batch2,10,492.0,620.5652152621543,26.131141313446,True
scaling,protocol29,importance,Batch2,11,449.0,637.3029488404123,41.93829595554841,True
scaling,protocol29,importance,Batch2,12,466.0,483.27297083146755,3.7066461011732934,True
scaling,protocol29,importance,Batch2,13,460.0,568.909337146981,23.675942858039345,True
scaling,protocol29,importance,Batch2,14,426.0,459.2782010782953,7.811784290679647,True
scaling,protocol29,importance,Batch2,15,396.0,652.2770938479954,64.71643784040288,True
scaling,protocol29,importance,Batch2,16,472.0,641.9068767598769,35.99721965251629,True
scaling,protocol29,importance,Batch2,17,471.0,644.5578563626665,36.84880177551306,True
scaling,protocol29,importance,Batch2,18,449.0,744.9842392027127,65.92076596942377,True
scaling,protocol29,importance,Batch2,19,392.0,543.4387732144568,38.63234010572877,True
scaling,protocol29,importance,Batch2,2,424.0,625.1014417381016,47.42958531558999,True
scaling,protocol29,importance,Batch2,20,489.0,615.9094089290611,25.952844361771188,True
scaling,protocol29,importance,Batch2,21,408.0,560.287125515868,37.325275861732344,True
scaling,protocol29,importance,Batch2,24,514.0,712.7552531612233,38.66833719089948,True
scaling,protocol29,importance,Batch2,25,493.0,661.1212371278993,34.101670817018125,True
scaling,protocol29,importance,Batch2,26,450.0,509.51775979007806,13.22616884223957,True
scaling,protocol29,importance,Batch2,27,474.0,637.6962001210992,34.53506331668759,True
scaling,protocol29,importance,Batch2,28,437.0,607.2262424976394,38.95337356925388,True
scaling,protocol29,importance,Batch2,29,452.0,648.3932861735057,43.44984207378444,True
scaling,protocol29,importance,Batch2,3,499.0,642.567787881808,28.77109977591343,True
scaling,protocol29,importance,Batch2,30,412.0,491.7362850972595,19.3534672566164,True
scaling,protocol29,importance,Batch2,31,425.0,572.748192319759,34.764280545825656,True
scaling,protocol29,importance,Batch2,32,809.0,950.8089612336994,17.52891980639053,True
scaling,protocol29,importance,Batch2,33,1140.0,999.4125151367876,12.332235514316883,True
scaling,protocol29,importance,Batch2,34,1186.0,1104.690533384843,6.855772901783869,True
scaling,protocol29,importance,Batch2,4,444.0,514.5901630207372,15.898685365030907,True
scaling,protocol29,importance,Batch2,41,442.0,485.4068235922932,9.82054832404824,True
scaling,protocol29,importance,Batch2,42,474.0,635.9415483722969,34.16488362284745,True
scaling,protocol29,importance,Batch2,43,1029.0,1018.8969994175696,0.9818270731224944,True
scaling,protocol29,importance,Batch2,44,841.0,1063.8997112148058,26.504127373936488,True
scaling,protocol29,importance,Batch2,45,997.0,972.038004008392,2.503710731354851,True
scaling,protocol29,importance,Batch2,46,503.0,648.6975146152946,28.96570867103273,True
scaling,protocol29,importance,Batch2,5,416.0,443.440538563742,6.5962833085918255,True
scaling,protocol29,importance,Batch2,6,393.0,658.9675854977321,67.6762304065476,True
scaling,protocol29,importance,Batch2,7,777.0,999.4327842479174,28.627127959834933,True
scaling,protocol29,importance,Batch2,8,904.0,936.7155575163172,3.618977601362519,True
scaling,protocol29,importance,Batch2,9,791.0,1054.1472822400835,33.26767158534558,True
scaling,protocol29,baseline,Batch3,0,1009.0,997.8694033501638,1.1031314816487816,False
scaling,protocol29,baseline,Batch3,1,1063.0,1016.8314369718752,4.343232646107687,False
scaling,protocol29,baseline,Batch3,10,1078.0,1075.8421182759332,0.2001745569635235,False
scaling,protocol29,baseline,Batch3,11,817.0,828.9262902161623,1.4597662443283144,False
scaling,protocol29,baseline,Batch3,12,932.0,857.9448699226691,7.945829407438937,False
scaling,protocol29,baseline,Batch3,13,816.0,927.2101809978274,13.628698651694531,False
scaling,protocol29,baseline,Batch3,14,858.0,882.7463202853145,2.8841865134399165,False
scaling,protocol29,baseline,Batch3,15,876.0,883.223199863514,0.824566194465065,False
scaling,protocol29,baseline,Batch3,16,1638.0,1208.6526630647827,26.21168113157615,False
scaling,protocol29,baseline,Batch3,17,1315.0,1089.1425899172536,17.175468447357137,False
scaling,protocol29,baseline,Batch3,18,1146.0,1002.0612220487571,12.560102788066557,False
scaling,protocol29,baseline,Batch3,19,1155.0,963.5487767499338,16.575863484854214,False
scaling,protocol29,baseline,Batch3,2,1267.0,1248.458218325918,1.463439753281918,False
scaling,protocol29,baseline,Batch3,20,813.0,914.0201029444684,12.425596918138805,False
scaling,protocol29,baseline,Batch3,21,772.0,744.221330197514,3.5982732904774584,False
scaling,protocol29,baseline,Batch3,22,1002.0,904.8634812773424,9.69426334557462,False
scaling,protocol29,baseline,Batch3,24,825.0,955.7220619160638,15.84509841406834,False
scaling,protocol29,baseline,Batch3,25,989.0,951.6441625477114,3.7771321994225073,False
scaling,protocol29,baseline,Batch3,26,1028.0,985.8586343217052,4.0993546379664245,False
scaling,protocol29,baseline,Batch3,27,850.0,943.9386676853162,11.05160796297838,False
scaling,protocol29,baseline,Batch3,28,541.0,625.7110626959402,15.658237097216302,False
scaling,protocol29,baseline,Batch3,29,858.0,912.7215385210134,6.377801692425801,False
scaling,protocol29,baseline,Batch3,3,1115.0,937.5951976366588,15.910744606577678,False
scaling,protocol29,baseline,Batch3,30,935.0,929.911376930783,0.5442377614135792,False
scaling,protocol29,baseline,Batch3,31,731.0,807.6705398650803,10.488445945975414,False
scaling,protocol29,baseline,Batch3,33,1284.0,1068.5919817668198,16.77632540756855,False
scaling,protocol29,baseline,Batch3,34,1158.0,1026.266898452618,11.37591550495526,False
scaling,protocol29,baseline,Batch3,35,1093.0,993.0587178013484,9.143758664103542,False
scaling,protocol29,baseline,Batch3,36,923.0,1001.7825780630028,8.535490581040403,False
scaling,protocol29,baseline,Batch3,37,1390.0,1398.302993591922,0.5973376684836066,False
scaling,protocol29,baseline,Batch3,38,1935.0,1043.3367075877618,46.080790305542024,False
scaling,protocol29,baseline,Batch3,39,1156.0,1096.1415145316785,5.178069677190444,False
scaling,protocol29,baseline,Batch3,4,1048.0,966.6086603817206,7.7663492002175,False
scaling,protocol29,baseline,Batch3,40,796.0,1021.3180124609056,28.306282972475596,False
scaling,protocol29,baseline,Batch3,41,786.0,985.8595521536148,25.42742393811893,False
scaling,protocol29,baseline,Batch3,42,1642.0,1045.2792783717582,36.34109145117185,False
scaling,protocol29,baseline,Batch3,43,1046.0,1031.4677897702402,1.3893126414684334,False
scaling,protocol29,baseline,Batch3,44,940.0,944.578060270864,0.4870276883897933,False
scaling,protocol29,baseline,Batch3,45,1801.0,1127.1989438331711,37.41260722747523,False
scaling,protocol29,baseline,Batch3,5,828.0,936.570923113404,13.11243032770578,False
scaling,protocol29,baseline,Batch3,6,667.0,660.4431748768541,0.9830322523457162,False
scaling,protocol29,baseline,Batch3,7,1836.0,1112.1389111730268,39.4259852302273,False
scaling,protocol29,baseline,Batch3,8,828.0,925.9612709576312,11.831071371694604,False
scaling,protocol29,baseline,Batch3,9,1039.0,874.598850820807,15.823017245350629,False
scaling,protocol29,y_standard,Batch3,0,1009.0,997.8694033501638,1.1031314816487816,False
scaling,protocol29,y_standard,Batch3,1,1063.0,1016.8314369718752,4.3432326461076975,False
scaling,protocol29,y_standard,Batch3,10,1078.0,1075.8421182759332,0.2001745569635235,False
scaling,protocol29,y_standard,Batch3,11,817.0,828.9262902161623,1.4597662443283144,False
scaling,protocol29,y_standard,Batch3,12,932.0,857.944869922669,7.945829407438948,False
scaling,protocol29,y_standard,Batch3,13,816.0,927.2101809978273,13.628698651694515,False
scaling,protocol29,y_standard,Batch3,14,858.0,882.7463202853144,2.884186513439903,False
scaling,protocol29,y_standard,Batch3,15,876.0,883.2231998635139,0.824566194465052,False
scaling,protocol29,y_standard,Batch3,16,1638.0,1208.6526630647827,26.21168113157615,False
scaling,protocol29,y_standard,Batch3,17,1315.0,1089.1425899172534,17.175468447357154,False
scaling,protocol29,y_standard,Batch3,18,1146.0,1002.0612220487571,12.560102788066564,False
scaling,protocol29,y_standard,Batch3,19,1155.0,963.5487767499338,16.575863484854214,False
scaling,protocol29,y_standard,Batch3,2,1267.0,1248.458218325918,1.463439753281918,False
scaling,protocol29,y_standard,Batch3,20,813.0,914.0201029444684,12.42559691813879,False
scaling,protocol29,y_standard,Batch3,21,772.0,744.221330197514,3.5982732904774584,False
scaling,protocol29,y_standard,Batch3,22,1002.0,904.8634812773424,9.69426334557462,False
scaling,protocol29,y_standard,Batch3,24,825.0,955.7220619160636,15.845098414068325,False
scaling,protocol29,y_standard,Batch3,25,989.0,951.6441625477114,3.7771321994225073,False
scaling,protocol29,y_standard,Batch3,26,1028.0,985.858634321705,4.099354637966436,False
scaling,protocol29,y_standard,Batch3,27,850.0,943.9386676853162,11.05160796297838,False
scaling,protocol29,y_standard,Batch3,28,541.0,625.7110626959401,15.658237097216285,False
scaling,protocol29,y_standard,Batch3,29,858.0,912.7215385210134,6.377801692425801,False
scaling,protocol29,y_standard,Batch3,3,1115.0,937.5951976366588,15.910744606577678,False
scaling,protocol29,y_standard,Batch3,30,935.0,929.9113769307828,0.5442377614135913,False
scaling,protocol29,y_standard,Batch3,31,731.0,807.6705398650802,10.4884459459754,False
scaling,protocol29,y_standard,Batch3,33,1284.0,1068.5919817668198,16.77632540756855,False
scaling,protocol29,y_standard,Batch3,34,1158.0,1026.266898452618,11.37591550495526,False
scaling,protocol29,y_standard,Batch3,35,1093.0,993.0587178013482,9.143758664103553,False
scaling,protocol29,y_standard,Batch3,36,923.0,1001.7825780630028,8.53549058104039,False
scaling,protocol29,y_standard,Batch3,37,1390.0,1398.302993591922,0.5973376684836066,False
scaling,protocol29,y_standard,Batch3,38,1935.0,1043.3367075877618,46.080790305542024,False
scaling,protocol29,y_standard,Batch3,39,1156.0,1096.1415145316785,5.178069677190444,False
scaling,protocol29,y_standard,Batch3,4,1048.0,966.6086603817204,7.766349200217511,False
scaling,protocol29,y_standard,Batch3,40,796.0,1021.3180124609056,28.30628297247558,False
scaling,protocol29,y_standard,Batch3,41,786.0,985.8595521536148,25.42742393811893,False
scaling,protocol29,y_standard,Batch3,42,1642.0,1045.2792783717582,36.34109145117185,False
scaling,protocol29,y_standard,Batch3,43,1046.0,1031.4677897702402,1.3893126414684334,False
scaling,protocol29,y_standard,Batch3,44,940.0,944.578060270864,0.4870276883897812,False
scaling,protocol29,y_standard,Batch3,45,1801.0,1127.1989438331711,37.41260722747523,False
scaling,protocol29,y_standard,Batch3,5,828.0,936.570923113404,13.11243032770578,False
scaling,protocol29,y_standard,Batch3,6,667.0,660.443174876854,0.9830322523457332,False
scaling,protocol29,y_standard,Batch3,7,1836.0,1112.1389111730268,39.4259852302273,False
scaling,protocol29,y_standard,Batch3,8,828.0,925.9612709576312,11.83107137169459,False
scaling,protocol29,y_standard,Batch3,9,1039.0,874.598850820807,15.823017245350629,False
scaling,protocol29,y_log,Batch3,0,1009.0,1029.2590728042771,2.0078367496805885,False
scaling,protocol29,y_log,Batch3,1,1063.0,1055.7815076807058,0.6790679510154495,False
scaling,protocol29,y_log,Batch3,10,1078.0,1142.773350281169,6.008659580813459,False
scaling,protocol29,y_log,Batch3,11,817.0,820.5027430131562,0.4287323149517982,False
scaling,protocol29,y_log,Batch3,12,932.0,853.0793391327395,8.467882067302629,False
scaling,protocol29,y_log,Batch3,13,816.0,936.1618555830296,14.725717595959525,False
scaling,protocol29,y_log,Batch3,14,858.0,881.9448961968023,2.790780442517756,False
scaling,protocol29,y_log,Batch3,15,876.0,882.5093865353227,0.743080654717207,False
scaling,protocol29,y_log,Batch3,16,1638.0,1365.6833012103698,16.62495108605801,False
scaling,protocol29,y_log,Batch3,17,1315.0,1163.3500371786388,11.53231656436207,False
scaling,protocol29,y_log,Batch3,18,1146.0,1035.0642631042322,9.680256273627212,False
scaling,protocol29,y_log,Batch3,19,1155.0,982.9371899154892,14.89721299432994,False
scaling,protocol29,y_log,Batch3,2,1267.0,1440.6054487562833,13.702087510361745,False
scaling,protocol29,y_log,Batch3,20,813.0,919.739767577854,13.129122703303084,False
scaling,protocol29,y_log,Batch3,21,772.0,732.3550787486056,5.135352493703939,False
scaling,protocol29,y_log,Batch3,22,1002.0,908.5091786106152,9.330421296345776,False
scaling,protocol29,y_log,Batch3,24,825.0,972.6689900448946,17.899271520593285,False
scaling,protocol29,y_log,Batch3,25,989.0,967.3615952910512,2.187907452876507,False
scaling,protocol29,y_log,Batch3,26,1028.0,1012.8051969497708,1.4780936819289006,False
scaling,protocol29,y_log,Batch3,27,850.0,957.41181090799,12.636683636234103,False
scaling,protocol29,y_log,Batch3,28,541.0,624.6902135317075,15.469540394030965,False
scaling,protocol29,y_log,Batch3,29,858.0,918.1386708630716,7.009169098260098,False
scaling,protocol29,y_log,Batch3,3,1115.0,949.2976021720208,14.861201598921912,False
scaling,protocol29,y_log,Batch3,30,935.0,939.5609377322792,0.4878008269817174,False
scaling,protocol29,y_log,Batch3,31,731.0,797.4328475364209,9.087940839455667,False
scaling,protocol29,y_log,Batch3,33,1284.0,1131.71060203938,11.860545012509338,False
scaling,protocol29,y_log,Batch3,34,1158.0,1069.2325689212453,7.6655812675954,False
scaling,protocol29,y_log,Batch3,35,1093.0,1022.6369351840616,6.437608857816871,False
scaling,protocol29,y_log,Batch3,36,923.0,1034.6773591261283,12.09938885440179,False
scaling,protocol29,y_log,Batch3,37,1390.0,1761.4119849415476,26.720286686442275,False
scaling,protocol29,y_log,Batch3,38,1935.0,1094.0039996164885,43.46232560121508,False
scaling,protocol29,y_log,Batch3,39,1156.0,1174.3261832093528,1.5853099662069938,False
scaling,protocol29,y_log,Batch3,4,1048.0,986.9809919105608,5.822424436015194,False
scaling,protocol29,y_log,Batch3,40,796.0,1062.1562738434334,33.436717819526805,False
scaling,protocol29,y_log,Batch3,41,786.0,1012.8064442090104,28.855781705980977,False
scaling,protocol29,y_log,Batch3,42,1642.0,1096.8591517290513,33.199808055477995,False
scaling,protocol29,y_log,Batch3,43,1046.0,1076.720011940763,2.9369036272239977,False
scaling,protocol29,y_log,Batch3,44,940.0,958.2335237391744,1.9397365679972665,False
scaling,protocol29,y_log,Batch3,45,1801.0,1224.295312436356,32.02135966483309,False
scaling,protocol29,y_log,Batch3,5,828.0,947.9938718976674,14.49201351421104,False
scaling,protocol29,y_log,Batch3,6,667.0,654.4906029993778,1.8754718141862432,False
scaling,protocol29,y_log,Batch3,7,1836.0,1199.8047324806748,34.65115836161902,False
scaling,protocol29,y_log,Batch3,8,828.0,934.5944345773578,12.87372398277268,False
scaling,protocol29,y_log,Batch3,9,1039.0,872.3561915346514,16.038865107348272,False
scaling,protocol29,y_sqrt,Batch3,0,1009.0,1011.467141427236,0.2445135210343041,False
scaling,protocol29,y_sqrt,Batch3,1,1063.0,1033.6158123958885,2.76426976520334,False
scaling,protocol29,y_sqrt,Batch3,10,1078.0,1104.0783155825025,2.419138736781304,False
scaling,protocol29,y_sqrt,Batch3,11,817.0,824.7220613097123,0.9451727429268458,False
scaling,protocol29,y_sqrt,Batch3,12,932.0,855.443939182519,8.214169615609551,False
scaling,protocol29,y_sqrt,Batch3,13,816.0,931.0457899763576,14.098748771612447,False
scaling,protocol29,y_sqrt,Batch3,14,858.0,882.1464204360564,2.814268116090485,False
scaling,protocol29,y_sqrt,Batch3,15,876.0,882.663874017056,0.7607162119926879,False
scaling,protocol29,y_sqrt,Batch3,16,1638.0,1271.160737449218,22.395559374284616,False
scaling,protocol29,y_sqrt,Batch3,17,1315.0,1120.280749946939,14.807547532552162,False
scaling,protocol29,y_sqrt,Batch3,18,1146.0,1016.3427570353726,11.313895546651604,False
scaling,protocol29,y_sqrt,Batch3,19,1155.0,971.9888232616177,15.845123527132673,False
scaling,protocol29,y_sqrt,Batch3,2,1267.0,1323.530191663629,4.461735727200396,False
scaling,protocol29,y_sqrt,Batch3,20,813.0,916.4023287062412,12.71861361700382,False
scaling,protocol29,y_sqrt,Batch3,21,772.0,738.2585289992686,4.370656865379714,False
scaling,protocol29,y_sqrt,Batch3,22,1002.0,906.3050175648124,9.55039744862152,False
scaling,protocol29,y_sqrt,Batch3,24,825.0,963.0959516036517,16.73890322468505,False
scaling,protocol29,y_sqrt,Batch3,25,989.0,958.4787536967448,3.0860714159004385,False
scaling,protocol29,y_sqrt,Batch3,26,1028.0,997.5620132373424,2.9608936539550084,False
scaling,protocol29,y_sqrt,Batch3,27,850.0,949.7845018791634,11.739353162254512,False
scaling,protocol29,y_sqrt,Batch3,28,541.0,625.3214401888381,15.586218149507966,False
scaling,protocol29,y_sqrt,Batch3,29,858.0,914.966954649356,6.639505203887659,False
scaling,protocol29,y_sqrt,Batch3,3,1115.0,942.6567759482426,15.456791394776449,False
scaling,protocol29,y_sqrt,Batch3,30,935.0,934.0589432232068,0.1006477836142311,False
scaling,protocol29,y_sqrt,Batch3,31,731.0,802.5751337406117,9.791399964515966,False
scaling,protocol29,y_sqrt,Batch3,33,1284.0,1095.2960097616026,14.69657244847332,False
scaling,protocol29,y_sqrt,Batch3,34,1158.0,1044.7263168470913,9.781837923394532,False
scaling,protocol29,y_sqrt,Batch3,35,1093.0,1005.8861520226844,7.970159924731536,False
scaling,protocol29,y_sqrt,Batch3,36,923.0,1016.01829509082,10.077821786654384,False
scaling,protocol29,y_sqrt,Batch3,37,1390.0,1530.1503978097571,10.082762432356628,False
scaling,protocol29,y_sqrt,Batch3,38,1935.0,1064.977390748155,44.96240874686538,False
scaling,protocol29,y_sqrt,Batch3,39,1156.0,1128.8541273038888,2.34825888374664,False
scaling,protocol29,y_sqrt,Batch3,4,1048.0,975.4766369744534,6.9201682276284915,False
scaling,protocol29,y_sqrt,Batch3,40,796.0,1038.8914666089445,30.51400334283222,False
scaling,protocol29,y_sqrt,Batch3,41,786.0,997.5630721542424,26.916421393669527,False
scaling,protocol29,y_sqrt,Batch3,42,1642.0,1067.2943144009075,35.00034626060246,False
scaling,protocol29,y_sqrt,Batch3,43,1046.0,1050.87589602738,0.4661468477418637,False
scaling,protocol29,y_sqrt,Batch3,44,940.0,950.5044332038362,1.1174928940251323,False
scaling,protocol29,y_sqrt,Batch3,45,1801.0,1167.292390083563,35.186430311851026,False
scaling,protocol29,y_sqrt,Batch3,5,828.0,941.5083856952328,13.708742233723774,False
scaling,protocol29,y_sqrt,Batch3,6,667.0,657.4495638690778,1.4318494948908858,False
scaling,protocol29,y_sqrt,Batch3,7,1836.0,1148.5729574561108,37.44156005141009,False
scaling,protocol29,y_sqrt,Batch3,8,828.0,929.6542907236905,12.277088251653437,False
scaling,protocol29,y_sqrt,Batch3,9,1039.0,873.3291850710585,15.945217991235946,False
scaling,protocol29,relative_q,Batch3,0,1009.0,998.4144631256888,1.0491116822905142,False
scaling,protocol29,relative_q,Batch3,1,1063.0,1016.888416410632,4.337872397870923,False
scaling,protocol29,relative_q,Batch3,10,1078.0,1075.593722175762,0.2232168668124333,False
scaling,protocol29,relative_q,Batch3,11,817.0,826.0130877527545,1.1031931153922243,False
scaling,protocol29,relative_q,Batch3,12,932.0,857.9739106060872,7.942713454282489,False
scaling,protocol29,relative_q,Batch3,13,816.0,925.8508805290264,13.462117711890478,False
scaling,protocol29,relative_q,Batch3,14,858.0,883.4165032192535,2.9622964125004096,False
scaling,protocol29,relative_q,Batch3,15,876.0,881.5860608146726,0.6376781751909336,False
scaling,protocol29,relative_q,Batch3,16,1638.0,1210.9192659273376,26.073304888440926,False
scaling,protocol29,relative_q,Batch3,17,1315.0,1090.9127154516275,17.040858140560648,False
scaling,protocol29,relative_q,Batch3,18,1146.0,1002.4720075927228,12.524257627162063,False
scaling,protocol29,relative_q,Batch3,19,1155.0,964.6442409710976,16.48101809774048,False
scaling,protocol29,relative_q,Batch3,2,1267.0,1251.1627210393278,1.2499825541177716,False
scaling,protocol29,relative_q,Batch3,20,813.0,911.7591654619832,12.147498826812203,False
scaling,protocol29,relative_q,Batch3,21,772.0,738.573248279651,4.3298901192161905,False
scaling,protocol29,relative_q,Batch3,22,1002.0,898.9261553922396,10.286810839097845,False
scaling,protocol29,relative_q,Batch3,24,825.0,947.4115398688332,14.837762408343416,False
scaling,protocol29,relative_q,Batch3,25,989.0,948.9052090463908,4.054073908352809,False
scaling,protocol29,relative_q,Batch3,26,1028.0,987.9882767807412,3.89219097463608,False
scaling,protocol29,relative_q,Batch3,27,850.0,940.768349453883,10.678629347515654,False
scaling,protocol29,relative_q,Batch3,28,541.0,611.1713924105679,12.970682515816623,False
scaling,protocol29,relative_q,Batch3,29,858.0,911.4047607098696,6.224331085066388,False
scaling,protocol29,relative_q,Batch3,3,1115.0,934.7549267402034,16.165477422403285,False
scaling,protocol29,relative_q,Batch3,30,935.0,929.6095373712452,0.5765200672464894,False
scaling,protocol29,relative_q,Batch3,31,731.0,804.5046196219107,10.055351521465212,False
scaling,protocol29,relative_q,Batch3,33,1284.0,1067.4821399870284,16.86276168325324,False
scaling,protocol29,relative_q,Batch3,34,1158.0,1024.8703212880223,11.496518023486848,False
scaling,protocol29,relative_q,Batch3,35,1093.0,991.4375236003224,9.292083842605445,False
scaling,protocol29,relative_q,Batch3,36,923.0,998.4190719169096,8.171080381030293,False
scaling,protocol29,relative_q,Batch3,37,1390.0,1398.6569597134803,0.6228028570849314,False
scaling,protocol29,relative_q,Batch3,38,1935.0,1045.5206037357927,45.96792745551459,False
scaling,protocol29,relative_q,Batch3,39,1156.0,1090.9829818913895,5.624309524966306,False
scaling,protocol29,relative_q,Batch3,4,1048.0,968.1123446768396,7.622867874347356,False
scaling,protocol29,relative_q,Batch3,40,796.0,1019.581908120186,28.08817941208368,False
scaling,protocol29,relative_q,Batch3,41,786.0,979.6681222928838,24.63971021537962,False
scaling,protocol29,relative_q,Batch3,42,1642.0,1046.350743320775,36.275837800196385,False
scaling,protocol29,relative_q,Batch3,43,1046.0,1033.643815610311,1.18127957836414,False
scaling,protocol29,relative_q,Batch3,44,940.0,945.0844958771288,0.54090381671583,False
scaling,protocol29,relative_q,Batch3,45,1801.0,1130.81203716557,37.211991273427536,False
scaling,protocol29,relative_q,Batch3,5,828.0,929.2461786536946,12.227799354310948,False
scaling,protocol29,relative_q,Batch3,6,667.0,650.3927672975907,2.489839985368711,False
scaling,protocol29,relative_q,Batch3,7,1836.0,1115.0445170401304,39.26772783005826,False
scaling,protocol29,relative_q,Batch3,8,828.0,924.1499951994656,11.612318260805036,False
scaling,protocol29,relative_q,Batch3,9,1039.0,873.5993911475914,15.91921163160814,False
scaling,protocol29,coral_spread,Batch3,0,1009.0,950.482238296462,5.799579950796629,True
scaling,protocol29,coral_spread,Batch3,1,1063.0,965.4379217716,9.177994188936967,True
scaling,protocol29,coral_spread,Batch3,10,1078.0,1011.9806654900387,6.124242533391571,True
scaling,protocol29,coral_spread,Batch3,11,817.0,817.2338865772906,0.0286274880404656,True
scaling,protocol29,coral_spread,Batch3,12,932.0,840.1213416702748,9.85822514267438,True
scaling,protocol29,coral_spread,Batch3,13,816.0,894.7520890317248,9.650991302907457,True
scaling,protocol29,coral_spread,Batch3,14,858.0,859.6826740013897,0.1961158509778237,True
scaling,protocol29,coral_spread,Batch3,15,876.0,860.0587971625228,1.8197720134106448,True
scaling,protocol29,coral_spread,Batch3,16,1638.0,1116.7306363870634,31.82352647209625,True
scaling,protocol29,coral_spread,Batch3,17,1315.0,1022.4709772311738,22.24555306226815,True
scaling,protocol29,coral_spread,Batch3,18,1146.0,953.7883981151824,16.772391089425618,True
scaling,protocol29,coral_spread,Batch3,19,1155.0,923.412967228736,20.050825348161396,True
scaling,protocol29,coral_spread,Batch3,2,1267.0,1148.12596543848,9.382323169812166,True
scaling,protocol29,coral_spread,Batch3,20,813.0,884.3488466203977,8.775995894267858,True
scaling,protocol29,coral_spread,Batch3,21,772.0,750.4256213834866,2.7946086290820467,True
scaling,protocol29,coral_spread,Batch3,22,1002.0,877.1268609364187,12.462389128101927,True
scaling,protocol29,coral_spread,Batch3,24,825.0,917.2399020374844,11.180594186361745,True
scaling,protocol29,coral_spread,Batch3,25,989.0,914.0235923624128,7.581032117046235,True
scaling,protocol29,coral_spread,Batch3,26,1028.0,941.0091372849256,8.462146178509173,True
scaling,protocol29,coral_spread,Batch3,27,850.0,907.9461354566654,6.817192406666516,True
scaling,protocol29,coral_spread,Batch3,28,541.0,656.9545262116014,21.433368985508583,True
scaling,protocol29,coral_spread,Batch3,29,858.0,883.3246464277015,2.9515904927391037,True
scaling,protocol29,coral_spread,Batch3,3,1115.0,902.9429310496704,19.0185712063076,True
scaling,protocol29,coral_spread,Batch3,30,935.0,896.8825689255775,4.076730596194918,True
scaling,protocol29,coral_spread,Batch3,31,731.0,800.4691090951247,9.50329809782828,True
scaling,protocol29,coral_spread,Batch3,33,1284.0,1006.2623575835656,21.630657509068097,True
scaling,protocol29,coral_spread,Batch3,34,1158.0,972.879833233368,15.986197475529524,True
scaling,protocol29,coral_spread,Batch3,35,1093.0,946.6879675024196,13.38627927699728,True
scaling,protocol29,coral_spread,Batch3,36,923.0,953.5686267902112,3.311877225374991,True
scaling,protocol29,coral_spread,Batch3,37,1390.0,1266.311128168894,8.898479987849342,True
scaling,protocol29,coral_spread,Batch3,38,1935.0,986.3430865689132,49.02619707654194,True
scaling,protocol29,coral_spread,Batch3,39,1156.0,1027.9911499767722,11.073429932805167,True
scaling,protocol29,coral_spread,Batch3,4,1048.0,925.8263503067705,11.657791001262373,True
scaling,protocol29,coral_spread,Batch3,40,796.0,968.976561362684,21.7307237892819,True
scaling,protocol29,coral_spread,Batch3,41,786.0,941.009861194808,19.72135638610787,True
scaling,protocol29,coral_spread,Batch3,42,1642.0,987.8752257029902,39.83707517034164,True
scaling,protocol29,coral_spread,Batch3,43,1046.0,976.9818660578374,6.598291963877882,True
scaling,protocol29,coral_spread,Batch3,44,940.0,908.4504354340082,3.3563366559565715,True
scaling,protocol29,coral_spread,Batch3,45,1801.0,1052.486680965219,41.56098384424104,True
scaling,protocol29,coral_spread,Batch3,5,828.0,902.1350680394544,8.953510632784345,True
scaling,protocol29,coral_spread,Batch3,6,667.0,684.348343064978,2.6009509842545806,True
scaling,protocol29,coral_spread,Batch3,7,1836.0,1040.6085730531822,43.32197314525151,True
scaling,protocol29,coral_spread,Batch3,8,828.0,893.7670521088546,7.942880689475195,True
scaling,protocol29,coral_spread,Batch3,9,1039.0,853.2566240921117,17.877129538776547,True
scaling,protocol29,coral_full,Batch3,0,1009.0,785.7507398169263,22.125793873446355,True
scaling,protocol29,coral_full,Batch3,1,1063.0,800.7064232920643,24.674842587764413,True
scaling,protocol29,coral_full,Batch3,10,1078.0,847.2491670105031,21.40545760570472,True
scaling,protocol29,coral_full,Batch3,11,817.0,652.502388097755,20.134346622061813,True
scaling,protocol29,coral_full,Batch3,12,932.0,675.3898431907392,27.533278627603096,True
scaling,protocol29,coral_full,Batch3,13,816.0,730.0205905521892,10.536692334290535,True
scaling,protocol29,coral_full,Batch3,14,858.0,694.9511755218541,19.0033594962874,True
scaling,protocol29,coral_full,Batch3,15,876.0,695.327298682987,20.62473759326632,True
scaling,protocol29,coral_full,Batch3,16,1638.0,951.9991379075276,41.88039451113994,True
scaling,protocol29,coral_full,Batch3,17,1315.0,857.7394787516381,34.77266321280319,True
scaling,protocol29,coral_full,Batch3,18,1146.0,789.0568996356467,31.14686739654043,True
scaling,protocol29,coral_full,Batch3,19,1155.0,758.6814687492002,34.313292748986996,True
scaling,protocol29,coral_full,Batch3,2,1267.0,983.3944669589442,22.38401997166975,True
scaling,protocol29,coral_full,Batch3,20,813.0,719.6173481408621,11.486181040484368,True
scaling,protocol29,coral_full,Batch3,21,772.0,585.694122903951,24.13288563420324,True
scaling,protocol29,coral_full,Batch3,22,1002.0,712.395362456883,28.90265843743682,True
scaling,protocol29,coral_full,Batch3,24,825.0,752.5084035579487,8.7868601747941,True
scaling,protocol29,coral_full,Batch3,25,989.0,749.2920938828771,24.237402034087246,True
scaling,protocol29,coral_full,Batch3,26,1028.0,776.27763880539,24.486611011148835,True
scaling,protocol29,coral_full,Batch3,27,850.0,743.2146369771298,12.562983885043556,True
scaling,protocol29,coral_full,Batch3,28,541.0,492.2230277320658,9.016076204793748,True
scaling,protocol29,coral_full,Batch3,29,858.0,718.5931479481659,16.24788485452612,True
scaling,protocol29,coral_full,Batch3,3,1115.0,738.2114325701345,33.7926966304812,True
scaling,protocol29,coral_full,Batch3,30,935.0,732.1510704460419,21.695072679567712,True
scaling,protocol29,coral_full,Batch3,31,731.0,635.7376106155891,13.0317906134625,True
scaling,protocol29,coral_full,Batch3,33,1284.0,841.5308591040299,34.460213465418235,True
scaling,protocol29,coral_full,Batch3,34,1158.0,808.1483347538324,30.211715478943663,True
scaling,protocol29,coral_full,Batch3,35,1093.0,781.9564690228841,28.457779595344544,True
scaling,protocol29,coral_full,Batch3,36,923.0,788.8371283106754,14.535522393209597,True
scaling,protocol29,coral_full,Batch3,37,1390.0,1101.5796296893582,20.749666928823153,True
scaling,protocol29,coral_full,Batch3,38,1935.0,821.6115880893777,57.53945281191847,True
scaling,protocol29,coral_full,Batch3,39,1156.0,863.2596514972365,25.323559559062584,True
scaling,protocol29,coral_full,Batch3,4,1048.0,761.0948518272347,27.376445436332567,True
scaling,protocol29,coral_full,Batch3,40,796.0,804.2450628831482,1.0358119199934916,True
scaling,protocol29,coral_full,Batch3,41,786.0,776.2783627152722,1.2368495273190538,True
scaling,protocol29,coral_full,Batch3,42,1642.0,823.1437272234544,49.8694441398627,True
scaling,protocol29,coral_full,Batch3,43,1046.0,812.2503675783017,22.347001187542855,True
scaling,protocol29,coral_full,Batch3,44,940.0,743.7189369544726,20.880964153779512,True
scaling,protocol29,coral_full,Batch3,45,1801.0,887.7551824856832,50.707652277307986,True
scaling,protocol29,coral_full,Batch3,5,828.0,737.4035695599188,10.941597879236864,True
scaling,protocol29,coral_full,Batch3,6,667.0,519.6168445854425,22.0964250996338,True
scaling,protocol29,coral_full,Batch3,7,1836.0,875.8770745736465,52.29427698400618,True
scaling,protocol29,coral_full,Batch3,8,828.0,729.0355536293189,11.952227822546028,True
scaling,protocol29,coral_full,Batch3,9,1039.0,688.5251256125761,33.73194171197535,True
scaling,protocol29,coral_half,Batch3,0,1009.0,879.2823764513706,12.856057834353754,True
scaling,protocol29,coral_half,Batch3,1,1063.0,896.0046205859903,15.70981932398962,True
scaling,protocol29,coral_half,Batch3,10,1078.0,948.04497865111,12.055196785611328,True
scaling,protocol29,coral_half,Batch3,11,817.0,730.29477105789,10.612635121433293,True
scaling,protocol29,coral_half,Batch3,12,932.0,755.8856851957339,18.896385708612243,True
scaling,protocol29,coral_half,Batch3,13,816.0,816.9693993672436,0.1187989420641627,True
scaling,protocol29,coral_half,Batch3,14,858.0,777.7575959902564,9.352261539597157,True
scaling,protocol29,coral_half,Batch3,15,876.0,778.1781467016704,11.166878230402927,True
scaling,protocol29,coral_half,Batch3,16,1638.0,1065.167983383476,34.97142958586838,True
scaling,protocol29,coral_half,Batch3,17,1315.0,959.7744027376214,27.013353403983167,True
scaling,protocol29,coral_half,Batch3,18,1146.0,882.9790588349354,22.951216506550143,True
scaling,protocol29,coral_half,Batch3,19,1155.0,849.0156915423723,26.492147918409323,True
scaling,protocol29,coral_half,Batch3,2,1267.0,1100.2717188936083,13.159296062067204,True
scaling,protocol29,coral_half,Batch3,20,813.0,805.3373292125736,0.9425179320327614,True
scaling,protocol29,coral_half,Batch3,21,772.0,655.5951344522884,15.07835045954813,True
scaling,protocol29,coral_half,Batch3,22,1002.0,797.2622848359667,20.43290570499334,True
scaling,protocol29,coral_half,Batch3,24,825.0,842.1134658193798,2.074359493258161,True
scaling,protocol29,coral_half,Batch3,25,989.0,838.5172466503599,15.215647456990911,True
scaling,protocol29,coral_half,Batch3,26,1028.0,868.690315708031,15.4970510011643,True
scaling,protocol29,coral_half,Batch3,27,850.0,831.7219224336844,2.1503620666253616,True
scaling,protocol29,coral_half,Batch3,28,541.0,551.0832627218583,1.863819357090262,True
scaling,protocol29,coral_half,Batch3,29,858.0,804.1921508131069,6.271311094043488,True
scaling,protocol29,coral_half,Batch3,3,1115.0,826.1277410852853,25.90782591163361,True
scaling,protocol29,coral_half,Batch3,30,935.0,819.3515308805327,12.368820226681,True
scaling,protocol29,coral_half,Batch3,31,731.0,711.5497432973473,2.660773830732247,True
scaling,protocol29,coral_half,Batch3,33,1284.0,941.651226001294,26.66267710270297,True
scaling,protocol29,coral_half,Batch3,34,1158.0,904.3255683045472,21.906254895980368,True
scaling,protocol29,coral_half,Batch3,35,1093.0,875.0399275765794,19.94145218878505,True
scaling,protocol29,coral_half,Batch3,36,923.0,882.7333281897215,4.362586328307526,True
scaling,protocol29,coral_half,Batch3,37,1390.0,1232.4168761211693,11.33691538696624,True
scaling,protocol29,coral_half,Batch3,38,1935.0,919.3790969177654,52.48686837634287,True
scaling,protocol29,coral_half,Batch3,39,1156.0,965.9466165632632,16.440604103523935,True
scaling,protocol29,coral_half,Batch3,4,1048.0,851.7141426755713,18.72956653859052,True
scaling,protocol29,coral_half,Batch3,40,796.0,899.9612431799965,13.060457685929205,True
scaling,protocol29,coral_half,Batch3,41,786.0,868.6911251259222,10.52049937988832,True
scaling,protocol29,coral_half,Batch3,42,1642.0,921.0922118476732,43.90425019198092,True
scaling,protocol29,coral_half,Batch3,43,1046.0,908.9121319646456,13.105914726133308,True
scaling,protocol29,coral_half,Batch3,44,940.0,832.2857901667926,11.458958492894403,True
scaling,protocol29,coral_half,Batch3,45,1801.0,993.3355520189308,44.84533303615043,True
scaling,protocol29,coral_half,Batch3,5,828.0,825.2244535487032,0.3352109240696624,True
scaling,protocol29,coral_half,Batch3,6,667.0,581.7128286633103,12.786682359323784,True
scaling,protocol29,coral_half,Batch3,7,1836.0,980.0544057113996,46.62013040787584,True
scaling,protocol29,coral_half,Batch3,8,828.0,815.8680101907987,1.4652161605315563,True
scaling,protocol29,coral_half,Batch3,9,1039.0,770.5725030733842,25.835177760020777,True
scaling,protocol29,robust,Batch3,0,1009.0,804.3565238159139,20.281811316559576,True
scaling,protocol29,robust,Batch3,1,1063.0,826.8851996198593,22.212116686748885,True
scaling,protocol29,robust,Batch3,10,1078.0,896.9954280157671,16.790776621914002,True
scaling,protocol29,robust,Batch3,11,817.0,603.6362476559096,26.11551436280176,True
scaling,protocol29,robust,Batch3,12,932.0,638.1130441610219,31.532935175856014,True
scaling,protocol29,robust,Batch3,13,816.0,720.406735270448,11.714860873719603,True
scaling,protocol29,robust,Batch3,14,858.0,667.5794951669901,22.193532031819338,True
scaling,protocol29,robust,Batch3,15,876.0,668.146072867943,23.727617252517927,True
scaling,protocol29,robust,Batch3,16,1638.0,1054.7868214171317,35.605200157684266,True
scaling,protocol29,robust,Batch3,17,1315.0,912.7976367674584,30.585731044299735,True
scaling,protocol29,robust,Batch3,18,1146.0,809.336797892709,29.37724276677932,True
scaling,protocol29,robust,Batch3,19,1155.0,763.5803979272042,33.889143036605695,True
scaling,protocol29,robust,Batch3,2,1267.0,1102.0795573949522,13.016609518946156,True
scaling,protocol29,robust,Batch3,20,813.0,704.7356844632911,13.316643977454964,True
scaling,protocol29,robust,Batch3,21,772.0,502.99880436705746,34.84471446022572,True
scaling,protocol29,robust,Batch3,22,1002.0,693.8567584412493,30.75281851883739,True
scaling,protocol29,robust,Batch3,24,825.0,754.2815260540789,8.571936235869227,True
scaling,protocol29,robust,Batch3,25,989.0,749.4365988345884,24.222790815511793,True
scaling,protocol29,robust,Batch3,26,1028.0,790.0866028255621,23.143326573388904,True
scaling,protocol29,robust,Batch3,27,850.0,740.2817476658244,12.908029686373606,True
scaling,protocol29,robust,Batch3,28,541.0,362.1974826710123,33.05037288890715,True
scaling,protocol29,robust,Batch3,29,858.0,703.1928680391572,18.042789272825495,True
scaling,protocol29,robust,Batch3,3,1115.0,732.7451098215264,34.28294979179135,True
scaling,protocol29,robust,Batch3,30,935.0,723.6160095851405,22.607913413353952,True
scaling,protocol29,robust,Batch3,31,731.0,578.3824210789526,20.877917773057103,True
scaling,protocol29,robust,Batch3,33,1284.0,888.3815853126749,30.811403013031548,True
scaling,protocol29,robust,Batch3,34,1158.0,838.0954135136307,27.625611959099253,True
scaling,protocol29,robust,Batch3,35,1093.0,798.6409778314421,26.93129205567776,True
scaling,protocol29,robust,Batch3,36,923.0,809.0057426828611,12.350407076613102,True
scaling,protocol29,robust,Batch3,37,1390.0,1280.1092155122967,7.905811833647718,True
scaling,protocol29,robust,Batch3,38,1935.0,858.3759490148736,55.639485839024616,True
scaling,protocol29,robust,Batch3,39,1156.0,921.1130161597878,20.31894323877269,True
scaling,protocol29,robust,Batch3,4,1048.0,767.215826896141,26.792382929757533,True
scaling,protocol29,robust,Batch3,40,796.0,832.2156724308854,4.549707591819778,True
scaling,protocol29,robust,Batch3,41,786.0,790.0876932960226,0.5200627603082215,True
scaling,protocol29,robust,Batch3,42,1642.0,860.6839054446506,47.58319698875453,True
scaling,protocol29,robust,Batch3,43,1046.0,844.2745605779048,19.285414858708908,True
scaling,protocol29,robust,Batch3,44,940.0,741.0414060737052,21.165807864499453,True
scaling,protocol29,robust,Batch3,45,1801.0,958.0121573592924,46.8066542276906,True
scaling,protocol29,robust,Batch3,5,828.0,731.5281755449079,11.65118652839277,True
scaling,protocol29,robust,Batch3,6,667.0,403.4624920534529,39.510870756603765,True
scaling,protocol29,robust,Batch3,7,1836.0,940.119424956965,48.79523829210431,True
scaling,protocol29,robust,Batch3,8,828.0,718.9229129144085,13.1735612422212,True
scaling,protocol29,robust,Batch3,9,1039.0,657.8995366852023,36.679544111145105,True
scaling,protocol29,quantile,Batch3,0,1009.0,807.4441786630523,19.975799934286194,True
scaling,protocol29,quantile,Batch3,1,1063.0,811.8183849228276,23.629502829461185,True
scaling,protocol29,quantile,Batch3,10,1078.0,892.3344158391886,17.223152519555786,True
scaling,protocol29,quantile,Batch3,11,817.0,612.7827813676606,24.9959875926976,True
scaling,protocol29,quantile,Batch3,12,932.0,614.6099930011226,34.054721780995436,True
scaling,protocol29,quantile,Batch3,13,816.0,720.3865484995638,11.717334742700515,True
scaling,protocol29,quantile,Batch3,14,858.0,635.933732484034,25.8818493608352,True
scaling,protocol29,quantile,Batch3,15,876.0,659.922742047279,24.666353647570887,True
scaling,protocol29,quantile,Batch3,16,1638.0,919.7347040707238,43.85014016662248,True
scaling,protocol29,quantile,Batch3,17,1315.0,895.1721950880274,31.92606881459868,True
scaling,protocol29,quantile,Batch3,18,1146.0,810.70369708898,29.25796709520245,True
scaling,protocol29,quantile,Batch3,19,1155.0,776.4556669082356,32.774401133486094,True
scaling,protocol29,quantile,Batch3,2,1267.0,931.467196922252,26.482462752782013,True
scaling,protocol29,quantile,Batch3,20,813.0,717.0815243954311,11.79809048026678,True
scaling,protocol29,quantile,Batch3,21,772.0,599.1979958986979,22.38367928773344,True
scaling,protocol29,quantile,Batch3,22,1002.0,692.8616473096563,30.85213100702033,True
scaling,protocol29,quantile,Batch3,24,825.0,769.4174481928466,6.737279006927689,True
scaling,protocol29,quantile,Batch3,25,989.0,758.4515745466208,23.311266476580304,True
scaling,protocol29,quantile,Batch3,26,1028.0,781.1475284629691,24.01288633628705,True
scaling,protocol29,quantile,Batch3,27,850.0,726.9615517704893,14.47511155641302,True
scaling,protocol29,quantile,Batch3,28,541.0,580.6009818852967,7.319959683049303,True
scaling,protocol29,quantile,Batch3,29,858.0,709.4996220959111,17.30773635245791,True
scaling,protocol29,quantile,Batch3,3,1115.0,726.7555716600173,34.8201281022406,True
scaling,protocol29,quantile,Batch3,30,935.0,724.8903635846306,22.47161886795395,True
scaling,protocol29,quantile,Batch3,31,731.0,611.4717040961658,16.351340068923964,True
scaling,protocol29,quantile,Batch3,33,1284.0,882.5498464310239,31.265588284188176,True
scaling,protocol29,quantile,Batch3,34,1158.0,821.2142307184362,29.08339976524731,True
scaling,protocol29,quantile,Batch3,35,1093.0,797.3911659227,27.045638982369628,True
scaling,protocol29,quantile,Batch3,36,923.0,809.2799664276627,12.320697028422249,True
scaling,protocol29,quantile,Batch3,37,1390.0,945.0235039789504,32.01269755547119,True
scaling,protocol29,quantile,Batch3,38,1935.0,859.9136082350576,55.560020246250254,True
scaling,protocol29,quantile,Batch3,39,1156.0,898.6146419044914,22.265169385424624,True
scaling,protocol29,quantile,Batch3,4,1048.0,777.919365543313,25.771052906172425,True
scaling,protocol29,quantile,Batch3,40,796.0,813.246612148851,2.1666598176948493,True
scaling,protocol29,quantile,Batch3,41,786.0,786.1401556672041,0.0178315098224061,True
scaling,protocol29,quantile,Batch3,42,1642.0,868.9059491565672,47.08246351056229,True
scaling,protocol29,quantile,Batch3,43,1046.0,845.4700316099687,19.17112508508903,True
scaling,protocol29,quantile,Batch3,44,940.0,736.4909506475175,21.649898867285373,True
scaling,protocol29,quantile,Batch3,45,1801.0,903.6497356232994,49.825111847679096,True
scaling,protocol29,quantile,Batch3,5,828.0,726.422250894795,12.267844094831526,True
scaling,protocol29,quantile,Batch3,6,667.0,585.4257316731544,12.23002523640864,True
scaling,protocol29,quantile,Batch3,7,1836.0,902.1433868167908,50.86364995551248,True
scaling,protocol29,quantile,Batch3,8,828.0,718.1141879620625,13.271233337915158,True
scaling,protocol29,quantile,Batch3,9,1039.0,616.8243054060599,40.632886871409056,True
scaling,protocol29,importance,Batch3,0,1009.0,936.2997131131684,7.205182050231079,True
scaling,protocol29,importance,Batch3,1,1063.0,948.6313357604269,10.75904649478581,True
scaling,protocol29,importance,Batch3,10,1078.0,987.0078869530196,8.4408268132635,True
scaling,protocol29,importance,Batch3,11,817.0,826.4305523689231,1.154290375633188,True
scaling,protocol29,importance,Batch3,12,932.0,845.3022716074282,9.302331372593535,True
scaling,protocol29,importance,Batch3,13,816.0,890.3477396075388,9.111242598963084,True
scaling,protocol29,importance,Batch3,14,858.0,861.4314554849775,0.3999365367106649,True
scaling,protocol29,importance,Batch3,15,876.0,861.7415856705819,1.6276728686550328,True
scaling,protocol29,importance,Batch3,16,1638.0,1073.3788719742502,34.47015433612636,True
scaling,protocol29,importance,Batch3,17,1315.0,995.6576130627508,24.284592162528448,True
scaling,protocol29,importance,Batch3,18,1146.0,939.0257881443608,18.060576950753862,True
scaling,protocol29,importance,Batch3,19,1155.0,913.9799016048236,20.86754098659536,True
scaling,protocol29,importance,Batch3,2,1267.0,1099.265709669911,13.238696947915464,True
scaling,protocol29,importance,Batch3,20,813.0,881.7698060120795,8.458770727193047,True
scaling,protocol29,importance,Batch3,21,772.0,771.3441821968399,0.0849504926373137,True
scaling,protocol29,importance,Batch3,22,1002.0,875.8149593234089,12.593317432793528,True
scaling,protocol29,importance,Batch3,24,825.0,908.889936265427,10.168477123082056,True
scaling,protocol29,importance,Batch3,25,989.0,906.2379466525388,8.368256152422774,True
scaling,protocol29,importance,Batch3,26,1028.0,928.4887222502082,9.680085384220993,True
scaling,protocol29,importance,Batch3,27,850.0,901.2268145741392,6.026684067545803,True
scaling,protocol29,importance,Batch3,28,541.0,694.2731291753042,28.331447167339046,True
scaling,protocol29,importance,Batch3,29,858.0,880.9253076437786,2.6719472778296782,True
scaling,protocol29,importance,Batch3,3,1115.0,897.1014512046397,19.5424707439785,True
scaling,protocol29,importance,Batch3,30,935.0,892.1044145299679,4.587763151875088,True
scaling,protocol29,importance,Batch3,31,731.0,812.6072516806598,11.163782719652508,True
scaling,protocol29,importance,Batch3,33,1284.0,982.2928891128548,23.497438542612553,True
scaling,protocol29,importance,Batch3,34,1158.0,954.7675209821448,17.55030043332084,True
scaling,protocol29,importance,Batch3,35,1093.0,933.1711689893626,14.622948857331872,True
scaling,protocol29,importance,Batch3,36,923.0,938.8445769644946,1.7166388910611754,True
scaling,protocol29,importance,Batch3,37,1390.0,1196.7146047150002,13.90542412122301,True
scaling,protocol29,importance,Batch3,38,1935.0,965.8685689559388,50.08431168186362,True
scaling,protocol29,importance,Batch3,39,1156.0,1000.2092396975058,13.47670936872787,True
scaling,protocol29,importance,Batch3,4,1048.0,915.9698427179176,12.598297450580374,True
scaling,protocol29,importance,Batch3,40,796.0,951.549100648567,19.541344302583795,True
scaling,protocol29,importance,Batch3,41,786.0,928.4893191459312,18.128412105080287,True
scaling,protocol29,importance,Batch3,42,1642.0,967.1318854520348,41.10037238416353,True
scaling,protocol29,importance,Batch3,43,1046.0,958.1498285150712,8.398677962230293,True
scaling,protocol29,importance,Batch3,44,940.0,901.6426322151018,4.080571040946618,True
scaling,protocol29,importance,Batch3,45,1801.0,1020.4068886512232,43.34220496106479,True
scaling,protocol29,importance,Batch3,5,828.0,896.4353324137987,8.265136764951539,True
scaling,protocol29,importance,Batch3,6,667.0,716.8605430414453,7.47534378432464,True
scaling,protocol29,importance,Batch3,7,1836.0,1010.612863204098,44.95572640500556,True
scaling,protocol29,importance,Batch3,8,828.0,889.5355330877468,7.43182766760227,True
scaling,protocol29,importance,Batch3,9,1039.0,856.1328930538189,17.600299032356222,True
early_progress,protocol29,core_raw_ols,Holdout,36,704.0,727.8870584172215,3.3930480706280552,False
early_progress,protocol29,core_raw_ols,Holdout,37,648.0,729.9684208091205,12.649447655728473,False
early_progress,protocol29,core_raw_ols,Holdout,40,966.0,908.7988214591256,5.921447053920742,False
early_progress,protocol29,core_raw_ols,Holdout,41,1051.0,916.4446693671772,12.802600440801418,False
early_progress,protocol29,core_raw_ols,Holdout,5,1074.0,966.8020385033216,9.98118822129222,False
early_progress,protocol29,core_raw_ols,Holdout,6,636.0,774.498047854849,21.77642261868695,False
early_progress,protocol29,core_raw_ols,Holdout,7,870.0,795.4208018841211,8.57232162251481,False
early_progress,protocol29,core_raw_ols,Batch2,0,477.0,642.4119128001812,34.677549853287466,False
early_progress,protocol29,core_raw_ols,Batch2,1,491.0,553.6643707659222,12.762600970656248,False
early_progress,protocol29,core_raw_ols,Batch2,2,424.0,629.7402866262555,48.523652506192334,False
early_progress,protocol29,core_raw_ols,Batch2,3,499.0,646.6229946361436,29.583766460149025,False
early_progress,protocol29,core_raw_ols,Batch2,4,444.0,522.9217434098261,17.775167434645528,False
early_progress,protocol29,core_raw_ols,Batch2,5,416.0,454.14958437681247,9.170573167502996,False
early_progress,protocol29,core_raw_ols,Batch2,6,393.0,662.4747928481394,68.56864957967923,False
early_progress,protocol29,core_raw_ols,Batch2,7,777.0,991.5633435235784,27.614329925814467,False
early_progress,protocol29,core_raw_ols,Batch2,8,904.0,930.941813560308,2.9802891106535387,False
early_progress,protocol29,core_raw_ols,Batch2,9,791.0,1044.4495560095363,32.04166321233076,False
early_progress,protocol29,core_raw_ols,Batch2,10,492.0,625.3556382040819,27.104804513024767,False
early_progress,protocol29,core_raw_ols,Batch2,11,449.0,641.5340802447975,42.880641479910345,False
early_progress,protocol29,core_raw_ols,Batch2,12,466.0,492.6510155156867,5.719102041992856,False
early_progress,protocol29,core_raw_ols,Batch2,13,460.0,575.4258417808571,25.092574300186328,False
early_progress,protocol29,core_raw_ols,Batch2,14,426.0,469.45803123756,10.201415783464794,False
early_progress,protocol29,core_raw_ols,Batch2,15,396.0,656.0078640448419,65.65855152647522,False
early_progress,protocol29,core_raw_ols,Batch2,16,472.0,645.9841678660655,36.86105251399693,False
early_progress,protocol29,core_raw_ols,Batch2,17,471.0,648.5465649584987,37.695661349999725,False
early_progress,protocol29,core_raw_ols,Batch2,18,449.0,745.617199195795,66.06173701465369,False
early_progress,protocol29,core_raw_ols,Batch2,19,392.0,550.806377000873,40.51183086756964,False
early_progress,protocol29,core_raw_ols,Batch2,20,489.0,620.8554056869035,26.96429564149356,False
early_progress,protocol29,core_raw_ols,Batch2,21,408.0,567.0917414389837,38.99307388210385,False
early_progress,protocol29,core_raw_ols,Batch2,24,514.0,714.4651450502699,39.00100098254279,False
early_progress,protocol29,core_raw_ols,Batch2,25,493.0,664.5564801872074,34.79847468300353,False
early_progress,protocol29,core_raw_ols,Batch2,26,450.0,518.0188345846458,15.11529657436573,False
early_progress,protocol29,core_raw_ols,Batch2,27,474.0,641.9141910299454,35.424934816444186,False
early_progress,protocol29,core_raw_ols,Batch2,28,437.0,612.462387349993,40.151576052629984,False
early_progress,protocol29,core_raw_ols,Batch2,29,452.0,652.2538338432477,44.30394554054152,False
early_progress,protocol29,core_raw_ols,Batch2,30,412.0,500.83152804931535,21.561050497406637,False
early_progress,protocol29,core_raw_ols,Batch2,31,425.0,579.136421569041,36.267393310362586,False
early_progress,protocol29,core_raw_ols,Batch2,32,809.0,944.5642860493105,16.757019289160734,False
early_progress,protocol29,core_raw_ols,Batch2,33,1140.0,991.5437517050028,13.022477920613788,False
early_progress,protocol29,core_raw_ols,Batch2,34,1186.0,1093.3039039038665,7.815859704564394,False
early_progress,protocol29,core_raw_ols,Batch2,41,442.0,494.7135655648333,11.926146055392149,False
early_progress,protocol29,core_raw_ols,Batch2,42,474.0,640.2181709871534,35.06712468083404,False
early_progress,protocol29,core_raw_ols,Batch2,43,1029.0,1010.3771617456156,1.8097996359945985,False
early_progress,protocol29,core_raw_ols,Batch2,44,841.0,1053.8761074710012,25.31226010356733,False
early_progress,protocol29,core_raw_ols,Batch2,45,997.0,965.0839601440382,3.201207608421444,False
early_progress,protocol29,core_raw_ols,Batch2,46,503.0,652.5478964885639,29.73119214484371,False
early_progress,protocol29,core_raw_ols,Batch3,0,1009.0,997.8694033501638,1.1031314816487816,False
early_progress,protocol29,core_raw_ols,Batch3,1,1063.0,1016.8314369718752,4.343232646107687,False
early_progress,protocol29,core_raw_ols,Batch3,2,1267.0,1248.458218325918,1.463439753281918,False
early_progress,protocol29,core_raw_ols,Batch3,3,1115.0,937.5951976366588,15.910744606577678,False
early_progress,protocol29,core_raw_ols,Batch3,4,1048.0,966.6086603817206,7.7663492002175,False
early_progress,protocol29,core_raw_ols,Batch3,5,828.0,936.570923113404,13.11243032770578,False
early_progress,protocol29,core_raw_ols,Batch3,6,667.0,660.4431748768541,0.9830322523457162,False
early_progress,protocol29,core_raw_ols,Batch3,7,1836.0,1112.1389111730268,39.4259852302273,False
early_progress,protocol29,core_raw_ols,Batch3,8,828.0,925.9612709576312,11.831071371694604,False
early_progress,protocol29,core_raw_ols,Batch3,9,1039.0,874.598850820807,15.823017245350629,False
early_progress,protocol29,core_raw_ols,Batch3,10,1078.0,1075.8421182759332,0.2001745569635235,False
early_progress,protocol29,core_raw_ols,Batch3,11,817.0,828.9262902161623,1.4597662443283144,False
early_progress,protocol29,core_raw_ols,Batch3,12,932.0,857.9448699226691,7.945829407438937,False
early_progress,protocol29,core_raw_ols,Batch3,13,816.0,927.2101809978274,13.628698651694531,False
early_progress,protocol29,core_raw_ols,Batch3,14,858.0,882.7463202853145,2.8841865134399165,False
early_progress,protocol29,core_raw_ols,Batch3,15,876.0,883.223199863514,0.824566194465065,False
early_progress,protocol29,core_raw_ols,Batch3,16,1638.0,1208.6526630647827,26.21168113157615,False
early_progress,protocol29,core_raw_ols,Batch3,17,1315.0,1089.1425899172536,17.175468447357137,False
early_progress,protocol29,core_raw_ols,Batch3,18,1146.0,1002.0612220487571,12.560102788066557,False
early_progress,protocol29,core_raw_ols,Batch3,19,1155.0,963.5487767499338,16.575863484854214,False
early_progress,protocol29,core_raw_ols,Batch3,20,813.0,914.0201029444684,12.425596918138805,False
early_progress,protocol29,core_raw_ols,Batch3,21,772.0,744.221330197514,3.5982732904774584,False
early_progress,protocol29,core_raw_ols,Batch3,22,1002.0,904.8634812773424,9.69426334557462,False
early_progress,protocol29,core_raw_ols,Batch3,24,825.0,955.7220619160638,15.84509841406834,False
early_progress,protocol29,core_raw_ols,Batch3,25,989.0,951.6441625477114,3.7771321994225073,False
early_progress,protocol29,core_raw_ols,Batch3,26,1028.0,985.8586343217052,4.0993546379664245,False
early_progress,protocol29,core_raw_ols,Batch3,27,850.0,943.9386676853162,11.05160796297838,False
early_progress,protocol29,core_raw_ols,Batch3,28,541.0,625.7110626959402,15.658237097216302,False
early_progress,protocol29,core_raw_ols,Batch3,29,858.0,912.7215385210134,6.377801692425801,False
early_progress,protocol29,core_raw_ols,Batch3,30,935.0,929.911376930783,0.5442377614135792,False
early_progress,protocol29,core_raw_ols,Batch3,31,731.0,807.6705398650803,10.488445945975414,False
early_progress,protocol29,core_raw_ols,Batch3,33,1284.0,1068.5919817668198,16.77632540756855,False
early_progress,protocol29,core_raw_ols,Batch3,34,1158.0,1026.266898452618,11.37591550495526,False
early_progress,protocol29,core_raw_ols,Batch3,35,1093.0,993.0587178013484,9.143758664103542,False
early_progress,protocol29,core_raw_ols,Batch3,36,923.0,1001.7825780630028,8.535490581040403,False
early_progress,protocol29,core_raw_ols,Batch3,37,1390.0,1398.302993591922,0.5973376684836066,False
early_progress,protocol29,core_raw_ols,Batch3,38,1935.0,1043.3367075877618,46.080790305542024,False
early_progress,protocol29,core_raw_ols,Batch3,39,1156.0,1096.1415145316785,5.178069677190444,False
early_progress,protocol29,core_raw_ols,Batch3,40,796.0,1021.3180124609056,28.306282972475596,False
early_progress,protocol29,core_raw_ols,Batch3,41,786.0,985.8595521536148,25.42742393811893,False
early_progress,protocol29,core_raw_ols,Batch3,42,1642.0,1045.2792783717582,36.34109145117185,False
early_progress,protocol29,core_raw_ols,Batch3,43,1046.0,1031.4677897702402,1.3893126414684334,False
early_progress,protocol29,core_raw_ols,Batch3,44,940.0,944.578060270864,0.4870276883897933,False
early_progress,protocol29,core_raw_ols,Batch3,45,1801.0,1127.1989438331711,37.41260722747523,False
early_progress,protocol29,progress_raw_ols,Holdout,36,704.0,704.0205988686273,0.0029259756572873,False
early_progress,protocol29,progress_raw_ols,Holdout,37,648.0,692.2530544439504,6.829175068510867,False
early_progress,protocol29,progress_raw_ols,Holdout,40,966.0,885.2295076795383,8.361334608743448,False
early_progress,protocol29,progress_raw_ols,Holdout,41,1051.0,883.5629269181869,15.93121532652836,False
early_progress,protocol29,progress_raw_ols,Holdout,5,1074.0,985.9550110036732,8.197857448447568,False
early_progress,protocol29,progress_raw_ols,Holdout,6,636.0,793.8029356942898,24.81178234186946,False
early_progress,protocol29,progress_raw_ols,Holdout,7,870.0,820.4546279169192,5.694870354377103,False
early_progress,protocol29,progress_raw_ols,Batch2,0,477.0,627.0042787313045,31.44743788916236,False
early_progress,protocol29,progress_raw_ols,Batch2,1,491.0,564.871040780425,15.045018488884931,False
early_progress,protocol29,progress_raw_ols,Batch2,2,424.0,642.8347108512205,51.611960106419936,False
early_progress,protocol29,progress_raw_ols,Batch2,3,499.0,619.2333814662828,24.09486602530718,False
early_progress,protocol29,progress_raw_ols,Batch2,4,444.0,507.02425910527626,14.194652951638798,False
early_progress,protocol29,progress_raw_ols,Batch2,5,416.0,430.684511573899,3.5299306668026276,False
early_progress,protocol29,progress_raw_ols,Batch2,6,393.0,589.2116892577216,49.92663848796986,False
early_progress,protocol29,progress_raw_ols,Batch2,7,777.0,1082.1242288772755,39.26952752603289,False
early_progress,protocol29,progress_raw_ols,Batch2,8,904.0,961.9781038231883,6.41350706008722,False
early_progress,protocol29,progress_raw_ols,Batch2,9,791.0,1097.817897591068,38.78860905070392,False
early_progress,protocol29,progress_raw_ols,Batch2,10,492.0,599.5608567239153,21.861962748763275,False
early_progress,protocol29,progress_raw_ols,Batch2,11,449.0,532.4203733576956,18.579147741134868,False
early_progress,protocol29,progress_raw_ols,Batch2,12,466.0,533.0059047247606,14.378949511751207,False
early_progress,protocol29,progress_raw_ols,Batch2,13,460.0,583.5302557779783,26.854403429995273,False
early_progress,protocol29,progress_raw_ols,Batch2,14,426.0,458.7788215695806,7.69455905389216,False
early_progress,protocol29,progress_raw_ols,Batch2,15,396.0,512.4152451982827,29.397789191485536,False
early_progress,protocol29,progress_raw_ols,Batch2,16,472.0,628.8781234476951,33.23689056095235,False
early_progress,protocol29,progress_raw_ols,Batch2,17,471.0,658.9989979861516,39.91486156818505,False
early_progress,protocol29,progress_raw_ols,Batch2,18,449.0,746.0388675943119,66.15564979828774,False
early_progress,protocol29,progress_raw_ols,Batch2,19,392.0,566.6561755673794,44.5551468284131,False
early_progress,protocol29,progress_raw_ols,Batch2,20,489.0,647.4396522834073,32.40074688822236,False
early_progress,protocol29,progress_raw_ols,Batch2,21,408.0,506.97118412284016,24.257643167362783,False
early_progress,protocol29,progress_raw_ols,Batch2,24,514.0,734.894974216235,42.97567591755545,False
early_progress,protocol29,progress_raw_ols,Batch2,25,493.0,719.9663574086392,46.03780069140754,False
early_progress,protocol29,progress_raw_ols,Batch2,26,450.0,512.3080925075737,13.846242779460832,False
early_progress,protocol29,progress_raw_ols,Batch2,27,474.0,670.7338293861618,41.50502729665861,False
early_progress,protocol29,progress_raw_ols,Batch2,28,437.0,580.9557043731398,32.941808781038866,False
early_progress,protocol29,progress_raw_ols,Batch2,29,452.0,645.2806538397992,42.7612066017255,False
early_progress,protocol29,progress_raw_ols,Batch2,30,412.0,495.83407729511487,20.3480770133774,False
early_progress,protocol29,progress_raw_ols,Batch2,31,425.0,551.6745429585112,29.805774813767343,False
early_progress,protocol29,progress_raw_ols,Batch2,32,809.0,947.9950729315492,17.181096777694574,False
early_progress,protocol29,progress_raw_ols,Batch2,33,1140.0,1009.9073944377318,11.411632066865632,False
early_progress,protocol29,progress_raw_ols,Batch2,34,1186.0,1106.650948878112,6.690476485825306,False
early_progress,protocol29,progress_raw_ols,Batch2,41,442.0,453.0571611245296,2.501620163920727,False
early_progress,protocol29,progress_raw_ols,Batch2,42,474.0,671.536508675826,41.67436891895063,False
early_progress,protocol29,progress_raw_ols,Batch2,43,1029.0,1045.946624886552,1.6469023213364378,False
early_progress,protocol29,progress_raw_ols,Batch2,44,841.0,1052.679496748744,25.169975832193103,False
early_progress,protocol29,progress_raw_ols,Batch2,45,997.0,993.8875849389358,0.3121780402271025,False
early_progress,protocol29,progress_raw_ols,Batch2,46,503.0,579.1398392305831,15.137144976259068,False
early_progress,protocol29,progress_raw_ols,Batch3,0,1009.0,991.4276708219164,1.741558887818007,False
early_progress,protocol29,progress_raw_ols,Batch3,1,1063.0,1013.1703256371698,4.687645753794002,False
early_progress,protocol29,progress_raw_ols,Batch3,2,1267.0,1310.7780043488278,3.455248962022718,False
early_progress,protocol29,progress_raw_ols,Batch3,3,1115.0,942.6326834821518,15.4589521540671,False
early_progress,protocol29,progress_raw_ols,Batch3,4,1048.0,940.9882343186902,10.211046343636436,False
early_progress,protocol29,progress_raw_ols,Batch3,5,828.0,923.2487174897864,11.503468295867904,False
early_progress,protocol29,progress_raw_ols,Batch3,6,667.0,650.7095318015749,2.442349055236141,False
early_progress,protocol29,progress_raw_ols,Batch3,7,1836.0,1108.8562540348075,39.604779192003946,False
early_progress,protocol29,progress_raw_ols,Batch3,8,828.0,901.4462909492383,8.87032499386938,False
early_progress,protocol29,progress_raw_ols,Batch3,9,1039.0,850.4325731571672,18.148934248588333,False
early_progress,protocol29,progress_raw_ols,Batch3,10,1078.0,1064.2166142891433,1.278607208799322,False
early_progress,protocol29,progress_raw_ols,Batch3,11,817.0,800.1323537265919,2.064583387198057,False
early_progress,protocol29,progress_raw_ols,Batch3,12,932.0,834.3742956907715,10.474860977385028,False
early_progress,protocol29,progress_raw_ols,Batch3,13,816.0,901.0810834793114,10.426603367562668,False
early_progress,protocol29,progress_raw_ols,Batch3,14,858.0,838.4016074507729,2.2841949358073577,False
early_progress,protocol29,progress_raw_ols,Batch3,15,876.0,849.9107468706788,2.9782252430731906,False
early_progress,protocol29,progress_raw_ols,Batch3,16,1638.0,1240.3973615255882,24.27366535252819,False
early_progress,protocol29,progress_raw_ols,Batch3,17,1315.0,1110.2454163853986,15.570690769171213,False
early_progress,protocol29,progress_raw_ols,Batch3,18,1146.0,991.193916013302,13.508384292032986,False
early_progress,protocol29,progress_raw_ols,Batch3,19,1155.0,951.3189321476708,17.634724489379142,False
early_progress,protocol29,progress_raw_ols,Batch3,20,813.0,891.3139890079448,9.632716975146955,False
early_progress,protocol29,progress_raw_ols,Batch3,21,772.0,729.4156418701016,5.516108566049018,False
early_progress,protocol29,progress_raw_ols,Batch3,22,1002.0,896.4484789635978,10.534083935768678,False
early_progress,protocol29,progress_raw_ols,Batch3,24,825.0,938.5610065698172,13.764970493311193,False
early_progress,protocol29,progress_raw_ols,Batch3,25,989.0,935.4926829593556,5.410244392380623,False
early_progress,protocol29,progress_raw_ols,Batch3,26,1028.0,963.2475017226986,6.298881155379509,False
early_progress,protocol29,progress_raw_ols,Batch3,27,850.0,924.3779347660952,8.750345266599425,False
early_progress,protocol29,progress_raw_ols,Batch3,28,541.0,598.032569959919,10.54206468760055,False
early_progress,protocol29,progress_raw_ols,Batch3,29,858.0,880.9244627695031,2.67184880763439,False
early_progress,protocol29,progress_raw_ols,Batch3,30,935.0,913.8016233707036,2.267206056609226,False
early_progress,protocol29,progress_raw_ols,Batch3,31,731.0,778.2821425646084,6.468145357675571,False
early_progress,protocol29,progress_raw_ols,Batch3,33,1284.0,1068.1563948930152,16.81024961892405,False
early_progress,protocol29,progress_raw_ols,Batch3,34,1158.0,1018.328571094926,12.061436002165271,False
early_progress,protocol29,progress_raw_ols,Batch3,35,1093.0,985.6574899032574,9.82090668771661,False
early_progress,protocol29,progress_raw_ols,Batch3,36,923.0,983.6372028517866,6.569577773758027,False
early_progress,protocol29,progress_raw_ols,Batch3,37,1390.0,1478.2165786099847,6.34651644676149,False
early_progress,protocol29,progress_raw_ols,Batch3,38,1935.0,1058.7046750000763,45.28658010335523,False
early_progress,protocol29,progress_raw_ols,Batch3,39,1156.0,1110.5621392391392,3.9306107924620033,False
early_progress,protocol29,progress_raw_ols,Batch3,40,796.0,1006.3520105859008,26.426131983153375,False
early_progress,protocol29,progress_raw_ols,Batch3,41,786.0,989.014112598387,25.828767506156108,False
early_progress,protocol29,progress_raw_ols,Batch3,42,1642.0,1049.7033427598944,36.071660002442485,False
early_progress,protocol29,progress_raw_ols,Batch3,43,1046.0,1029.7572760442995,1.552841678365228,False
early_progress,protocol29,progress_raw_ols,Batch3,44,940.0,918.2757387696694,2.311091620247939,False
early_progress,protocol29,progress_raw_ols,Batch3,45,1801.0,1118.0265246814956,37.92190312706854,False
early_progress,historical28,core_raw_ols,Holdout,26,870.0,785.1452128415834,9.75342381131225,False
early_progress,historical28,core_raw_ols,Holdout,27,842.0,814.517473451328,3.2639580224076026,False
early_progress,historical28,core_raw_ols,Holdout,30,709.0,759.7719535005831,7.16106537384811,False
early_progress,historical28,core_raw_ols,Holdout,35,703.0,773.787599266705,10.069359781892604,False
early_progress,historical28,core_raw_ols,Holdout,40,966.0,915.722424071369,5.204718005034264,False
early_progress,historical28,core_raw_ols,Holdout,44,616.0,597.0484911715075,3.0765436409890388,False
early_progress,historical28,core_raw_ols,Holdout,45,599.0,599.354866250314,0.0592431135749565,False
early_progress,historical28,core_raw_ols,Holdout,9,1054.0,917.8172288663704,12.920566521217223,False
early_progress,historical28,core_raw_ols,Batch2,0,477.0,630.4796011975683,32.176017022551,False
early_progress,historical28,core_raw_ols,Batch2,1,491.0,535.4501587208223,9.052985482855863,False
early_progress,historical28,core_raw_ols,Batch2,2,424.0,616.9110274322571,45.49788382836253,False
early_progress,historical28,core_raw_ols,Batch2,3,499.0,634.9887599857743,27.252256510175215,False
early_progress,historical28,core_raw_ols,Batch2,4,444.0,502.5314471604232,13.182758369464675,False
early_progress,historical28,core_raw_ols,Batch2,5,416.0,428.8913239409366,3.0988759473405327,False
early_progress,historical28,core_raw_ols,Batch2,6,393.0,651.9626108870007,65.89379411882969,False
early_progress,historical28,core_raw_ols,Batch2,7,777.0,1004.3453448684672,29.259375143946876,False
early_progress,historical28,core_raw_ols,Batch2,8,904.0,939.4327843349812,3.919555789267831,False
early_progress,historical28,core_raw_ols,Batch2,9,791.0,1060.9750516980628,34.13085356486255,False
early_progress,historical28,core_raw_ols,Batch2,10,492.0,612.2160163315004,24.43414966087407,False
early_progress,historical28,core_raw_ols,Batch2,11,449.0,629.5396321977073,40.20927220438916,False
early_progress,historical28,core_raw_ols,Batch2,12,466.0,470.1180379638632,0.8836991338762175,False
early_progress,historical28,core_raw_ols,Batch2,13,460.0,558.7519923335756,21.467824420342517,False
early_progress,historical28,core_raw_ols,Batch2,14,426.0,445.2833629429877,4.526611019480683,False
early_progress,historical28,core_raw_ols,Batch2,15,396.0,645.0379274013787,62.88836550539867,False
early_progress,historical28,core_raw_ols,Batch2,16,472.0,634.3047145417178,34.38659206392325,False
early_progress,historical28,core_raw_ols,Batch2,17,471.0,637.048488189037,35.25445609109066,False
early_progress,historical28,core_raw_ols,Batch2,18,449.0,740.9901641046748,65.03121694981621,False
early_progress,historical28,core_raw_ols,Batch2,19,392.0,532.3898649045743,35.81374104708529,False
early_progress,historical28,core_raw_ols,Batch2,20,489.0,607.3972396384164,24.21211444548393,False
early_progress,historical28,core_raw_ols,Batch2,21,408.0,549.8279715564395,34.761757734421444,False
early_progress,historical28,core_raw_ols,Batch2,24,514.0,707.6330449146936,37.67179862153573,False
early_progress,historical28,core_raw_ols,Batch2,25,493.0,654.1916482519586,32.696074696137636,False
early_progress,historical28,core_raw_ols,Batch2,26,450.0,497.2814911448375,10.506998032186113,False
early_progress,historical28,core_raw_ols,Batch2,27,474.0,629.9466487208023,32.900136860928754,False
early_progress,historical28,core_raw_ols,Batch2,28,437.0,598.4101304185823,36.93595661752455,False
early_progress,historical28,core_raw_ols,Batch2,29,452.0,641.0181721617276,41.81817968179815,False
early_progress,historical28,core_raw_ols,Batch2,30,412.0,478.8775993829802,16.232427034703928,False
early_progress,historical28,core_raw_ols,Batch2,31,425.0,562.725221568482,32.40593448670164,False
early_progress,historical28,core_raw_ols,Batch2,32,809.0,954.0195090612274,17.92577367876729,False
early_progress,historical28,core_raw_ols,Batch2,33,1140.0,1004.3243662638358,11.901371380365278,False
early_progress,historical28,core_raw_ols,Batch2,34,1186.0,1113.287502685956,6.130901965770992,False
early_progress,historical28,core_raw_ols,Batch2,41,442.0,472.3265834261716,6.861217969722073,False
early_progress,historical28,core_raw_ols,Batch2,42,474.0,628.1305777018022,32.516999515148136,False
early_progress,historical28,core_raw_ols,Batch2,43,1029.0,1024.490879218127,0.4382041576164218,False
early_progress,historical28,core_raw_ols,Batch2,44,841.0,1071.0688515862396,27.35658163926749,False
early_progress,historical28,core_raw_ols,Batch2,45,997.0,975.9916464785518,2.107156822612654,False
early_progress,historical28,core_raw_ols,Batch2,46,503.0,641.3330497188643,27.501600341722536,False
early_progress,historical28,core_raw_ols,Batch3,0,1009.0,1011.0977724378312,0.2079060889822875,False
early_progress,historical28,core_raw_ols,Batch3,1,1063.0,1031.4020134567086,2.9725293079295794,False
early_progress,historical28,core_raw_ols,Batch3,2,1267.0,1279.4242503572057,0.9806038166697446,False
early_progress,historical28,core_raw_ols,Batch3,3,1115.0,946.557121131996,15.106984651838932,False
early_progress,historical28,core_raw_ols,Batch3,4,1048.0,977.6242710021154,6.715241316592043,False
early_progress,historical28,core_raw_ols,Batch3,5,828.0,945.4603444252058,14.186031935411329,False
early_progress,historical28,core_raw_ols,Batch3,6,667.0,649.7871869968105,2.58063163466109,False
early_progress,historical28,core_raw_ols,Batch3,7,1836.0,1133.4557259269202,38.26493867500435,False
early_progress,historical28,core_raw_ols,Batch3,8,828.0,934.0996993174678,12.81397334752026,False
early_progress,historical28,core_raw_ols,Batch3,9,1039.0,879.101644858961,15.3896395708411,False
early_progress,historical28,core_raw_ols,Batch3,10,1078.0,1094.5897031206412,1.538933499131833,False
early_progress,historical28,core_raw_ols,Batch3,11,817.0,830.1962005924672,1.6152020309017407,False
early_progress,historical28,core_raw_ols,Batch3,12,932.0,861.2688296227093,7.589181370953939,False
early_progress,historical28,core_raw_ols,Batch3,13,816.0,935.4370121275242,14.636888741118163,False
early_progress,historical28,core_raw_ols,Batch3,14,858.0,887.825824290427,3.4762032972525665,False
early_progress,historical28,core_raw_ols,Batch3,15,876.0,888.3364592827444,1.408271607619222,False
early_progress,historical28,core_raw_ols,Batch3,16,1638.0,1236.80110117204,24.49321726666422,False
early_progress,historical28,core_raw_ols,Batch3,17,1315.0,1108.8316345114229,15.678202698751114,False
early_progress,historical28,core_raw_ols,Batch3,18,1146.0,1015.5863045679624,11.379903615361052,False
early_progress,historical28,core_raw_ols,Batch3,19,1155.0,974.3477967594804,15.640883397447585,False
early_progress,historical28,core_raw_ols,Batch3,20,813.0,921.313288417502,13.322667702029769,False
early_progress,historical28,core_raw_ols,Batch3,21,772.0,739.4954900028727,4.210428756104578,False
early_progress,historical28,core_raw_ols,Batch3,22,1002.0,911.5085250172764,9.031085327617117,False
early_progress,historical28,core_raw_ols,Batch3,24,825.0,965.9670762342852,17.086918331428492,False
early_progress,historical28,core_raw_ols,Batch3,25,989.0,961.6005270931132,2.770421931940007,False
early_progress,historical28,core_raw_ols,Batch3,26,1028.0,998.2368338886736,2.8952496217243717,False
early_progress,historical28,core_raw_ols,Batch3,27,850.0,953.3496069662418,12.158777290146098,False
early_progress,historical28,core_raw_ols,Batch3,28,541.0,612.5965991682717,13.23412184256409,False
early_progress,historical28,core_raw_ols,Batch3,29,858.0,919.92280649144,7.217110313687651,False
early_progress,historical28,core_raw_ols,Batch3,30,935.0,938.3294093437778,0.35608656083185,False
early_progress,historical28,core_raw_ols,Batch3,31,731.0,807.4358845432803,10.456345354757904,False
early_progress,historical28,core_raw_ols,Batch3,33,1284.0,1086.826373404136,15.35620144827602,False
early_progress,historical28,core_raw_ols,Batch3,34,1158.0,1041.5053540504082,10.059986696855942,False
early_progress,historical28,core_raw_ols,Batch3,35,1093.0,1005.9465676252132,7.964632422212869,False
early_progress,historical28,core_raw_ols,Batch3,36,923.0,1015.2879370638176,9.99869307300299,False
early_progress,historical28,core_raw_ols,Batch3,37,1390.0,1439.8756287861966,3.5881747328198963,False
early_progress,historical28,core_raw_ols,Batch3,38,1935.0,1059.7834314834822,45.23083041429032,False
early_progress,historical28,core_raw_ols,Batch3,39,1156.0,1116.3259705662608,3.4320094665864342,False
early_progress,historical28,core_raw_ols,Batch3,40,796.0,1036.2061664234218,30.176654073294195,False
early_progress,historical28,core_raw_ols,Batch3,41,786.0,998.2378166883394,27.002266754241656,False
early_progress,historical28,core_raw_ols,Batch3,42,1642.0,1061.8635050758703,35.331089824855646,False
early_progress,historical28,core_raw_ols,Batch3,43,1046.0,1047.0743849324692,0.1027136646720104,False
early_progress,historical28,core_raw_ols,Batch3,44,940.0,954.0342582764148,1.4930061996185826,False
early_progress,historical28,core_raw_ols,Batch3,45,1801.0,1149.5817669931912,36.16980749621371,False
early_progress,historical28,progress_raw_ols,Holdout,26,870.0,785.139344807456,9.75409829799356,False
early_progress,historical28,progress_raw_ols,Holdout,27,842.0,814.5121622656894,3.2645888045499496,False
early_progress,historical28,progress_raw_ols,Holdout,30,709.0,759.7689163611572,7.160637004394521,False
early_progress,historical28,progress_raw_ols,Holdout,35,703.0,773.8000217338762,10.071126846924066,False
early_progress,historical28,progress_raw_ols,Holdout,40,966.0,915.7291535229466,5.20402137443617,False
early_progress,historical28,progress_raw_ols,Holdout,44,616.0,597.0485216255449,3.076538697151796,False
early_progress,historical28,progress_raw_ols,Holdout,45,599.0,599.3545474765913,0.0591898959250882,False
early_progress,historical28,progress_raw_ols,Holdout,9,1054.0,917.812265907726,12.921037390158814,False
early_progress,historical28,progress_raw_ols,Batch2,0,477.0,630.4838545784573,32.17690871665772,False
early_progress,historical28,progress_raw_ols,Batch2,1,491.0,535.4462758150358,9.05219466701341,False
early_progress,historical28,progress_raw_ols,Batch2,2,424.0,616.9065608600663,45.49683039152507,False
early_progress,historical28,progress_raw_ols,Batch2,3,499.0,634.9966792362372,27.253843534316083,False
early_progress,historical28,progress_raw_ols,Batch2,4,444.0,502.5358599388788,13.183752238486212,False
early_progress,historical28,progress_raw_ols,Batch2,5,416.0,428.8980577004346,3.1004946395275494,False
early_progress,historical28,progress_raw_ols,Batch2,6,393.0,651.9845650885725,65.89938042966222,False
early_progress,historical28,progress_raw_ols,Batch2,7,777.0,1004.3171465624416,29.255746018332257,False
early_progress,historical28,progress_raw_ols,Batch2,8,904.0,939.4228039877696,3.918451768558586,False
early_progress,historical28,progress_raw_ols,Batch2,9,791.0,1060.9582292278342,34.128726830320375,False
early_progress,historical28,progress_raw_ols,Batch2,10,492.0,612.2234492943254,24.435660425675895,False
early_progress,historical28,progress_raw_ols,Batch2,11,449.0,629.5725575114857,40.21660523641106,False
early_progress,historical28,progress_raw_ols,Batch2,12,466.0,470.1052412442977,0.880953056716245,False
early_progress,historical28,progress_raw_ols,Batch2,13,460.0,558.7490569126105,21.46718628535011,False
early_progress,historical28,progress_raw_ols,Batch2,14,426.0,445.28618330891175,4.52727307720933,False
early_progress,historical28,progress_raw_ols,Batch2,15,396.0,645.0814013019325,62.89934376311427,False
early_progress,historical28,progress_raw_ols,Batch2,16,472.0,634.3094873119296,34.38760324405288,False
early_progress,historical28,progress_raw_ols,Batch2,17,471.0,637.0448285067343,35.25367908847863,False
early_progress,historical28,progress_raw_ols,Batch2,18,449.0,740.989565871726,65.03108371307928,False
early_progress,historical28,progress_raw_ols,Batch2,19,392.0,532.3845615378066,35.81238814739964,False
early_progress,historical28,progress_raw_ols,Batch2,20,489.0,607.3886462041053,24.210357096954045,False
early_progress,historical28,progress_raw_ols,Batch2,21,408.0,549.8459120419948,34.766154912253626,False
early_progress,historical28,progress_raw_ols,Batch2,24,514.0,707.6263271338937,37.67049166029061,False
early_progress,historical28,progress_raw_ols,Batch2,25,493.0,654.1742313701186,32.69254186006463,False
early_progress,historical28,progress_raw_ols,Batch2,26,450.0,497.28278740923406,10.507286090940902,False
early_progress,historical28,progress_raw_ols,Batch2,27,474.0,629.9373696320943,32.89817924727727,False
early_progress,historical28,progress_raw_ols,Batch2,28,437.0,598.4193121161253,36.93805769247719,False
early_progress,historical28,progress_raw_ols,Batch2,29,452.0,641.0198440135691,41.81854956052414,False
early_progress,historical28,progress_raw_ols,Batch2,30,412.0,478.8786787655488,16.23268902076427,False
early_progress,historical28,progress_raw_ols,Batch2,31,425.0,562.7331683043582,32.407804306907806,False
early_progress,historical28,progress_raw_ols,Batch2,32,809.0,954.0179742665814,17.925583963730706,False
early_progress,historical28,progress_raw_ols,Batch2,33,1140.0,1004.3182586242152,11.901907138226724,False
early_progress,historical28,progress_raw_ols,Batch2,34,1186.0,1113.2829219046748,6.1312882036530505,False
early_progress,historical28,progress_raw_ols,Batch2,41,442.0,472.33888007690905,6.864000017400238,False
early_progress,historical28,progress_raw_ols,Batch2,42,474.0,628.1205342046889,32.5148806339006,False
early_progress,historical28,progress_raw_ols,Batch2,43,1029.0,1024.4795055008665,0.4393094751344749,False
early_progress,historical28,progress_raw_ols,Batch2,44,841.0,1071.0687239624726,27.356566464027665,False
early_progress,historical28,progress_raw_ols,Batch2,45,997.0,975.9823465559664,2.10808961324309,False
early_progress,historical28,progress_raw_ols,Batch2,46,503.0,641.3550490633304,27.505973968852963,False
early_progress,historical28,progress_raw_ols,Batch3,0,1009.0,1011.0992541582092,0.2080529393666308,False
early_progress,historical28,progress_raw_ols,Batch3,1,1063.0,1031.4026428622185,2.9724700976276104,False
early_progress,historical28,progress_raw_ols,Batch3,2,1267.0,1279.404672709703,0.97905861955035,False
early_progress,historical28,progress_raw_ols,Batch3,3,1115.0,946.5550952800488,15.107166342596509,False
early_progress,historical28,progress_raw_ols,Batch3,4,1048.0,977.6316234426658,6.714539747837229,False
early_progress,historical28,progress_raw_ols,Batch3,5,828.0,945.4639362902894,14.186465735542203,False
early_progress,historical28,progress_raw_ols,Batch3,6,667.0,649.7897028335732,2.5802544477401517,False
early_progress,historical28,progress_raw_ols,Batch3,7,1836.0,1133.4562319450831,38.264911114102226,False
early_progress,historical28,progress_raw_ols,Batch3,8,828.0,934.10671675413,12.814820864025368,False
early_progress,historical28,progress_raw_ols,Batch3,9,1039.0,879.1085596908077,15.388974043233134,False
early_progress,historical28,progress_raw_ols,Batch3,10,1078.0,1094.5927647447618,1.5392175087905176,False
early_progress,historical28,progress_raw_ols,Batch3,11,817.0,830.2045350163561,1.6162221562247356,False
early_progress,historical28,progress_raw_ols,Batch3,12,932.0,861.2755635093998,7.588458850922764,False
early_progress,historical28,progress_raw_ols,Batch3,13,816.0,935.4445233468806,14.637809233686347,False
early_progress,historical28,progress_raw_ols,Batch3,14,858.0,887.8389126019329,3.4777287414840163,False
early_progress,historical28,progress_raw_ols,Batch3,15,876.0,888.3461719432229,1.4093803588153977,False
early_progress,historical28,progress_raw_ols,Batch3,16,1638.0,1236.7908819547076,24.49384115050625,False
early_progress,historical28,progress_raw_ols,Batch3,17,1315.0,1108.8246809740635,15.67873148486209,False
early_progress,historical28,progress_raw_ols,Batch3,18,1146.0,1015.5891400763636,11.379656188798975,False
early_progress,historical28,progress_raw_ols,Batch3,19,1155.0,974.351052239466,15.640601537708564,False
early_progress,historical28,progress_raw_ols,Batch3,20,813.0,921.3197533343854,13.32346289475835,False
early_progress,historical28,progress_raw_ols,Batch3,21,772.0,739.4995510954953,4.20990270783739,False
early_progress,historical28,progress_raw_ols,Batch3,22,1002.0,911.5106179179392,9.030876455295491,False
early_progress,historical28,progress_raw_ols,Batch3,24,825.0,965.9718411724656,17.087495899692783,False
early_progress,historical28,progress_raw_ols,Batch3,25,989.0,961.604983449482,2.769971339789472,False
early_progress,historical28,progress_raw_ols,Batch3,26,1028.0,998.2432640230696,2.89462412226948,False
early_progress,historical28,progress_raw_ols,Batch3,27,850.0,953.3551070878398,12.159424363275267,False
early_progress,historical28,progress_raw_ols,Batch3,28,541.0,612.6046084743083,13.235602305787117,False
early_progress,historical28,progress_raw_ols,Batch3,29,858.0,919.932053133064,7.218188010846629,False
early_progress,historical28,progress_raw_ols,Batch3,30,935.0,938.3338546635172,0.3565619960980933,False
early_progress,historical28,progress_raw_ols,Batch3,31,731.0,807.4444025508226,10.45751060886766,False
early_progress,historical28,progress_raw_ols,Batch3,33,1284.0,1086.8260117530915,15.356229614245208,False
early_progress,historical28,progress_raw_ols,Batch3,34,1158.0,1041.5072914324817,10.059819392704538,False
early_progress,historical28,progress_raw_ols,Batch3,35,1093.0,1005.9483433117656,7.964469962327026,False
early_progress,historical28,progress_raw_ols,Batch3,36,923.0,1015.2929995130684,9.999241550711645,False
early_progress,historical28,progress_raw_ols,Batch3,37,1390.0,1439.850655916405,3.5863781234823744,False
early_progress,historical28,progress_raw_ols,Batch3,38,1935.0,1059.7782363261128,45.231098897875306,False
early_progress,historical28,progress_raw_ols,Batch3,39,1156.0,1116.3210610687763,3.432434163600645,False
early_progress,historical28,progress_raw_ols,Batch3,40,796.0,1036.2102545033313,30.17716765117227,False
early_progress,historical28,progress_raw_ols,Batch3,41,786.0,998.2363631242156,27.002081822419285,False
early_progress,historical28,progress_raw_ols,Batch3,42,1642.0,1061.8616583417538,35.33120229343765,False
early_progress,historical28,progress_raw_ols,Batch3,43,1046.0,1047.0744163353318,0.102716666857721,False
early_progress,historical28,progress_raw_ols,Batch3,44,940.0,954.0418211152664,1.4938107569432373,False
early_progress,historical28,progress_raw_ols,Batch3,45,1801.0,1149.5840739413345,36.169679403590536,False
shortlife_objective,protocol29,baseline,Holdout,36,704.0,727.8870584172215,3.3930480706280552,False
shortlife_objective,protocol29,baseline,Holdout,37,648.0,729.9684208091205,12.649447655728473,False
shortlife_objective,protocol29,baseline,Holdout,40,966.0,908.7988214591256,5.921447053920742,False
shortlife_objective,protocol29,baseline,Holdout,41,1051.0,916.4446693671772,12.802600440801418,False
shortlife_objective,protocol29,baseline,Holdout,5,1074.0,966.8020385033216,9.98118822129222,False
shortlife_objective,protocol29,baseline,Holdout,6,636.0,774.498047854849,21.77642261868695,False
shortlife_objective,protocol29,baseline,Holdout,7,870.0,795.4208018841211,8.57232162251481,False
shortlife_objective,protocol29,baseline,Batch2,0,477.0,642.4119128001812,34.677549853287466,False
shortlife_objective,protocol29,baseline,Batch2,1,491.0,553.6643707659222,12.762600970656248,False
shortlife_objective,protocol29,baseline,Batch2,2,424.0,629.7402866262555,48.523652506192334,False
shortlife_objective,protocol29,baseline,Batch2,3,499.0,646.6229946361436,29.583766460149025,False
shortlife_objective,protocol29,baseline,Batch2,4,444.0,522.9217434098261,17.775167434645528,False
shortlife_objective,protocol29,baseline,Batch2,5,416.0,454.14958437681247,9.170573167502996,False
shortlife_objective,protocol29,baseline,Batch2,6,393.0,662.4747928481394,68.56864957967923,False
shortlife_objective,protocol29,baseline,Batch2,7,777.0,991.5633435235784,27.614329925814467,False
shortlife_objective,protocol29,baseline,Batch2,8,904.0,930.941813560308,2.9802891106535387,False
shortlife_objective,protocol29,baseline,Batch2,9,791.0,1044.4495560095363,32.04166321233076,False
shortlife_objective,protocol29,baseline,Batch2,10,492.0,625.3556382040819,27.104804513024767,False
shortlife_objective,protocol29,baseline,Batch2,11,449.0,641.5340802447975,42.880641479910345,False
shortlife_objective,protocol29,baseline,Batch2,12,466.0,492.6510155156867,5.719102041992856,False
shortlife_objective,protocol29,baseline,Batch2,13,460.0,575.4258417808571,25.092574300186328,False
shortlife_objective,protocol29,baseline,Batch2,14,426.0,469.45803123756,10.201415783464794,False
shortlife_objective,protocol29,baseline,Batch2,15,396.0,656.0078640448419,65.65855152647522,False
shortlife_objective,protocol29,baseline,Batch2,16,472.0,645.9841678660655,36.86105251399693,False
shortlife_objective,protocol29,baseline,Batch2,17,471.0,648.5465649584987,37.695661349999725,False
shortlife_objective,protocol29,baseline,Batch2,18,449.0,745.617199195795,66.06173701465369,False
shortlife_objective,protocol29,baseline,Batch2,19,392.0,550.806377000873,40.51183086756964,False
shortlife_objective,protocol29,baseline,Batch2,20,489.0,620.8554056869035,26.96429564149356,False
shortlife_objective,protocol29,baseline,Batch2,21,408.0,567.0917414389837,38.99307388210385,False
shortlife_objective,protocol29,baseline,Batch2,24,514.0,714.4651450502699,39.00100098254279,False
shortlife_objective,protocol29,baseline,Batch2,25,493.0,664.5564801872074,34.79847468300353,False
shortlife_objective,protocol29,baseline,Batch2,26,450.0,518.0188345846458,15.11529657436573,False
shortlife_objective,protocol29,baseline,Batch2,27,474.0,641.9141910299454,35.424934816444186,False
shortlife_objective,protocol29,baseline,Batch2,28,437.0,612.462387349993,40.151576052629984,False
shortlife_objective,protocol29,baseline,Batch2,29,452.0,652.2538338432477,44.30394554054152,False
shortlife_objective,protocol29,baseline,Batch2,30,412.0,500.83152804931535,21.561050497406637,False
shortlife_objective,protocol29,baseline,Batch2,31,425.0,579.136421569041,36.267393310362586,False
shortlife_objective,protocol29,baseline,Batch2,32,809.0,944.5642860493105,16.757019289160734,False
shortlife_objective,protocol29,baseline,Batch2,33,1140.0,991.5437517050028,13.022477920613788,False
shortlife_objective,protocol29,baseline,Batch2,34,1186.0,1093.3039039038665,7.815859704564394,False
shortlife_objective,protocol29,baseline,Batch2,41,442.0,494.7135655648333,11.926146055392149,False
shortlife_objective,protocol29,baseline,Batch2,42,474.0,640.2181709871534,35.06712468083404,False
shortlife_objective,protocol29,baseline,Batch2,43,1029.0,1010.3771617456156,1.8097996359945985,False
shortlife_objective,protocol29,baseline,Batch2,44,841.0,1053.8761074710012,25.31226010356733,False
shortlife_objective,protocol29,baseline,Batch2,45,997.0,965.0839601440382,3.201207608421444,False
shortlife_objective,protocol29,baseline,Batch2,46,503.0,652.5478964885639,29.73119214484371,False
shortlife_objective,protocol29,baseline,Batch3,0,1009.0,997.8694033501638,1.1031314816487816,False
shortlife_objective,protocol29,baseline,Batch3,1,1063.0,1016.8314369718752,4.343232646107687,False
shortlife_objective,protocol29,baseline,Batch3,2,1267.0,1248.458218325918,1.463439753281918,False
shortlife_objective,protocol29,baseline,Batch3,3,1115.0,937.5951976366588,15.910744606577678,False
shortlife_objective,protocol29,baseline,Batch3,4,1048.0,966.6086603817206,7.7663492002175,False
shortlife_objective,protocol29,baseline,Batch3,5,828.0,936.570923113404,13.11243032770578,False
shortlife_objective,protocol29,baseline,Batch3,6,667.0,660.4431748768541,0.9830322523457162,False
shortlife_objective,protocol29,baseline,Batch3,7,1836.0,1112.1389111730268,39.4259852302273,False
shortlife_objective,protocol29,baseline,Batch3,8,828.0,925.9612709576312,11.831071371694604,False
shortlife_objective,protocol29,baseline,Batch3,9,1039.0,874.598850820807,15.823017245350629,False
shortlife_objective,protocol29,baseline,Batch3,10,1078.0,1075.8421182759332,0.2001745569635235,False
shortlife_objective,protocol29,baseline,Batch3,11,817.0,828.9262902161623,1.4597662443283144,False
shortlife_objective,protocol29,baseline,Batch3,12,932.0,857.9448699226691,7.945829407438937,False
shortlife_objective,protocol29,baseline,Batch3,13,816.0,927.2101809978274,13.628698651694531,False
shortlife_objective,protocol29,baseline,Batch3,14,858.0,882.7463202853145,2.8841865134399165,False
shortlife_objective,protocol29,baseline,Batch3,15,876.0,883.223199863514,0.824566194465065,False
shortlife_objective,protocol29,baseline,Batch3,16,1638.0,1208.6526630647827,26.21168113157615,False
shortlife_objective,protocol29,baseline,Batch3,17,1315.0,1089.1425899172536,17.175468447357137,False
shortlife_objective,protocol29,baseline,Batch3,18,1146.0,1002.0612220487571,12.560102788066557,False
shortlife_objective,protocol29,baseline,Batch3,19,1155.0,963.5487767499338,16.575863484854214,False
shortlife_objective,protocol29,baseline,Batch3,20,813.0,914.0201029444684,12.425596918138805,False
shortlife_objective,protocol29,baseline,Batch3,21,772.0,744.221330197514,3.5982732904774584,False
shortlife_objective,protocol29,baseline,Batch3,22,1002.0,904.8634812773424,9.69426334557462,False
shortlife_objective,protocol29,baseline,Batch3,24,825.0,955.7220619160638,15.84509841406834,False
shortlife_objective,protocol29,baseline,Batch3,25,989.0,951.6441625477114,3.7771321994225073,False
shortlife_objective,protocol29,baseline,Batch3,26,1028.0,985.8586343217052,4.0993546379664245,False
shortlife_objective,protocol29,baseline,Batch3,27,850.0,943.9386676853162,11.05160796297838,False
shortlife_objective,protocol29,baseline,Batch3,28,541.0,625.7110626959402,15.658237097216302,False
shortlife_objective,protocol29,baseline,Batch3,29,858.0,912.7215385210134,6.377801692425801,False
shortlife_objective,protocol29,baseline,Batch3,30,935.0,929.911376930783,0.5442377614135792,False
shortlife_objective,protocol29,baseline,Batch3,31,731.0,807.6705398650803,10.488445945975414,False
shortlife_objective,protocol29,baseline,Batch3,33,1284.0,1068.5919817668198,16.77632540756855,False
shortlife_objective,protocol29,baseline,Batch3,34,1158.0,1026.266898452618,11.37591550495526,False
shortlife_objective,protocol29,baseline,Batch3,35,1093.0,993.0587178013484,9.143758664103542,False
shortlife_objective,protocol29,baseline,Batch3,36,923.0,1001.7825780630028,8.535490581040403,False
shortlife_objective,protocol29,baseline,Batch3,37,1390.0,1398.302993591922,0.5973376684836066,False
shortlife_objective,protocol29,baseline,Batch3,38,1935.0,1043.3367075877618,46.080790305542024,False
shortlife_objective,protocol29,baseline,Batch3,39,1156.0,1096.1415145316785,5.178069677190444,False
shortlife_objective,protocol29,baseline,Batch3,40,796.0,1021.3180124609056,28.306282972475596,False
shortlife_objective,protocol29,baseline,Batch3,41,786.0,985.8595521536148,25.42742393811893,False
shortlife_objective,protocol29,baseline,Batch3,42,1642.0,1045.2792783717582,36.34109145117185,False
shortlife_objective,protocol29,baseline,Batch3,43,1046.0,1031.4677897702402,1.3893126414684334,False
shortlife_objective,protocol29,baseline,Batch3,44,940.0,944.578060270864,0.4870276883897933,False
shortlife_objective,protocol29,baseline,Batch3,45,1801.0,1127.1989438331711,37.41260722747523,False
shortlife_objective,protocol29,inverse,Holdout,36,704.0,708.1542459428879,0.5900917532511197,False
shortlife_objective,protocol29,inverse,Holdout,37,648.0,710.1689136336887,9.59396815334702,False
shortlife_objective,protocol29,inverse,Holdout,40,966.0,921.890912156729,4.566158161829299,False
shortlife_objective,protocol29,inverse,Holdout,41,1051.0,932.9392368333286,11.233183935934488,False
shortlife_objective,protocol29,inverse,Holdout,5,1074.0,1010.6822875030092,5.895503956889263,False
shortlife_objective,protocol29,inverse,Holdout,6,636.0,755.4725084134923,18.784985599605704,False
shortlife_objective,protocol29,inverse,Holdout,7,870.0,778.2959401085315,10.54069653924926,False
shortlife_objective,protocol29,inverse,Batch2,0,477.0,632.5334553019885,32.6065944029326,False
shortlife_objective,protocol29,inverse,Batch2,1,491.0,566.7619835162101,15.43013920900409,False
shortlife_objective,protocol29,inverse,Batch2,2,424.0,622.4112708356956,46.795111046154624,False
shortlife_objective,protocol29,inverse,Batch2,3,499.0,635.955408540522,27.44597365541522,False
shortlife_objective,protocol29,inverse,Batch2,4,444.0,546.535228284947,23.09351988399708,False
shortlife_objective,protocol29,inverse,Batch2,5,416.0,505.38008647434657,21.485597710179466,False
shortlife_objective,protocol29,inverse,Batch2,6,393.0,649.1037306375955,65.16634367368843,False
shortlife_objective,protocol29,inverse,Batch2,7,777.0,1052.3118212315956,35.43266682517317,False
shortlife_objective,protocol29,inverse,Batch2,8,904.0,954.417869863168,5.577197993713274,False
shortlife_objective,protocol29,inverse,Batch2,9,791.0,1149.6099471384002,45.33627650295831,False
shortlife_objective,protocol29,inverse,Batch2,10,492.0,618.9688545055018,25.80667774502069,False
shortlife_objective,protocol29,inverse,Batch2,11,449.0,631.8238095062567,40.71799766286341,False
shortlife_objective,protocol29,inverse,Batch2,12,466.0,527.7568773890343,13.252548795930116,False
shortlife_objective,protocol29,inverse,Batch2,13,460.0,581.8318420388711,26.48518305192849,False
shortlife_objective,protocol29,inverse,Batch2,14,426.0,514.0835647482236,20.676893133385818,False
shortlife_objective,protocol29,inverse,Batch2,15,396.0,643.6881838959092,62.547521185835656,False
shortlife_objective,protocol29,inverse,Batch2,16,472.0,635.4344033600717,34.62593291526942,False
shortlife_objective,protocol29,inverse,Batch2,17,471.0,637.5283098451271,35.356329054167105,False
shortlife_objective,protocol29,inverse,Batch2,18,449.0,725.6033363950155,61.604306546774055,False
shortlife_objective,protocol29,inverse,Batch2,19,392.0,564.8301757531073,44.08933054926205,False
shortlife_objective,protocol29,inverse,Batch2,20,489.0,615.467246677492,25.86242263343394,False
shortlife_objective,protocol29,inverse,Batch2,21,408.0,575.9841499278336,41.17258576662589,False
shortlife_objective,protocol29,inverse,Batch2,24,514.0,695.3722032644821,35.28642086857628,False
shortlife_objective,protocol29,inverse,Batch2,25,493.0,650.8623155688981,32.02075366509089,False
shortlife_objective,protocol29,inverse,Batch2,26,450.0,543.4192675096679,20.759837224370635,False
shortlife_objective,protocol29,inverse,Batch2,27,474.0,632.1309381094608,33.36095740705923,False
shortlife_objective,protocol29,inverse,Batch2,28,437.0,609.0208843429475,39.36404676039989,False
shortlife_objective,protocol29,inverse,Batch2,29,452.0,640.5772079734749,41.720621233069664,False
shortlife_objective,protocol29,inverse,Batch2,30,412.0,532.7249227512187,29.30216571631523,False
shortlife_objective,protocol29,inverse,Batch2,31,425.0,584.4665118182886,37.521532192538494,False
shortlife_objective,protocol29,inverse,Batch2,32,809.0,975.252857841689,20.550415060777375,False
shortlife_objective,protocol29,inverse,Batch2,33,1140.0,1052.2779378277844,7.694917734404877,False
shortlife_objective,protocol29,inverse,Batch2,34,1186.0,1250.8108619383297,5.464659522624765,False
shortlife_objective,protocol29,inverse,Batch2,41,442.0,529.0021836522639,19.683751957525757,False
shortlife_objective,protocol29,inverse,Batch2,42,474.0,630.762389481996,33.07223406793165,False
shortlife_objective,protocol29,inverse,Batch2,43,1029.0,1085.566752263565,5.497254836109322,False
shortlife_objective,protocol29,inverse,Batch2,44,841.0,1168.2447039773433,38.911379783275066,False
shortlife_objective,protocol29,inverse,Batch2,45,997.0,1007.880496073431,1.0913235780773325,False
shortlife_objective,protocol29,inverse,Batch2,46,503.0,640.8200377184954,27.399609884392728,False
shortlife_objective,protocol29,inverse,Batch3,0,1009.0,1063.29780161845,5.381348029578787,False
shortlife_objective,protocol29,inverse,Batch3,1,1063.0,1097.3124979197353,3.227892560652425,False
shortlife_objective,protocol29,inverse,Batch3,2,1267.0,1662.6114012734947,31.22426213681884,False
shortlife_objective,protocol29,inverse,Batch3,3,1115.0,964.51354871681,13.49654271598117,False
shortlife_objective,protocol29,inverse,Batch3,4,1048.0,1010.3663822424286,3.5909940608369673,False
shortlife_objective,protocol29,inverse,Batch3,5,828.0,962.9494125085891,16.298238225675032,False
shortlife_objective,protocol29,inverse,Batch3,6,667.0,647.3946711032837,2.9393296696726066,False
shortlife_objective,protocol29,inverse,Batch3,7,1836.0,1293.0461603296656,29.572649219517125,False
shortlife_objective,protocol29,inverse,Batch3,8,828.0,946.9593870688972,14.367075732958597,False
shortlife_objective,protocol29,inverse,Batch3,9,1039.0,874.7244849864165,15.81092541035452,False
shortlife_objective,protocol29,inverse,Batch3,10,1078.0,1213.298135362188,12.550847436195555,False
shortlife_objective,protocol29,inverse,Batch3,11,817.0,817.0692380706238,0.0084746720469746,False
shortlife_objective,protocol29,inverse,Batch3,12,932.0,853.0248836887615,8.47372492609855,False
shortlife_objective,protocol29,inverse,Batch3,13,816.0,948.8217782969318,16.277178712859293,False
shortlife_objective,protocol29,inverse,Batch3,14,858.0,885.6363110218592,3.2210152706129636,False
shortlife_objective,protocol29,inverse,Batch3,15,876.0,886.28114493357,1.173646681914381,False
shortlife_objective,protocol29,inverse,Batch3,16,1638.0,1541.8968136752208,5.867105392233165,False
shortlife_objective,protocol29,inverse,Batch3,17,1315.0,1241.7305478118217,5.571821459177076,False
shortlife_objective,protocol29,inverse,Batch3,18,1146.0,1070.689394203682,6.571606090429143,False
shortlife_objective,protocol29,inverse,Batch3,19,1155.0,1005.3862552653688,12.953570972695337,False
shortlife_objective,protocol29,inverse,Batch3,20,813.0,929.415110279804,14.31920175643346,False
shortlife_objective,protocol29,inverse,Batch3,21,772.0,724.205719121005,6.1909690257765515,False
shortlife_objective,protocol29,inverse,Batch3,22,1002.0,916.2779102028176,8.555098782153946,False
shortlife_objective,protocol29,inverse,Batch3,24,825.0,992.805068933764,20.340008355607747,False
shortlife_objective,protocol29,inverse,Batch3,25,989.0,986.3384128470988,0.2691190245602865,False
shortlife_objective,protocol29,inverse,Batch3,26,1028.0,1042.5099760973744,1.4114762740636595,False
shortlife_objective,protocol29,inverse,Batch3,27,850.0,974.281827917124,14.621391519661664,False
shortlife_objective,protocol29,inverse,Batch3,28,541.0,619.2467659587501,14.463357848197797,False
shortlife_objective,protocol29,inverse,Batch3,29,858.0,927.5355319706148,8.104374355549496,False
shortlife_objective,protocol29,inverse,Batch3,30,935.0,952.8678665392468,1.9110017689034065,False
shortlife_objective,protocol29,inverse,Batch3,31,731.0,792.1451281301858,8.364586611516518,False
shortlife_objective,protocol29,inverse,Batch3,33,1284.0,1198.1702190583162,6.684562378635809,False
shortlife_objective,protocol29,inverse,Batch3,34,1158.0,1114.8029715999205,3.7303133333402174,False
shortlife_objective,protocol29,inverse,Batch3,35,1093.0,1054.9025382982495,3.4855866149817256,False
shortlife_objective,protocol29,inverse,Batch3,36,923.0,1070.1958286026204,15.947543727261149,False
shortlife_objective,protocol29,inverse,Batch3,37,1390.0,2238.570999920289,61.04827337556036,False
shortlife_objective,protocol29,inverse,Batch3,38,1935.0,1147.436986367102,40.700930937100665,False
shortlife_objective,protocol29,inverse,Batch3,39,1156.0,1257.0541146057185,8.741705415719593,False
shortlife_objective,protocol29,inverse,Batch3,40,796.0,1105.5814885279358,38.892146799991934,False
shortlife_objective,protocol29,inverse,Batch3,41,786.0,1042.511542795909,32.63505633535738,False
shortlife_objective,protocol29,inverse,Batch3,42,1642.0,1151.2337501086297,29.888322161472004,False
shortlife_objective,protocol29,inverse,Batch3,43,1046.0,1124.6090004376513,7.515200806658822,False
shortlife_objective,protocol29,inverse,Batch3,44,940.0,975.2742525112566,3.7525800543889978,False
shortlife_objective,protocol29,inverse,Batch3,45,1801.0,1328.1998712477443,26.252089325500037,False
shortlife_objective,protocol29,q50,Holdout,36,704.0,709.54322605019,0.7873900639474453,False
shortlife_objective,protocol29,q50,Holdout,37,648.0,711.5519192495135,9.807394945912575,False
shortlife_objective,protocol29,q50,Holdout,40,966.0,884.138591813641,8.474265857801136,False
shortlife_objective,protocol29,q50,Holdout,41,1051.0,891.5174907289579,15.174358636635784,False
shortlife_objective,protocol29,q50,Holdout,5,1074.0,940.1166704361048,12.465859363491177,False
shortlife_objective,protocol29,q50,Holdout,6,636.0,754.5268280704408,18.636293721767423,False
shortlife_objective,protocol29,q50,Holdout,7,870.0,774.7190799787556,10.95182988749935,False
shortlife_objective,protocol29,q50,Batch2,0,477.0,627.0523804481013,31.45752210652019,False
shortlife_objective,protocol29,q50,Batch2,1,491.0,541.4033916728956,10.265456552524569,False
shortlife_objective,protocol29,q50,Batch2,2,424.0,614.8231745111616,45.00546568659472,False
shortlife_objective,protocol29,q50,Batch2,3,499.0,631.1164355490367,26.47623958898532,False
shortlife_objective,protocol29,q50,Batch2,4,444.0,511.73411988251576,15.255432405972016,False
shortlife_objective,protocol29,q50,Batch2,5,416.0,445.3630887299973,7.058434790864733,False
shortlife_objective,protocol29,q50,Batch2,6,393.0,646.4147802243399,64.48213237260556,False
shortlife_objective,protocol29,q50,Batch2,7,777.0,964.0134532328692,24.068655499725786,False
shortlife_objective,protocol29,q50,Batch2,8,904.0,905.5084781051568,0.166867047030616,False
shortlife_objective,protocol29,q50,Batch2,9,791.0,1015.053183638297,28.325307666029964,False
shortlife_objective,protocol29,q50,Batch2,10,492.0,610.5916127700036,24.103986335366592,False
shortlife_objective,protocol29,q50,Batch2,11,449.0,626.2051967519764,39.46663624765621,False
shortlife_objective,protocol29,q50,Batch2,12,466.0,482.52027154154854,3.545122648400974,False
shortlife_objective,protocol29,q50,Batch2,13,460.0,562.4050773981253,22.26197334741854,False
shortlife_objective,protocol29,q50,Batch2,14,426.0,460.1370527552304,8.013392665547041,False
shortlife_objective,protocol29,q50,Batch2,15,396.0,640.1736393455326,61.66000993574055,False
shortlife_objective,protocol29,q50,Batch2,16,472.0,630.4999129321218,33.58049002799191,False
shortlife_objective,protocol29,q50,Batch2,17,471.0,632.972845869495,34.38913925042357,False
shortlife_objective,protocol29,q50,Batch2,18,449.0,726.6543323830352,61.83838137706798,False
shortlife_objective,protocol29,q50,Batch2,19,392.0,538.6451825970001,37.40948535637759,False
shortlife_objective,protocol29,q50,Batch2,20,489.0,606.248502465035,23.97719886810532,False
shortlife_objective,protocol29,q50,Batch2,21,408.0,554.3619558617903,35.87302839749762,False
shortlife_objective,protocol29,q50,Batch2,24,514.0,696.5899286296931,35.52333241822823,False
shortlife_objective,protocol29,q50,Batch2,25,493.0,648.423787025548,31.5261231289144,False
shortlife_objective,protocol29,q50,Batch2,26,450.0,507.0023924080622,12.667198312902704,False
shortlife_objective,protocol29,q50,Batch2,27,474.0,626.5720362567585,32.1881933031136,False
shortlife_objective,protocol29,q50,Batch2,28,437.0,598.1485200108659,36.87609153566726,False
shortlife_objective,protocol29,q50,Batch2,29,452.0,636.5506782670838,40.82979607678844,False
shortlife_objective,protocol29,q50,Batch2,30,412.0,490.4151676717165,19.03280768730983,False
shortlife_objective,protocol29,q50,Batch2,31,425.0,565.9861051014615,33.173201200343875,False
shortlife_objective,protocol29,q50,Batch2,32,809.0,918.655332277757,13.554429206150433,False
shortlife_objective,protocol29,q50,Batch2,33,1140.0,963.9945454478108,15.43907496071836,False
shortlife_objective,protocol29,q50,Batch2,34,1186.0,1062.2018189526834,10.438295197918768,False
shortlife_objective,protocol29,q50,Batch2,41,442.0,484.51080921682825,9.617830139553902,False
shortlife_objective,protocol29,q50,Batch2,42,474.0,624.9352314700801,31.842875837569643,False
shortlife_objective,protocol29,q50,Batch2,43,1029.0,982.1704012314514,4.550981415796758,False
shortlife_objective,protocol29,q50,Batch2,44,841.0,1024.1506141902353,21.77771869087221,False
shortlife_objective,protocol29,q50,Batch2,45,997.0,938.4585774823598,5.871757524337028,False
shortlife_objective,protocol29,q50,Batch2,46,503.0,636.8344739377083,26.60725127986247,False
shortlife_objective,protocol29,q50,Batch3,0,1009.0,970.0993417535282,3.855367516994235,False
shortlife_objective,protocol29,q50,Batch3,1,1063.0,988.399330323286,7.017936940424658,False
shortlife_objective,protocol29,q50,Batch3,2,1267.0,1211.9390379195947,4.345774434128276,False
shortlife_objective,protocol29,q50,Batch3,3,1115.0,911.9295643122828,18.212595128943253,False
shortlife_objective,protocol29,q50,Batch3,4,1048.0,939.9300439652558,10.312018705605364,False
shortlife_objective,protocol29,q50,Batch3,5,828.0,910.9410515587564,10.017035212410176,False
shortlife_objective,protocol29,q50,Batch3,6,667.0,644.4540946568347,3.3801957036229773,False
shortlife_objective,protocol29,q50,Batch3,7,1836.0,1080.3792161988465,41.15581611117395,False
shortlife_objective,protocol29,q50,Batch3,8,828.0,900.7018273777888,8.780413934515561,False
shortlife_objective,protocol29,q50,Batch3,9,1039.0,851.1326872649498,18.08155079259386,False
shortlife_objective,protocol29,q50,Batch3,10,1078.0,1045.349698353506,3.0287849393779194,False
shortlife_objective,protocol29,q50,Batch3,11,817.0,807.0547495452546,1.2172889173494987,False
shortlife_objective,protocol29,q50,Batch3,12,932.0,835.0601675048367,10.401269581026105,False
shortlife_objective,protocol29,q50,Batch3,13,816.0,901.9071326692042,10.527834885931888,False
shortlife_objective,protocol29,q50,Batch3,14,858.0,858.9956939997454,0.1160482517185795,False
shortlife_objective,protocol29,q50,Batch3,15,876.0,859.4559236884118,1.8885931862543657,False
shortlife_objective,protocol29,q50,Batch3,16,1638.0,1173.5232634924485,28.356333120119142,False
shortlife_objective,protocol29,q50,Batch3,17,1315.0,1058.1857940943055,19.529597407277137,False
shortlife_objective,protocol29,q50,Batch3,18,1146.0,974.144806274956,14.996090202883416,False
shortlife_objective,protocol29,q50,Batch3,19,1155.0,936.976993854514,18.87645074852693,False
shortlife_objective,protocol29,q50,Batch3,20,813.0,889.1775762077968,9.36993557291474,False
shortlife_objective,protocol29,q50,Batch3,21,772.0,725.3071990943266,6.048290272755619,False
shortlife_objective,protocol29,q50,Batch3,22,1002.0,880.3406510557319,12.141651591244322,False
shortlife_objective,protocol29,q50,Batch3,24,825.0,929.4235428451992,12.657399132751422,False
shortlife_objective,protocol29,q50,Batch3,25,989.0,925.48802024682,6.421838195468145,False
shortlife_objective,protocol29,q50,Batch3,26,1028.0,958.5079196350098,6.759929996594379,False
shortlife_objective,protocol29,q50,Batch3,27,850.0,918.051556905425,8.006065518285288,False
shortlife_objective,protocol29,q50,Batch3,28,541.0,610.9346278847418,12.926918278140803,False
shortlife_objective,protocol29,q50,Batch3,29,858.0,887.9243501783317,3.487686500971058,False
shortlife_objective,protocol29,q50,Batch3,30,935.0,904.5140183906368,3.2605327924452734,False
shortlife_objective,protocol29,q50,Batch3,31,731.0,786.5411276296682,7.597965476014795,False
shortlife_objective,protocol29,q50,Batch3,33,1284.0,1038.3526948731387,19.131410056609138,False
shortlife_objective,protocol29,q50,Batch3,34,1158.0,997.5053598079228,13.859640776517892,False
shortlife_objective,protocol29,q50,Batch3,35,1093.0,965.4566176495468,11.669110919529109,False
shortlife_objective,protocol29,q50,Batch3,36,923.0,973.8758909330649,5.512014185597479,False
shortlife_objective,protocol29,q50,Batch3,37,1390.0,1356.552096271418,2.4063240092504947,False
shortlife_objective,protocol29,q50,Batch3,38,1935.0,1013.979189476878,47.597974704037306,False
shortlife_objective,protocol29,q50,Batch3,39,1156.0,1064.9403565531509,7.8771317860596115,False
shortlife_objective,protocol29,q50,Batch3,40,796.0,992.7292604249076,24.714731209159243,False
shortlife_objective,protocol29,q50,Batch3,41,786.0,958.5088054215132,21.947685168131436,False
shortlife_objective,protocol29,q50,Batch3,42,1642.0,1015.8539368722408,38.13313417343235,False
shortlife_objective,protocol29,q50,Batch3,43,1046.0,1002.5246659416312,4.156341688180578,False
shortlife_objective,protocol29,q50,Batch3,44,940.0,918.6686255827906,2.269295150766959,False
shortlife_objective,protocol29,q50,Batch3,45,1801.0,1094.9134392172705,39.20525045989614,False
shortlife_objective,protocol29,q30,Holdout,36,704.0,690.7230523904169,1.885930058179416,False
shortlife_objective,protocol29,q30,Holdout,37,648.0,692.4909712983821,6.865890632466371,False
shortlife_objective,protocol29,q30,Holdout,40,966.0,844.390346370539,12.588991058950416,False
shortlife_objective,protocol29,q30,Holdout,41,1051.0,850.8847651880798,19.040460020163675,False
shortlife_objective,protocol29,q30,Holdout,5,1074.0,893.658549031627,16.791568991468626,False
shortlife_objective,protocol29,q30,Holdout,6,636.0,730.3146438722666,14.82934652079664,False
shortlife_objective,protocol29,q30,Holdout,7,870.0,748.0865285757794,14.013042692439146,False
shortlife_objective,protocol29,q30,Batch2,0,477.0,618.1200656709458,29.584919427871235,False
shortlife_objective,protocol29,q30,Batch2,1,491.0,542.7374901961113,10.53716704605117,False
shortlife_objective,protocol29,q30,Batch2,2,424.0,607.3567273908152,43.24451117707906,False
shortlife_objective,protocol29,q30,Batch2,3,499.0,621.6969781921692,24.58857278400185,False
shortlife_objective,protocol29,q30,Batch2,4,444.0,516.6245593605618,16.356882738865263,False
shortlife_objective,protocol29,q30,Batch2,5,416.0,458.2091672264087,10.146434429425163,False
shortlife_objective,protocol29,q30,Batch2,6,393.0,635.1615694105528,61.61871995179462,False
shortlife_objective,protocol29,q30,Batch2,7,777.0,914.6909168218737,17.720838715813855,False
shortlife_objective,protocol29,q30,Batch2,8,904.0,863.1987069746183,4.5134173700643485,False
shortlife_objective,protocol29,q30,Batch2,9,791.0,959.6127119828244,21.31639848076162,False
shortlife_objective,protocol29,q30,Batch2,10,492.0,603.6323866030159,22.689509472157702,False
shortlife_objective,protocol29,q30,Batch2,11,449.0,617.3744306105974,37.49987318721546,False
shortlife_objective,protocol29,q30,Batch2,12,466.0,490.9124621254939,5.346021915342039,False
shortlife_objective,protocol29,q30,Batch2,13,460.0,561.2217850129018,22.00473587236996,False
shortlife_objective,protocol29,q30,Batch2,14,426.0,471.21223327681633,10.613200299722145,False
shortlife_objective,protocol29,q30,Batch2,15,396.0,629.6685299704659,59.00720453799644,False
shortlife_objective,protocol29,q30,Batch2,16,472.0,621.1543557588384,31.60049910144881,False
shortlife_objective,protocol29,q30,Batch2,17,471.0,623.330867781473,32.34201014468641,False
shortlife_objective,protocol29,q30,Batch2,18,449.0,705.7831165317349,57.19000368190086,False
shortlife_objective,protocol29,q30,Batch2,19,392.0,540.3098969832506,37.83415739368638,False
shortlife_objective,protocol29,q30,Batch2,20,489.0,599.8098681466788,22.660504733472152,False
shortlife_objective,protocol29,q30,Batch2,21,408.0,554.1427613730855,35.819304258109185,False
shortlife_objective,protocol29,q30,Batch2,24,514.0,679.3224166746655,32.16389429468201,False
shortlife_objective,protocol29,q30,Batch2,25,493.0,636.9297643301567,29.194678363114942,False
shortlife_objective,protocol29,q30,Batch2,26,450.0,512.4600057730639,13.880001282903097,False
shortlife_objective,protocol29,q30,Batch2,27,474.0,617.697298481565,30.315885755604427,False
shortlife_objective,protocol29,q30,Batch2,28,437.0,592.6807992875144,35.62489686213146,False
shortlife_objective,protocol29,q30,Batch2,29,452.0,626.4798392358285,38.60173434420986,False
shortlife_objective,protocol29,q30,Batch2,30,412.0,497.8610275657744,20.840055234411263,False
shortlife_objective,protocol29,q30,Batch2,31,425.0,564.3735687640528,32.79378088565949,False
shortlife_objective,protocol29,q30,Batch2,32,809.0,874.7696985425839,8.129752601061051,False
shortlife_objective,protocol29,q30,Batch2,33,1140.0,914.6742754399422,19.76541443509279,False
shortlife_objective,protocol29,q30,Batch2,34,1186.0,1001.109822584451,15.589391013115431,False
shortlife_objective,protocol29,q30,Batch2,41,442.0,492.6644017419218,11.462534330751533,False
shortlife_objective,protocol29,q30,Batch2,42,474.0,616.2566911593561,30.011960160201717,False
shortlife_objective,protocol29,q30,Batch2,43,1029.0,930.6714616300336,9.55573745091996,False
shortlife_objective,protocol29,q30,Batch2,44,841.0,967.619668690842,15.055846455510355,False
shortlife_objective,protocol29,q30,Batch2,45,997.0,892.1992052726712,10.511614315679925,False
shortlife_objective,protocol29,q30,Batch2,46,503.0,626.7296174161224,24.598333482330503,False
shortlife_objective,protocol29,q30,Batch3,0,1009.0,920.0473134040222,8.815925331613256,False
shortlife_objective,protocol29,q30,Batch3,1,1063.0,936.1537530628606,11.93285483886542,False
shortlife_objective,protocol29,q30,Batch3,2,1267.0,1132.8986197620852,10.584165764634156,False
shortlife_objective,protocol29,q30,Batch3,3,1115.0,868.8501223919036,22.07622220700416,False
shortlife_objective,protocol29,q30,Batch3,4,1048.0,893.4942927546347,14.742910996695166,False
shortlife_objective,protocol29,q30,Batch3,5,828.0,867.9800988421086,4.8285143529116725,False
shortlife_objective,protocol29,q30,Batch3,6,667.0,633.4359036451018,5.0320984040327135,False
shortlife_objective,protocol29,q30,Batch3,7,1836.0,1017.1083654679088,44.60194087865421,False
shortlife_objective,protocol29,q30,Batch3,8,828.0,858.9682108949977,3.740122088767838,False
shortlife_objective,protocol29,q30,Batch3,9,1039.0,815.3407320512491,21.52639730016852,False
shortlife_objective,protocol29,q30,Batch3,10,1078.0,986.2777005577371,8.50856210039543,False
shortlife_objective,protocol29,q30,Batch3,11,817.0,776.5462463901193,4.951499829850754,False
shortlife_objective,protocol29,q30,Batch3,12,932.0,801.1947631237299,14.034896660544002,False
shortlife_objective,protocol29,q30,Batch3,13,816.0,860.0290408989432,5.395715796439118,False
shortlife_objective,protocol29,q30,Batch3,14,858.0,822.2612305547464,4.165357744202056,False
shortlife_objective,protocol29,q30,Batch3,15,876.0,822.6662942891555,6.088322569731104,False
shortlife_objective,protocol29,q30,Batch3,16,1638.0,1099.0875957606331,32.90063517944853,False
shortlife_objective,protocol29,q30,Batch3,17,1315.0,997.5751831062194,24.13876934553465,False
shortlife_objective,protocol29,q30,Batch3,18,1146.0,923.6078637266618,19.40594557358972,False
shortlife_objective,protocol29,q30,Batch3,19,1155.0,890.895213348826,22.86621529447394,False
shortlife_objective,protocol29,q30,Batch3,20,813.0,848.8253271781457,4.406559308505006,False
shortlife_objective,protocol29,q30,Batch3,21,772.0,704.5974589044479,8.730899105641466,False
shortlife_objective,protocol29,q30,Batch3,22,1002.0,841.0476500944222,16.063108773011752,False
shortlife_objective,protocol29,q30,Batch3,24,825.0,884.2471653222512,7.1814745845153025,False
shortlife_objective,protocol29,q30,Batch3,25,989.0,880.783378609207,10.942024407562483,False
shortlife_objective,protocol29,q30,Batch3,26,1028.0,909.8453102606668,11.493646861802851,False
shortlife_objective,protocol29,q30,Batch3,27,850.0,874.2382953908884,2.8515641636339324,False
shortlife_objective,protocol29,q30,Batch3,28,541.0,603.9342858215066,11.632954865343178,False
shortlife_objective,protocol29,q30,Batch3,29,858.0,847.7223205098343,1.1978647424435576,False
shortlife_objective,protocol29,q30,Batch3,30,935.0,862.3234493030626,7.772893122667101,False
shortlife_objective,protocol29,q30,Batch3,31,731.0,758.4915130601962,3.76080890016364,False
shortlife_objective,protocol29,q30,Batch3,33,1284.0,980.1194008451648,23.66671332981583,False
shortlife_objective,protocol29,q30,Batch3,34,1158.0,944.1682779827444,18.465606391818284,False
shortlife_objective,protocol29,q30,Batch3,35,1093.0,915.9610946969252,16.197521070729636,False
shortlife_objective,protocol29,q30,Batch3,36,923.0,923.3711822275998,0.0402147592199105,False
shortlife_objective,protocol29,q30,Batch3,37,1390.0,1260.1774696556265,9.339750384487315,False
shortlife_objective,protocol29,q30,Batch3,38,1935.0,958.6674533511648,50.45646235911293,False
shortlife_objective,protocol29,q30,Batch3,39,1156.0,1003.5201022656244,13.190302572177824,False
shortlife_objective,protocol29,q30,Batch3,40,796.0,939.964671175892,18.086013966820605,False
shortlife_objective,protocol29,q30,Batch3,41,786.0,909.8460898713648,15.7564999836342,False
shortlife_objective,protocol29,q30,Batch3,42,1642.0,960.3174820210664,41.51537868324809,False
shortlife_objective,protocol29,q30,Batch3,43,1046.0,948.585939286938,9.313007716353908,False
shortlife_objective,protocol29,q30,Batch3,44,940.0,874.7813984305141,6.938149103136802,False
shortlife_objective,protocol29,q30,Batch3,45,1801.0,1029.9004273395326,42.81507899280774,False
shortlife_objective,historical28,baseline,Holdout,26,870.0,785.1452128415834,9.75342381131225,False
shortlife_objective,historical28,baseline,Holdout,27,842.0,814.517473451328,3.2639580224076026,False
shortlife_objective,historical28,baseline,Holdout,30,709.0,759.7719535005831,7.16106537384811,False
shortlife_objective,historical28,baseline,Holdout,35,703.0,773.787599266705,10.069359781892604,False
shortlife_objective,historical28,baseline,Holdout,40,966.0,915.722424071369,5.204718005034264,False
shortlife_objective,historical28,baseline,Holdout,44,616.0,597.0484911715075,3.0765436409890388,False
shortlife_objective,historical28,baseline,Holdout,45,599.0,599.354866250314,0.0592431135749565,False
shortlife_objective,historical28,baseline,Holdout,9,1054.0,917.8172288663704,12.920566521217223,False
shortlife_objective,historical28,baseline,Batch2,0,477.0,630.4796011975683,32.176017022551,False
shortlife_objective,historical28,baseline,Batch2,1,491.0,535.4501587208223,9.052985482855863,False
shortlife_objective,historical28,baseline,Batch2,2,424.0,616.9110274322571,45.49788382836253,False
shortlife_objective,historical28,baseline,Batch2,3,499.0,634.9887599857743,27.252256510175215,False
shortlife_objective,historical28,baseline,Batch2,4,444.0,502.5314471604232,13.182758369464675,False
shortlife_objective,historical28,baseline,Batch2,5,416.0,428.8913239409366,3.0988759473405327,False
shortlife_objective,historical28,baseline,Batch2,6,393.0,651.9626108870007,65.89379411882969,False
shortlife_objective,historical28,baseline,Batch2,7,777.0,1004.3453448684672,29.259375143946876,False
shortlife_objective,historical28,baseline,Batch2,8,904.0,939.4327843349812,3.919555789267831,False
shortlife_objective,historical28,baseline,Batch2,9,791.0,1060.9750516980628,34.13085356486255,False
shortlife_objective,historical28,baseline,Batch2,10,492.0,612.2160163315004,24.43414966087407,False
shortlife_objective,historical28,baseline,Batch2,11,449.0,629.5396321977073,40.20927220438916,False
shortlife_objective,historical28,baseline,Batch2,12,466.0,470.1180379638632,0.8836991338762175,False
shortlife_objective,historical28,baseline,Batch2,13,460.0,558.7519923335756,21.467824420342517,False
shortlife_objective,historical28,baseline,Batch2,14,426.0,445.2833629429877,4.526611019480683,False
shortlife_objective,historical28,baseline,Batch2,15,396.0,645.0379274013787,62.88836550539867,False
shortlife_objective,historical28,baseline,Batch2,16,472.0,634.3047145417178,34.38659206392325,False
shortlife_objective,historical28,baseline,Batch2,17,471.0,637.048488189037,35.25445609109066,False
shortlife_objective,historical28,baseline,Batch2,18,449.0,740.9901641046748,65.03121694981621,False
shortlife_objective,historical28,baseline,Batch2,19,392.0,532.3898649045743,35.81374104708529,False
shortlife_objective,historical28,baseline,Batch2,20,489.0,607.3972396384164,24.21211444548393,False
shortlife_objective,historical28,baseline,Batch2,21,408.0,549.8279715564395,34.761757734421444,False
shortlife_objective,historical28,baseline,Batch2,24,514.0,707.6330449146936,37.67179862153573,False
shortlife_objective,historical28,baseline,Batch2,25,493.0,654.1916482519586,32.696074696137636,False
shortlife_objective,historical28,baseline,Batch2,26,450.0,497.2814911448375,10.506998032186113,False
shortlife_objective,historical28,baseline,Batch2,27,474.0,629.9466487208023,32.900136860928754,False
shortlife_objective,historical28,baseline,Batch2,28,437.0,598.4101304185823,36.93595661752455,False
shortlife_objective,historical28,baseline,Batch2,29,452.0,641.0181721617276,41.81817968179815,False
shortlife_objective,historical28,baseline,Batch2,30,412.0,478.8775993829802,16.232427034703928,False
shortlife_objective,historical28,baseline,Batch2,31,425.0,562.725221568482,32.40593448670164,False
shortlife_objective,historical28,baseline,Batch2,32,809.0,954.0195090612274,17.92577367876729,False
shortlife_objective,historical28,baseline,Batch2,33,1140.0,1004.3243662638358,11.901371380365278,False
shortlife_objective,historical28,baseline,Batch2,34,1186.0,1113.287502685956,6.130901965770992,False
shortlife_objective,historical28,baseline,Batch2,41,442.0,472.3265834261716,6.861217969722073,False
shortlife_objective,historical28,baseline,Batch2,42,474.0,628.1305777018022,32.516999515148136,False
shortlife_objective,historical28,baseline,Batch2,43,1029.0,1024.490879218127,0.4382041576164218,False
shortlife_objective,historical28,baseline,Batch2,44,841.0,1071.0688515862396,27.35658163926749,False
shortlife_objective,historical28,baseline,Batch2,45,997.0,975.9916464785518,2.107156822612654,False
shortlife_objective,historical28,baseline,Batch2,46,503.0,641.3330497188643,27.501600341722536,False
shortlife_objective,historical28,baseline,Batch3,0,1009.0,1011.0977724378312,0.2079060889822875,False
shortlife_objective,historical28,baseline,Batch3,1,1063.0,1031.4020134567086,2.9725293079295794,False
shortlife_objective,historical28,baseline,Batch3,2,1267.0,1279.4242503572057,0.9806038166697446,False
shortlife_objective,historical28,baseline,Batch3,3,1115.0,946.557121131996,15.106984651838932,False
shortlife_objective,historical28,baseline,Batch3,4,1048.0,977.6242710021154,6.715241316592043,False
shortlife_objective,historical28,baseline,Batch3,5,828.0,945.4603444252058,14.186031935411329,False
shortlife_objective,historical28,baseline,Batch3,6,667.0,649.7871869968105,2.58063163466109,False
shortlife_objective,historical28,baseline,Batch3,7,1836.0,1133.4557259269202,38.26493867500435,False
shortlife_objective,historical28,baseline,Batch3,8,828.0,934.0996993174678,12.81397334752026,False
shortlife_objective,historical28,baseline,Batch3,9,1039.0,879.101644858961,15.3896395708411,False
shortlife_objective,historical28,baseline,Batch3,10,1078.0,1094.5897031206412,1.538933499131833,False
shortlife_objective,historical28,baseline,Batch3,11,817.0,830.1962005924672,1.6152020309017407,False
shortlife_objective,historical28,baseline,Batch3,12,932.0,861.2688296227093,7.589181370953939,False
shortlife_objective,historical28,baseline,Batch3,13,816.0,935.4370121275242,14.636888741118163,False
shortlife_objective,historical28,baseline,Batch3,14,858.0,887.825824290427,3.4762032972525665,False
shortlife_objective,historical28,baseline,Batch3,15,876.0,888.3364592827444,1.408271607619222,False
shortlife_objective,historical28,baseline,Batch3,16,1638.0,1236.80110117204,24.49321726666422,False
shortlife_objective,historical28,baseline,Batch3,17,1315.0,1108.8316345114229,15.678202698751114,False
shortlife_objective,historical28,baseline,Batch3,18,1146.0,1015.5863045679624,11.379903615361052,False
shortlife_objective,historical28,baseline,Batch3,19,1155.0,974.3477967594804,15.640883397447585,False
shortlife_objective,historical28,baseline,Batch3,20,813.0,921.313288417502,13.322667702029769,False
shortlife_objective,historical28,baseline,Batch3,21,772.0,739.4954900028727,4.210428756104578,False
shortlife_objective,historical28,baseline,Batch3,22,1002.0,911.5085250172764,9.031085327617117,False
shortlife_objective,historical28,baseline,Batch3,24,825.0,965.9670762342852,17.086918331428492,False
shortlife_objective,historical28,baseline,Batch3,25,989.0,961.6005270931132,2.770421931940007,False
shortlife_objective,historical28,baseline,Batch3,26,1028.0,998.2368338886736,2.8952496217243717,False
shortlife_objective,historical28,baseline,Batch3,27,850.0,953.3496069662418,12.158777290146098,False
shortlife_objective,historical28,baseline,Batch3,28,541.0,612.5965991682717,13.23412184256409,False
shortlife_objective,historical28,baseline,Batch3,29,858.0,919.92280649144,7.217110313687651,False
shortlife_objective,historical28,baseline,Batch3,30,935.0,938.3294093437778,0.35608656083185,False
shortlife_objective,historical28,baseline,Batch3,31,731.0,807.4358845432803,10.456345354757904,False
shortlife_objective,historical28,baseline,Batch3,33,1284.0,1086.826373404136,15.35620144827602,False
shortlife_objective,historical28,baseline,Batch3,34,1158.0,1041.5053540504082,10.059986696855942,False
shortlife_objective,historical28,baseline,Batch3,35,1093.0,1005.9465676252132,7.964632422212869,False
shortlife_objective,historical28,baseline,Batch3,36,923.0,1015.2879370638176,9.99869307300299,False
shortlife_objective,historical28,baseline,Batch3,37,1390.0,1439.8756287861966,3.5881747328198963,False
shortlife_objective,historical28,baseline,Batch3,38,1935.0,1059.7834314834822,45.23083041429032,False
shortlife_objective,historical28,baseline,Batch3,39,1156.0,1116.3259705662608,3.4320094665864342,False
shortlife_objective,historical28,baseline,Batch3,40,796.0,1036.2061664234218,30.176654073294195,False
shortlife_objective,historical28,baseline,Batch3,41,786.0,998.2378166883394,27.002266754241656,False
shortlife_objective,historical28,baseline,Batch3,42,1642.0,1061.8635050758703,35.331089824855646,False
shortlife_objective,historical28,baseline,Batch3,43,1046.0,1047.0743849324692,0.1027136646720104,False
shortlife_objective,historical28,baseline,Batch3,44,940.0,954.0342582764148,1.4930061996185826,False
shortlife_objective,historical28,baseline,Batch3,45,1801.0,1149.5817669931912,36.16980749621371,False
shortlife_objective,historical28,inverse,Holdout,26,870.0,763.6340186251499,12.225974870672424,False
shortlife_objective,historical28,inverse,Holdout,27,842.0,794.8681934928591,5.597601722938354,False
shortlife_objective,historical28,inverse,Holdout,30,709.0,738.1248067098211,4.10787118615248,False
shortlife_objective,historical28,inverse,Holdout,35,703.0,752.0522679292546,6.977563005583875,False
shortlife_objective,historical28,inverse,Holdout,40,966.0,918.399320264152,4.927606597913868,False
shortlife_objective,historical28,inverse,Holdout,44,616.0,601.9441254996688,2.2817978084953316,False
shortlife_objective,historical28,inverse,Holdout,45,599.0,603.5882458684191,0.7659842852118711,False
shortlife_objective,historical28,inverse,Holdout,9,1054.0,921.2460685046124,12.595249667494082,False
shortlife_objective,historical28,inverse,Batch2,0,477.0,626.5000119015835,31.341721572659026,False
shortlife_objective,historical28,inverse,Batch2,1,491.0,560.5798253731566,14.171043864186682,False
shortlife_objective,historical28,inverse,Batch2,2,424.0,616.343447287489,45.36402058667193,False
shortlife_objective,historical28,inverse,Batch2,3,499.0,629.9345106579034,26.239380893367414,False
shortlife_objective,historical28,inverse,Batch2,4,444.0,540.3437635049755,21.699045834453948,False
shortlife_objective,historical28,inverse,Batch2,5,416.0,499.2248213415902,20.00596666865149,False
shortlife_objective,historical28,inverse,Batch2,6,393.0,643.135333636841,63.6476675920715,False
shortlife_objective,historical28,inverse,Batch2,7,777.0,1050.8108568468606,35.23949251568347,False
shortlife_objective,historical28,inverse,Batch2,8,904.0,951.3790289055272,5.241043020522908,False
shortlife_objective,historical28,inverse,Batch2,9,791.0,1149.879424304028,45.370344412645785,False
shortlife_objective,historical28,inverse,Batch2,10,492.0,612.8902741056262,24.571193923907764,False
shortlife_objective,historical28,inverse,Batch2,11,449.0,625.7878225933644,39.37367986489184,False
shortlife_objective,historical28,inverse,Batch2,12,466.0,521.5726484285515,11.925461036169844,False
shortlife_objective,historical28,inverse,Batch2,13,460.0,575.6679478310912,25.14520605023721,False
shortlife_objective,historical28,inverse,Batch2,14,426.0,507.91438020783056,19.22872774831703,False
shortlife_objective,historical28,inverse,Batch2,15,396.0,637.6973402068945,61.03468187042791,False
shortlife_objective,historical28,inverse,Batch2,16,472.0,629.4115654222451,33.34990792844175,False
shortlife_objective,historical28,inverse,Batch2,17,471.0,631.5133340937749,34.07926413880571,False
shortlife_objective,historical28,inverse,Batch2,18,449.0,720.0711855598992,60.37220168371919,False
shortlife_objective,historical28,inverse,Batch2,19,392.0,558.6463717389963,42.51182952525416,False
shortlife_objective,historical28,inverse,Batch2,20,489.0,609.3782144879411,24.617221776675077,False
shortlife_objective,historical28,inverse,Batch2,21,408.0,569.8120310455375,39.659811530769005,False
shortlife_objective,historical28,inverse,Batch2,24,514.0,689.6415566632379,34.17150907845095,False
shortlife_objective,historical28,inverse,Batch2,25,493.0,644.9014541421813,30.811653984215265,False
shortlife_objective,historical28,inverse,Batch2,26,450.0,537.2279377759946,19.38398617244325,False
shortlife_objective,historical28,inverse,Batch2,27,474.0,626.0960495503952,32.08777416675003,False
shortlife_objective,historical28,inverse,Batch2,28,437.0,602.9139091927119,37.966569609316224,False
shortlife_objective,historical28,inverse,Batch2,29,452.0,634.5739898806826,40.39247563731915,False
shortlife_objective,historical28,inverse,Batch2,30,412.0,526.537276409978,27.800309808247075,False
shortlife_objective,historical28,inverse,Batch2,31,425.0,578.3067918390522,36.07218631507109,False
shortlife_objective,historical28,inverse,Batch2,32,809.0,972.5196842091468,20.21256912350392,False
shortlife_objective,historical28,inverse,Batch2,33,1140.0,1050.7763975773253,7.826631791462696,False
shortlife_objective,historical28,inverse,Batch2,34,1186.0,1253.1548764662343,5.662299870677431,False
shortlife_objective,historical28,inverse,Batch2,41,442.0,522.8169959745278,18.284388229531174,False
shortlife_objective,historical28,inverse,Batch2,42,474.0,624.7226355997926,31.798024388141904,False
shortlife_objective,historical28,inverse,Batch2,43,1029.0,1084.6449048392506,5.4076681087707055,False
shortlife_objective,historical28,inverse,Batch2,44,841.0,1168.8789553649815,38.98679611949842,False
shortlife_objective,historical28,inverse,Batch2,45,997.0,1005.64985989008,0.8675887552738153,False
shortlife_objective,historical28,inverse,Batch2,46,503.0,634.8177718215449,26.206316465515876,False
shortlife_objective,historical28,inverse,Batch3,0,1009.0,1061.9850841558443,5.251247190866634,False
shortlife_objective,historical28,inverse,Batch3,1,1063.0,1096.601753535899,3.1610304361146735,False
shortlife_objective,historical28,inverse,Batch3,2,1267.0,1675.465085640811,32.238759719085294,False
shortlife_objective,historical28,inverse,Batch3,3,1115.0,961.6213151633792,13.755935859786607,False
shortlife_objective,historical28,inverse,Batch3,4,1048.0,1008.1752059532602,3.800075767818687,False
shortlife_objective,historical28,inverse,Batch3,5,828.0,960.0342788798008,15.94616894683586,False
shortlife_objective,historical28,inverse,Batch3,6,667.0,641.4190663747162,3.835222432576285,False
shortlife_objective,historical28,inverse,Batch3,7,1836.0,1296.3213452919265,29.394262239001836,False
shortlife_objective,historical28,inverse,Batch3,8,828.0,943.8140704993028,13.987206582041392,False
shortlife_objective,historical28,inverse,Batch3,9,1039.0,870.6311931057453,16.20488998019776,False
shortlife_objective,historical28,inverse,Batch3,10,1078.0,1214.846781854196,12.694506665509834,False
shortlife_objective,historical28,inverse,Batch3,11,817.0,812.332962556638,0.5712408131410044,False
shortlife_objective,historical28,inverse,Batch3,12,932.0,848.677354250527,8.940198041788953,False
shortlife_objective,historical28,inverse,Batch3,13,816.0,945.7029019505036,15.89496347432642,False
shortlife_objective,historical28,inverse,Batch3,14,858.0,881.6763112238841,2.759476832620526,False
shortlife_objective,historical28,inverse,Batch3,15,876.0,882.3291347461272,0.7225039664528811,False
shortlife_objective,historical28,inverse,Batch3,16,1638.0,1551.3600539783502,5.289373993995717,False
shortlife_objective,historical28,inverse,Batch3,17,1315.0,1243.879261119033,5.408421207678107,False
shortlife_objective,historical28,inverse,Batch3,18,1146.0,1069.5050448095242,6.674952459901904,False
shortlife_objective,historical28,inverse,Batch3,19,1155.0,1003.1161916469016,13.150113277324548,False
shortlife_objective,historical28,inverse,Batch3,20,813.0,926.025557868322,13.902282640630016,False
shortlife_objective,historical28,inverse,Batch3,21,772.0,718.6636602165335,6.9088523035578415,False
shortlife_objective,historical28,inverse,Batch3,22,1002.0,912.7112665956668,8.91105123795741,False
shortlife_objective,historical28,inverse,Batch3,24,825.0,990.3386649697708,20.04105029936615,False
shortlife_objective,historical28,inverse,Batch3,25,989.0,983.7727495372347,0.528538975001531,False
shortlife_objective,historical28,inverse,Batch3,26,1028.0,1040.8436461891877,1.2493819250182554,False
shortlife_objective,historical28,inverse,Batch3,27,850.0,971.5341415828844,14.298134303868755,False
shortlife_objective,historical28,inverse,Batch3,28,541.0,613.1690362758586,13.33993276818089,False
shortlife_objective,historical28,inverse,Batch3,29,858.0,924.1203364256368,7.706332916740869,False
shortlife_objective,historical28,inverse,Batch3,30,935.0,949.80676922095,1.5836116813850332,False
shortlife_objective,historical28,inverse,Batch3,31,731.0,787.1638993292476,7.683159962961363,False
shortlife_objective,historical28,inverse,Batch3,33,1284.0,1199.4067828011362,6.588256791188773,False
shortlife_objective,historical28,inverse,Batch3,34,1158.0,1114.4127975104705,3.764007123448147,False
shortlife_objective,historical28,inverse,Batch3,35,1093.0,1053.4456908954198,3.6188754898975457,False
shortlife_objective,historical28,inverse,Batch3,36,923.0,1069.0028649149465,15.818295223721178,False
shortlife_objective,historical28,inverse,Batch3,37,1390.0,2270.4345353337512,63.34061405278786,False
shortlife_objective,historical28,inverse,Batch3,38,1935.0,1147.664449976382,40.68917571181488,False
shortlife_objective,historical28,inverse,Batch3,39,1156.0,1259.5334255133905,8.956178677628936,False
shortlife_objective,historical28,inverse,Batch3,40,796.0,1105.0213790118496,38.82178128289568,False
shortlife_objective,historical28,inverse,Batch3,41,786.0,1040.8452391227058,32.42305841255799,False
shortlife_objective,historical28,inverse,Batch3,42,1642.0,1151.5346945757356,29.86999424021099,False
shortlife_objective,historical28,inverse,Batch3,43,1046.0,1124.401769576731,7.495389060872955,False
shortlife_objective,historical28,inverse,Batch3,44,940.0,972.541398928255,3.4618509498143655,False
shortlife_objective,historical28,inverse,Batch3,45,1801.0,1332.2779830675263,26.02565335549549,False
shortlife_objective,historical28,q50,Holdout,26,870.0,769.835673076637,11.513141025673905,False
shortlife_objective,historical28,q50,Holdout,27,842.0,798.9751777558753,5.10983637103619,False
shortlife_objective,historical28,q50,Holdout,30,709.0,744.6634801998888,5.030110042297433,False
shortlife_objective,historical28,q50,Holdout,35,703.0,758.5680611516512,7.904418371500889,False
shortlife_objective,historical28,q50,Holdout,40,966.0,899.3781454176961,6.896672317008681,False
shortlife_objective,historical28,q50,Holdout,44,616.0,583.2294947480902,5.319887216219116,False
shortlife_objective,historical28,q50,Holdout,45,599.0,585.5175933147583,2.250819146117145,False
shortlife_objective,historical28,q50,Holdout,9,1054.0,901.4563502565088,14.472832043974496,False
shortlife_objective,historical28,q50,Batch2,0,477.0,616.3956851200132,29.223414071281603,False
shortlife_objective,historical28,q50,Batch2,1,491.0,522.1192887435675,6.337940680970976,False
shortlife_objective,historical28,q50,Batch2,2,424.0,602.9346334162263,42.20156448495904,False
shortlife_objective,historical28,q50,Batch2,3,499.0,620.8691117777068,24.42266769092322,False
shortlife_objective,historical28,q50,Batch2,4,444.0,489.46143641501686,10.239062255634428,False
shortlife_objective,historical28,q50,Batch2,5,416.0,416.40486294780465,0.0973228239915012,False
shortlife_objective,historical28,q50,Batch2,6,393.0,637.708456026099,62.266782703842,False
shortlife_objective,historical28,q50,Batch2,7,777.0,987.2987876034072,27.065481030039535,False
shortlife_objective,historical28,q50,Batch2,8,904.0,922.9006166032724,2.0907761729283623,False
shortlife_objective,historical28,q50,Batch2,9,791.0,1043.4797410911149,31.91905702795384,False
shortlife_objective,historical28,q50,Batch2,10,492.0,598.2768272038511,21.60098113899413,False
shortlife_objective,historical28,q50,Batch2,11,449.0,615.4631647589246,37.07420150532841,False
shortlife_objective,historical28,q50,Batch2,12,466.0,457.30488225997607,1.8659050944257365,False
shortlife_objective,historical28,q50,Batch2,13,460.0,545.2364705844636,18.529667518361663,False
shortlife_objective,historical28,q50,Batch2,14,426.0,432.667005775315,1.5650248298861449,False
shortlife_objective,historical28,q50,Batch2,15,396.0,630.8386461223771,59.302688414741695,False
shortlife_objective,historical28,q50,Batch2,16,472.0,620.190486945838,31.39628960716906,False
shortlife_objective,historical28,q50,Batch2,17,471.0,622.9125179838,32.25318853159234,False
shortlife_objective,historical28,q50,Batch2,18,449.0,726.0305241854319,61.69944859363739,False
shortlife_objective,historical28,q50,Batch2,19,392.0,519.0832457517381,32.41919534483115,False
shortlife_objective,historical28,q50,Batch2,20,489.0,593.496236160418,21.36937344793824,False
shortlife_objective,historical28,q50,Batch2,21,408.0,536.3831668279695,31.46646245783566,False
shortlife_objective,historical28,q50,Batch2,24,514.0,692.9377383206663,34.812789556549866,False
shortlife_objective,historical28,q50,Batch2,25,493.0,639.9198297296552,29.801182500944268,False
shortlife_objective,historical28,q50,Batch2,26,450.0,484.25308286284934,7.611796191744298,False
shortlife_objective,historical28,q50,Batch2,27,474.0,615.8669559426144,29.929737540635944,False
shortlife_objective,historical28,q50,Batch2,28,437.0,584.5803438958199,33.77124574275054,False
shortlife_objective,historical28,q50,Batch2,29,452.0,626.8507448106087,38.68379309969219,False
shortlife_objective,historical28,q50,Batch2,30,412.0,465.99502989116496,13.105589779408971,False
shortlife_objective,historical28,q50,Batch2,31,425.0,549.1782145796068,29.218403430495716,False
shortlife_objective,historical28,q50,Batch2,32,809.0,937.3717510883788,15.867954399057965,False
shortlife_objective,historical28,q50,Batch2,33,1140.0,987.2779752404792,13.396668838554442,False
shortlife_objective,historical28,q50,Batch2,34,1186.0,1095.3776501624518,7.641007574835431,False
shortlife_objective,historical28,q50,Batch2,41,442.0,459.4959264457918,3.958354399500403,False
shortlife_objective,historical28,q50,Batch2,42,474.0,614.065276097161,29.549636307417934,False
shortlife_objective,historical28,q50,Batch2,43,1029.0,1007.284681785924,2.1103321879568493,False
shortlife_objective,historical28,q50,Batch2,44,841.0,1053.4935542252404,25.26677220276342,False
shortlife_objective,historical28,q50,Batch2,45,997.0,959.1697737054252,3.794405846998464,False
shortlife_objective,historical28,q50,Batch2,46,503.0,627.1631271693069,24.68451832391787,False
shortlife_objective,historical28,q50,Batch3,0,1009.0,993.9977066062032,1.4868477099897697,False
shortlife_objective,historical28,q50,Batch3,1,1063.0,1014.1410498115156,4.596326452350379,False
shortlife_objective,historical28,q50,Batch3,2,1267.0,1260.1978729053244,0.5368687525395105,False
shortlife_objective,historical28,q50,Batch3,3,1115.0,929.96849769664,16.594753569808066,False
shortlife_objective,historical28,q50,Batch3,4,1048.0,960.789460748786,8.32161634076469,False
shortlife_objective,historical28,q50,Batch3,5,828.0,928.880412227012,12.183624665098057,False
shortlife_objective,historical28,q50,Batch3,6,667.0,635.5502709456326,4.71510180725148,False
shortlife_objective,historical28,q50,Batch3,7,1836.0,1115.3860534416676,39.2491256295388,False
shortlife_objective,historical28,q50,Batch3,8,828.0,917.6097927920792,10.82243874300474,False
shortlife_objective,historical28,q50,Batch3,9,1039.0,863.0475618989292,16.934787112711337,False
shortlife_objective,historical28,q50,Batch3,10,1078.0,1076.828018414183,0.1087181433967829,False
shortlife_objective,historical28,q50,Batch3,11,817.0,814.5296612518495,0.3023670438372752,False
shortlife_objective,historical28,q50,Batch3,12,932.0,845.3560600453623,9.296560080969716,False
shortlife_objective,historical28,q50,Batch3,13,816.0,918.9365082738736,12.614768170817849,False
shortlife_objective,historical28,q50,Batch3,14,858.0,871.702607921549,1.5970405502970833,False
shortlife_objective,historical28,q50,Batch3,15,876.0,872.2091964659485,0.432740129457936,False
shortlife_objective,historical28,q50,Batch3,16,1638.0,1217.9124842651,25.646368481984133,False
shortlife_objective,historical28,q50,Batch3,17,1315.0,1090.9570918252157,17.03748351139044,False
shortlife_objective,historical28,q50,Batch3,18,1146.0,998.4506700585796,12.875159680752216,False
shortlife_objective,historical28,q50,Batch3,19,1155.0,957.53895041888,17.096194768928136,False
shortlife_objective,historical28,q50,Batch3,20,813.0,904.92470582514,11.306851885011069,False
shortlife_objective,historical28,q50,Batch3,21,772.0,724.5476943970788,6.146671710222956,False
shortlife_objective,historical28,q50,Batch3,22,1002.0,895.197638754078,10.65891828801617,False
shortlife_objective,historical28,q50,Batch3,24,825.0,949.2246416156177,15.057532317044563,False
shortlife_objective,historical28,q50,Batch3,25,989.0,944.8926945168952,4.4597882187163504,False
shortlife_objective,historical28,q50,Batch3,26,1028.0,981.2386825728864,4.54876628668421,False
shortlife_objective,historical28,q50,Batch3,27,850.0,936.7071575288016,10.20084206221196,False
shortlife_objective,historical28,q50,Batch3,28,541.0,598.6543941708708,10.65700446781345,False
shortlife_objective,historical28,q50,Batch3,29,858.0,903.545242557766,5.308303328410951,False
shortlife_objective,historical28,q50,Batch3,30,935.0,921.805985136314,1.411124584351443,False
shortlife_objective,historical28,q50,Batch3,31,731.0,791.9497058024486,8.337853050950567,False
shortlife_objective,historical28,q50,Batch3,33,1284.0,1069.1262080017584,16.734719002978316,False
shortlife_objective,historical28,q50,Batch3,34,1158.0,1024.1643280473206,11.55748462458371,False
shortlife_objective,historical28,q50,Batch3,35,1093.0,988.8873217183886,9.525405149278257,False
shortlife_objective,historical28,q50,Batch3,36,923.0,998.1546669215152,8.142434119340768,False
shortlife_objective,historical28,q50,Batch3,37,1390.0,1419.377779234041,2.113509297413045,False
shortlife_objective,historical28,q50,Batch3,38,1935.0,1042.2975636863862,46.134492832744904,False
shortlife_objective,historical28,q50,Batch3,39,1156.0,1098.3920401745872,4.983387528149893,False
shortlife_objective,historical28,q50,Batch3,40,796.0,1018.9071330120328,28.003408669853364,False
shortlife_objective,historical28,q50,Batch3,41,786.0,981.2396575845086,24.839651092176663,False
shortlife_objective,historical28,q50,Batch3,42,1642.0,1044.361154057719,36.39700645202686,False
shortlife_objective,historical28,q50,Batch3,43,1046.0,1029.6892280065972,1.5593472269027528,False
shortlife_objective,historical28,q50,Batch3,44,940.0,937.3863834256944,0.2780443164154813,False
shortlife_objective,historical28,q50,Batch3,45,1801.0,1131.384306192847,37.18021620250712,False
shortlife_objective,historical28,q30,Holdout,26,870.0,738.9540995600846,15.062747177001768,False
shortlife_objective,historical28,q30,Holdout,27,842.0,762.6104701946699,9.428685250039203,False
shortlife_objective,historical28,q30,Holdout,30,709.0,718.5185180039608,1.342527221997295,False
shortlife_objective,historical28,q30,Holdout,35,703.0,729.8066961708275,3.813185799548725,False
shortlife_objective,historical28,q30,Holdout,40,966.0,844.1207718269629,12.616897326401352,False
shortlife_objective,historical28,q30,Holdout,44,616.0,587.4613077011726,4.632904593965489,False
shortlife_objective,historical28,q30,Holdout,45,599.0,589.318858415826,1.6162172928504246,False
shortlife_objective,historical28,q30,Holdout,9,1054.0,845.8079241812227,19.752568863261605,False
shortlife_objective,historical28,q30,Batch2,0,477.0,614.386669014347,28.80223669063879,False
shortlife_objective,historical28,q30,Batch2,1,491.0,537.850111535959,9.54177424357616,False
shortlife_objective,historical28,q30,Batch2,2,424.0,603.4585619054096,42.32513252486076,False
shortlife_objective,historical28,q30,Batch2,3,499.0,618.0183381242354,23.85137036557823,False
shortlife_objective,historical28,q30,Batch2,4,444.0,511.3374351086139,15.166088988426548,False
shortlife_objective,historical28,q30,Batch2,5,416.0,452.0278003616458,8.660528933087933,False
shortlife_objective,historical28,q30,Batch2,6,393.0,631.6890498665377,60.73512719250324,False
shortlife_objective,historical28,q30,Batch2,7,777.0,915.4975272272648,17.824649578798553,False
shortlife_objective,historical28,q30,Batch2,8,904.0,863.217057187085,4.511387479304762,False
shortlife_objective,historical28,q30,Batch2,9,791.0,961.1070004471904,21.50530979104808,False
shortlife_objective,historical28,q30,Batch2,10,492.0,599.6772076470947,21.885611310385112,False
shortlife_objective,historical28,q30,Batch2,11,449.0,613.6296195198878,36.66583953672334,False
shortlife_objective,historical28,q30,Batch2,12,466.0,485.2317283783014,4.126980338691287,False
shortlife_objective,historical28,q30,Batch2,13,460.0,556.6173701999328,21.00377613042017,False
shortlife_objective,historical28,q30,Batch2,14,426.0,465.2299217523449,9.208901819799276,False
shortlife_objective,historical28,q30,Batch2,15,396.0,626.1119211177645,58.10907098933447,False
shortlife_objective,historical28,q30,Batch2,16,472.0,617.4674090428649,30.81936632264087,False
shortlife_objective,historical28,q30,Batch2,17,471.0,619.677239848903,31.566292961550538,False
shortlife_objective,historical28,q30,Batch2,18,449.0,703.3916955562896,56.65739321966362,False
shortlife_objective,historical28,q30,Batch2,19,392.0,535.3853559037733,36.577896914227885,False
shortlife_objective,historical28,q30,Batch2,20,489.0,595.7961727832314,21.83970813563015,False
shortlife_objective,historical28,q30,Batch2,21,408.0,549.4299784679995,34.66421040882341,False
shortlife_objective,historical28,q30,Batch2,24,514.0,676.5259263414258,31.61983002751475,False
shortlife_objective,historical28,q30,Batch2,25,493.0,633.4843129130018,28.49580383630867,False
shortlife_objective,historical28,q30,Batch2,26,450.0,507.10912912392695,12.690917583094878,False
shortlife_objective,historical28,q30,Batch2,27,474.0,613.9574299616057,29.526883958144666,False
shortlife_objective,historical28,q30,Batch2,28,437.0,588.5579697227778,34.68145760246631,False
shortlife_objective,historical28,q30,Batch2,29,452.0,622.8744168250935,37.804074518825985,False
shortlife_objective,historical28,q30,Batch2,30,412.0,492.28666481238366,19.48705456611254,False
shortlife_objective,historical28,q30,Batch2,31,425.0,559.817402524511,31.72174177047316,False
shortlife_objective,historical28,q30,Batch2,32,809.0,874.965181414005,8.153916120396165,False
shortlife_objective,historical28,q30,Batch2,33,1140.0,915.4806310934208,19.694681483033253,False
shortlife_objective,historical28,q30,Batch2,34,1186.0,1003.2393628763396,15.409834496092786,False
shortlife_objective,historical28,q30,Batch2,41,442.0,487.01048727990144,10.18336816287363,False
shortlife_objective,historical28,q30,Batch2,42,474.0,612.494769334458,29.2183057667633,False
shortlife_objective,historical28,q30,Batch2,43,1029.0,931.722707629253,9.453575546233914,False
shortlife_objective,historical28,q30,Batch2,44,841.0,969.2365303610992,15.248101113091462,False
shortlife_objective,historical28,q30,Batch2,45,997.0,892.6615049379025,10.46524524193556,False
shortlife_objective,historical28,q30,Batch2,46,503.0,623.1280186943914,23.88230987960067,False
shortlife_objective,historical28,q30,Batch3,0,1009.0,920.9359213429384,8.727857151344073,False
shortlife_objective,historical28,q30,Batch3,1,1063.0,937.28892383663,11.826065490439332,False
shortlife_objective,historical28,q30,Batch3,2,1267.0,1137.0456276087102,10.256856542327528,False
shortlife_objective,historical28,q30,Batch3,3,1115.0,868.9549863861703,22.066817364469035,False
shortlife_objective,historical28,q30,Batch3,4,1048.0,893.9764180577909,14.69690667387492,False
shortlife_objective,historical28,q30,Batch3,5,828.0,868.0716442211276,4.839570558107198,False
shortlife_objective,historical28,q30,Batch3,6,667.0,629.9369670249264,5.556676607957063,False
shortlife_objective,historical28,q30,Batch3,7,1836.0,1019.4828168742596,44.47261346000763,False
shortlife_objective,historical28,q30,Batch3,8,828.0,858.9217992402657,3.7345168164572136,False
shortlife_objective,historical28,q30,Batch3,9,1039.0,814.626456170216,21.595143775725123,False
shortlife_objective,historical28,q30,Batch3,10,1078.0,988.1801857007996,8.332079248534361,False
shortlife_objective,historical28,q30,Batch3,11,817.0,775.2380913797506,5.111616722184751,False
shortlife_objective,historical28,q30,Batch3,12,932.0,800.2639359579687,14.134770819960442,False
shortlife_objective,historical28,q30,Batch3,13,816.0,859.9988687893007,5.392018233982925,False
shortlife_objective,historical28,q30,Batch3,14,858.0,821.6528960093381,4.236259206370855,False
shortlife_objective,historical28,q30,Batch3,15,876.0,822.0641605966215,6.157059292623117,False
shortlife_objective,historical28,q30,Batch3,16,1638.0,1102.717012997311,32.6790590355732,False
shortlife_objective,historical28,q30,Batch3,17,1315.0,999.6506139395065,23.980941905740963,False
shortlife_objective,historical28,q30,Batch3,18,1146.0,924.5509777761636,19.32364940871173,False
shortlife_objective,historical28,q30,Batch3,19,1155.0,891.3375510639194,22.82791765680352,False
shortlife_objective,historical28,q30,Batch3,20,813.0,848.6236448232597,4.381752130782254,False
shortlife_objective,historical28,q30,Batch3,21,772.0,702.1878874803658,9.0430197564293,False
shortlife_objective,historical28,q30,Batch3,22,1002.0,840.7269044238094,16.095119318981098,False
shortlife_objective,historical28,q30,Batch3,24,825.0,884.5877324659214,7.22275545041471,False
shortlife_objective,historical28,q30,Batch3,25,989.0,881.0709209324086,10.912950360727136,False
shortlife_objective,historical28,q30,Batch3,26,1028.0,910.5777424792192,11.422398591515632,False
shortlife_objective,historical28,q30,Batch3,27,850.0,874.4256433628342,2.8736051015099053,False
shortlife_objective,historical28,q30,Batch3,28,541.0,599.9837284410999,10.90272244752308,False
shortlife_objective,historical28,q30,Batch3,29,858.0,847.5037529551921,1.2233388164111756,False
shortlife_objective,historical28,q30,Batch3,30,935.0,862.3284007745724,7.772363553521668,False
shortlife_objective,historical28,q30,Batch3,31,731.0,756.9069700754123,3.544045153955177,False
shortlife_objective,historical28,q30,Batch3,33,1284.0,981.927612649912,23.52588686527166,False
shortlife_objective,historical28,q30,Batch3,34,1158.0,945.426137819156,18.35698291717133,False
shortlife_objective,historical28,q30,Batch3,35,1093.0,916.7871494155396,16.121944243774966,False
shortlife_objective,historical28,q30,Batch3,36,923.0,924.3106730765307,0.1420014167422261,False
shortlife_objective,historical28,q30,Batch3,37,1390.0,1266.2729052560785,8.901229837692194,False
shortlife_objective,historical28,q30,Batch3,38,1935.0,960.1472714761614,50.37998597022422,False
shortlife_objective,historical28,q30,Batch3,39,1156.0,1005.6865399354292,13.002894469253528,False
shortlife_objective,historical28,q30,Batch3,40,796.0,941.1581807752024,18.23595235869377,False
shortlife_objective,historical28,q30,Batch3,41,786.0,910.5785340244622,15.849686262654224,False
shortlife_objective,historical28,q30,Batch3,42,1642.0,961.8225593439404,41.4237174577381,False
shortlife_objective,historical28,q30,Batch3,43,1046.0,949.9114261792142,9.186288128182197,False
shortlife_objective,historical28,q30,Batch3,44,940.0,874.9770604077834,6.917333999171982,False
shortlife_objective,historical28,q30,Batch3,45,1801.0,1032.470703962722,42.67236513255292,False
